em, 0.00
em, 0.00
em, 0.00
em, 0.00
em, 0.00
em, 0.00
em, 0.00
em, 0.00
em, 0.00
em, 0.00
em, 0.00
em, 0.00
em, 0.00
em, 0.00
em, 0.00
em, 0.00
em, 0.00
em, 0.00
em, 0.00
em, 0.00
em, 0.00
em, 0.00
em, 0.00
em, 0.00
em, 0.00
em, 0.00
em, 0.00
em, 0.00
em, 0.00
em, 0.00
em, 0.00
em, 0.00
em, 0.01
em, 0.01
em, 0.01
em, 0.01
em, 0.01
em, 0.01
em, 0.01
em, 0.01
em, 0.01
em, 0.01
em, 0.01
em, 0.01
em, 0.01
em, 0.01
em, 0.01
em, 0.01
em, 0.01
em, 0.01
em, 0.01
em, 0.01
em, 0.01
em, 0.01
em, 0.01
em, 0.01
em, 0.01
em, 0.01
em, 0.01
em, 0.01
em, 0.01
em, 0.01
em, 0.01
em, 0.01
em, 0.01
em, 0.01
em, 0.01
em, 0.01
em, 0.01
em, 0.01
em, 0.01
em, 0.01
em, 0.01
em, 0.01
em, 0.01
em, 0.01
em, 0.01
em, 0.01
em, 0.01
em, 0.01
em, 0.01
em, 0.01
em, 0.01
em, 0.01
em, 0.01
em, 0.01
em, 0.01
em, 0.01
em, 0.01
em, 0.01
em, 0.01
em, 0.01
em, 0.01
em, 0.01
em, 0.01
em, 0.01
em, 0.01
em, 0.01
em, 0.01
em, 0.01
em, 0.01
em, 0.01
em, 0.01
em, 0.01
em, 0.01
em, 0.01
em, 0.01
em, 0.01
em, 0.01
em, 0.01
em, 0.01
em, 0.01
em, 0.01
em, 0.01
em, 0.01
em, 0.01
em, 0.01
em, 0.01
em, 0.01
em, 0.01
em, 0.01
em, 0.01
em, 0.01
em, 0.01
em, 0.01
em, 0.01
em, 0.01
em, 0.01
em, 0.01
em, 0.01
em, 0.01
em, 0.01
em, 0.01
em, 0.01
em, 0.01
em, 0.01
em, 0.01
em, 0.01
em, 0.01
em, 0.01
em, 0.01
em, 0.01
em, 0.01
em, 0.01
em, 0.01
em, 0.01
em, 0.01
em, 0.01
em, 0.01
em, 0.01
em, 0.01
em, 0.01
em, 0.01
em, 0.01
em, 0.01
em, 0.01
em, 0.01
em, 0.01
em, 0.01
em, 0.01
em, 0.01
em, 0.01
em, 0.01
em, 0.01
em, 0.01
em, 0.01
em, 0.01
em, 0.01
em, 0.01
em, 0.01
em, 0.01
em, 0.01
em, 0.01
em, 0.01
em, 0.01
em, 0.01
em, 0.01
em, 0.01
em, 0.01
em, 0.01
em, 0.01
em, 0.01
em, 0.01
em, 0.01
em, 0.01
em, 0.01
em, 0.01
em, 0.01
em, 0.01
em, 0.01
em, 0.01
em, 0.01
em, 0.01
em, 0.01
em, 0.01
em, 0.01
em, 0.01
em, 0.01
em, 0.01
em, 0.01
em, 0.01
em, 0.01
em, 0.01
em, 0.02
em, 0.02
em, 0.02
em, 0.01
em, 0.01
em, 0.01
em, 0.01
em, 0.02
em, 0.02
em, 0.02
em, 0.01
em, 0.01
em, 0.01
em, 0.01
em, 0.02
em, 0.02
em, 0.02
em, 0.02
em, 0.02
em, 0.02
em, 0.02
em, 0.02
em, 0.02
em, 0.02
em, 0.02
em, 0.02
em, 0.02
em, 0.02
em, 0.02
em, 0.02
em, 0.02
em, 0.02
em, 0.02
em, 0.02
em, 0.02
em, 0.02
em, 0.02
em, 0.02
em, 0.02
em, 0.02
em, 0.02
em, 0.02
em, 0.02
em, 0.02
em, 0.02
em, 0.02
em, 0.02
em, 0.02
em, 0.02
em, 0.02
em, 0.02
em, 0.02
em, 0.02
em, 0.02
em, 0.02
em, 0.02
em, 0.02
em, 0.02
em, 0.02
em, 0.02
em, 0.02
em, 0.02
em, 0.02
em, 0.02
em, 0.02
em, 0.02
em, 0.02
em, 0.02
em, 0.02
em, 0.02
em, 0.02
em, 0.02
em, 0.02
em, 0.02
em, 0.02
em, 0.02
em, 0.02
em, 0.02
em, 0.02
em, 0.02
em, 0.02
em, 0.02
em, 0.02
em, 0.02
em, 0.02
em, 0.02
em, 0.02
em, 0.02
em, 0.02
em, 0.02
em, 0.02
em, 0.02
em, 0.02
em, 0.02
em, 0.02
em, 0.02
em, 0.02
em, 0.02
em, 0.02
em, 0.02
em, 0.02
em, 0.02
em, 0.02
em, 0.02
em, 0.02
em, 0.02
em, 0.02
em, 0.02
em, 0.02
em, 0.02
em, 0.02
em, 0.02
em, 0.02
em, 0.02
em, 0.02
em, 0.02
em, 0.02
em, 0.02
em, 0.02
em, 0.02
em, 0.02
em, 0.02
em, 0.02
em, 0.02
em, 0.02
em, 0.02
em, 0.02
em, 0.02
em, 0.02
em, 0.02
em, 0.02
em, 0.02
em, 0.02
em, 0.02
em, 0.02
em, 0.02
em, 0.02
em, 0.02
em, 0.02
em, 0.02
em, 0.02
em, 0.02
em, 0.02
em, 0.02
em, 0.02
em, 0.02
em, 0.02
em, 0.02
em, 0.02
em, 0.02
em, 0.02
em, 0.02
em, 0.02
em, 0.02
em, 0.02
em, 0.02
em, 0.02
em, 0.02
em, 0.02
em, 0.02
em, 0.02
em, 0.02
em, 0.02
em, 0.02
em, 0.02
em, 0.02
em, 0.02
em, 0.02
em, 0.02
em, 0.02
em, 0.02
em, 0.02
em, 0.02
em, 0.02
em, 0.02
em, 0.02
em, 0.02
em, 0.02
em, 0.02
em, 0.02
em, 0.02
em, 0.02
em, 0.02
em, 0.02
em, 0.02
em, 0.02
em, 0.02
em, 0.02
em, 0.02
em, 0.02
em, 0.02
em, 0.02
em, 0.02
em, 0.02
em, 0.02
em, 0.02
em, 0.02
em, 0.02
em, 0.02
em, 0.02
em, 0.02
em, 0.02
em, 0.02
em, 0.02
em, 0.02
em, 0.02
em, 0.02
em, 0.02
em, 0.02
em, 0.02
em, 0.02
em, 0.02
em, 0.02
em, 0.02
em, 0.02
em, 0.02
em, 0.02
em, 0.02
em, 0.02
em, 0.02
em, 0.02
em, 0.02
em, 0.02
em, 0.02
em, 0.02
em, 0.02
em, 0.02
em, 0.02
em, 0.02
em, 0.02
em, 0.02
em, 0.02
em, 0.02
em, 0.02
em, 0.02
em, 0.02
em, 0.02
em, 0.02
em, 0.02
em, 0.02
em, 0.02
em, 0.02
em, 0.02
em, 0.02
em, 0.02
em, 0.02
em, 0.02
em, 0.02
em, 0.02
em, 0.02
em, 0.02
em, 0.02
em, 0.02
em, 0.02
em, 0.02
em, 0.02
em, 0.02
em, 0.02
em, 0.02
em, 0.02
em, 0.02
em, 0.02
em, 0.02
em, 0.02
em, 0.02
em, 0.02
em, 0.02
em, 0.02
em, 0.02
em, 0.02
em, 0.02
em, 0.02
em, 0.02
em, 0.02
em, 0.02
em, 0.02
em, 0.02
em, 0.02
em, 0.02
em, 0.02
em, 0.02
em, 0.02
em, 0.02
em, 0.02
em, 0.02
em, 0.02
em, 0.02
em, 0.02
em, 0.02
em, 0.02
em, 0.02
em, 0.02
em, 0.02
em, 0.02
em, 0.02
em, 0.02
em, 0.02
em, 0.02
em, 0.02
em, 0.02
em, 0.02
em, 0.02
em, 0.02
em, 0.02
em, 0.02
em, 0.02
em, 0.02
em, 0.02
em, 0.02
em, 0.02
em, 0.02
em, 0.02
em, 0.02
em, 0.02
em, 0.02
em, 0.02
em, 0.02
em, 0.02
em, 0.02
em, 0.02
em, 0.02
em, 0.02
em, 0.02
em, 0.02
em, 0.02
em, 0.02
em, 0.02
em, 0.02
em, 0.02
em, 0.02
em, 0.02
em, 0.02
em, 0.02
em, 0.02
em, 0.02
em, 0.02
em, 0.02
em, 0.02
em, 0.02
em, 0.02
em, 0.02
em, 0.02
em, 0.02
em, 0.02
em, 0.02
em, 0.02
em, 0.02
em, 0.02
em, 0.02
em, 0.02
em, 0.02
em, 0.02
em, 0.02
em, 0.02
em, 0.02
em, 0.02
em, 0.02
em, 0.02
em, 0.03
em, 0.03
em, 0.03
em, 0.03
em, 0.03
em, 0.03
em, 0.03
em, 0.03
em, 0.03
em, 0.03
em, 0.03
em, 0.03
em, 0.03
em, 0.03
em, 0.03
em, 0.03
em, 0.03
em, 0.03
em, 0.03
em, 0.03
em, 0.03
em, 0.03
em, 0.03
em, 0.03
em, 0.03
em, 0.03
em, 0.03
em, 0.03
em, 0.03
em, 0.03
em, 0.03
em, 0.03
em, 0.03
em, 0.03
em, 0.03
em, 0.03
em, 0.03
em, 0.03
em, 0.03
em, 0.03
em, 0.03
em, 0.03
em, 0.03
em, 0.03
em, 0.03
em, 0.03
em, 0.03
em, 0.03
em, 0.03
em, 0.03
em, 0.03
em, 0.03
em, 0.03
em, 0.03
em, 0.03
em, 0.03
em, 0.03
em, 0.03
em, 0.03
em, 0.03
em, 0.03
em, 0.03
em, 0.03
em, 0.03
em, 0.03
em, 0.03
em, 0.03
em, 0.03
em, 0.03
em, 0.03
em, 0.03
em, 0.03
em, 0.03
em, 0.03
em, 0.03
em, 0.03
em, 0.03
em, 0.03
em, 0.03
em, 0.03
em, 0.03
em, 0.03
em, 0.03
em, 0.03
em, 0.03
em, 0.03
em, 0.03
em, 0.03
em, 0.03
em, 0.03
em, 0.03
em, 0.03
em, 0.03
em, 0.03
em, 0.03
em, 0.03
em, 0.03
em, 0.03
em, 0.03
em, 0.03
em, 0.03
em, 0.03
em, 0.03
em, 0.03
em, 0.03
em, 0.03
em, 0.03
em, 0.03
em, 0.03
em, 0.03
em, 0.03
em, 0.03
em, 0.03
em, 0.03
em, 0.03
em, 0.03
em, 0.03
em, 0.03
em, 0.03
em, 0.03
em, 0.03
em, 0.03
em, 0.03
em, 0.03
em, 0.03
em, 0.03
em, 0.03
em, 0.03
em, 0.03
em, 0.03
em, 0.03
em, 0.03
em, 0.03
em, 0.03
em, 0.03
em, 0.03
em, 0.03
em, 0.03
em, 0.03
em, 0.03
em, 0.03
em, 0.03
em, 0.03
em, 0.03
em, 0.03
em, 0.03
em, 0.03
em, 0.03
em, 0.03
em, 0.03
em, 0.03
em, 0.03
em, 0.03
em, 0.03
em, 0.03
em, 0.03
em, 0.03
em, 0.03
em, 0.03
em, 0.03
em, 0.03
em, 0.03
em, 0.03
em, 0.03
em, 0.03
em, 0.03
em, 0.03
em, 0.03
em, 0.03
em, 0.03
em, 0.03
em, 0.03
em, 0.03
em, 0.03
em, 0.03
em, 0.03
em, 0.03
em, 0.03
em, 0.03
em, 0.03
em, 0.03
em, 0.03
em, 0.03
em, 0.03
em, 0.03
em, 0.03
em, 0.03
em, 0.03
em, 0.03
em, 0.03
em, 0.03
em, 0.03
em, 0.03
em, 0.03
em, 0.03
em, 0.03
em, 0.03
em, 0.03
em, 0.03
em, 0.03
em, 0.03
em, 0.03
em, 0.03
em, 0.03
em, 0.03
em, 0.03
em, 0.03
em, 0.03
em, 0.03
em, 0.03
em, 0.03
em, 0.03
em, 0.03
em, 0.03
em, 0.03
em, 0.03
em, 0.03
em, 0.03
em, 0.03
em, 0.03
em, 0.03
em, 0.03
em, 0.03
em, 0.03
em, 0.03
em, 0.03
em, 0.03
em, 0.03
em, 0.03
em, 0.03
em, 0.03
em, 0.03
em, 0.03
em, 0.03
em, 0.03
em, 0.03
em, 0.03
em, 0.03
em, 0.03
em, 0.03
em, 0.03
em, 0.03
em, 0.03
em, 0.03
em, 0.03
em, 0.03
em, 0.03
em, 0.03
em, 0.03
em, 0.03
em, 0.03
em, 0.03
em, 0.03
em, 0.03
em, 0.03
em, 0.03
em, 0.03
em, 0.03
em, 0.03
em, 0.03
em, 0.03
em, 0.03
em, 0.03
em, 0.03
em, 0.03
em, 0.03
em, 0.03
em, 0.03
em, 0.03
em, 0.03
em, 0.03
em, 0.03
em, 0.03
em, 0.03
em, 0.03
em, 0.03
em, 0.03
em, 0.03
em, 0.03
em, 0.03
em, 0.03
em, 0.03
em, 0.03
em, 0.03
em, 0.03
em, 0.03
em, 0.03
em, 0.03
em, 0.03
em, 0.03
em, 0.03
em, 0.03
em, 0.03
em, 0.03
em, 0.03
em, 0.03
em, 0.03
em, 0.03
em, 0.03
em, 0.03
em, 0.03
em, 0.03
em, 0.03
em, 0.03
em, 0.03
em, 0.03
em, 0.03
em, 0.03
em, 0.03
em, 0.03
em, 0.03
em, 0.03
em, 0.04
em, 0.04
em, 0.04
em, 0.04
em, 0.04
em, 0.04
em, 0.04
em, 0.04
em, 0.04
em, 0.04
em, 0.04
em, 0.04
em, 0.04
em, 0.04
em, 0.04
em, 0.04
em, 0.04
em, 0.04
em, 0.04
em, 0.04
em, 0.04
em, 0.04
em, 0.04
em, 0.04
em, 0.04
em, 0.04
em, 0.04
em, 0.04
em, 0.04
em, 0.04
em, 0.04
em, 0.04
em, 0.04
em, 0.04
em, 0.04
em, 0.04
em, 0.04
em, 0.04
em, 0.04
em, 0.04
em, 0.04
em, 0.04
em, 0.04
em, 0.04
em, 0.04
em, 0.04
em, 0.04
em, 0.04
em, 0.04
em, 0.04
em, 0.04
em, 0.04
em, 0.04
em, 0.04
em, 0.04
em, 0.04
em, 0.04
em, 0.04
em, 0.04
em, 0.04
em, 0.04
em, 0.04
em, 0.04
em, 0.04
em, 0.04
em, 0.04
em, 0.04
em, 0.04
em, 0.04
em, 0.04
em, 0.04
em, 0.04
em, 0.04
em, 0.04
em, 0.04
em, 0.04
em, 0.04
em, 0.04
em, 0.04
em, 0.04
em, 0.04
em, 0.04
em, 0.04
em, 0.04
em, 0.04
em, 0.04
em, 0.04
em, 0.04
em, 0.04
em, 0.04
em, 0.04
em, 0.04
em, 0.04
em, 0.04
em, 0.04
em, 0.04
em, 0.04
em, 0.04
em, 0.04
em, 0.04
em, 0.04
em, 0.04
em, 0.04
em, 0.04
em, 0.04
em, 0.04
em, 0.04
em, 0.04
em, 0.04
em, 0.04
em, 0.04
em, 0.04
em, 0.04
em, 0.04
em, 0.04
em, 0.04
em, 0.04
em, 0.04
em, 0.04
em, 0.04
em, 0.04
em, 0.04
em, 0.04
em, 0.04
em, 0.04
em, 0.04
em, 0.04
em, 0.04
em, 0.04
em, 0.04
em, 0.04
em, 0.04
em, 0.04
em, 0.04
em, 0.04
em, 0.04
em, 0.04
em, 0.04
em, 0.04
em, 0.04
em, 0.04
em, 0.04
em, 0.04
em, 0.04
em, 0.04
em, 0.04
em, 0.04
em, 0.04
em, 0.04
em, 0.04
em, 0.04
em, 0.04
em, 0.04
em, 0.04
em, 0.04
em, 0.04
em, 0.04
em, 0.04
em, 0.04
em, 0.04
em, 0.04
em, 0.04
em, 0.04
em, 0.04
em, 0.04
em, 0.04
em, 0.04
em, 0.04
em, 0.04
em, 0.04
em, 0.04
em, 0.04
em, 0.04
em, 0.04
em, 0.04
em, 0.04
em, 0.04
em, 0.04
em, 0.04
em, 0.04
em, 0.04
em, 0.04
em, 0.04
em, 0.04
em, 0.04
em, 0.04
em, 0.04
em, 0.04
em, 0.04
em, 0.04
em, 0.04
em, 0.04
em, 0.04
em, 0.04
em, 0.04
em, 0.04
em, 0.04
em, 0.04
em, 0.04
em, 0.04
em, 0.04
em, 0.04
em, 0.04
em, 0.04
em, 0.04
em, 0.04
em, 0.04
em, 0.04
em, 0.04
em, 0.04
em, 0.04
em, 0.04
em, 0.04
em, 0.04
em, 0.04
em, 0.04
em, 0.04
em, 0.04
em, 0.04
em, 0.04
em, 0.04
em, 0.04
em, 0.04
em, 0.04
em, 0.04
em, 0.04
em, 0.04
em, 0.05
em, 0.05
em, 0.04
em, 0.05
em, 0.05
em, 0.05
em, 0.05
em, 0.05
em, 0.05
em, 0.05
em, 0.05
em, 0.05
em, 0.05
em, 0.05
em, 0.05
em, 0.05
em, 0.05
em, 0.05
em, 0.05
em, 0.05
em, 0.05
em, 0.05
em, 0.05
em, 0.05
em, 0.05
em, 0.05
em, 0.05
em, 0.05
em, 0.05
em, 0.05
em, 0.05
em, 0.05
em, 0.05
em, 0.05
em, 0.05
em, 0.05
em, 0.05
em, 0.05
em, 0.05
em, 0.05
em, 0.05
em, 0.05
em, 0.05
em, 0.05
em, 0.05
em, 0.05
em, 0.05
em, 0.05
em, 0.05
em, 0.05
em, 0.05
em, 0.05
em, 0.05
em, 0.05
em, 0.05
em, 0.05
em, 0.05
em, 0.05
em, 0.05
em, 0.05
em, 0.05
em, 0.05
em, 0.05
em, 0.05
em, 0.05
em, 0.05
em, 0.05
em, 0.05
em, 0.05
em, 0.05
em, 0.05
em, 0.05
em, 0.05
em, 0.05
em, 0.05
em, 0.05
em, 0.05
em, 0.05
em, 0.05
em, 0.05
em, 0.05
em, 0.05
em, 0.05
em, 0.05
em, 0.05
em, 0.05
em, 0.05
em, 0.05
em, 0.05
em, 0.05
em, 0.05
em, 0.05
em, 0.05
em, 0.05
em, 0.05
em, 0.05
em, 0.05
em, 0.05
em, 0.05
em, 0.05
em, 0.05
em, 0.05
em, 0.05
em, 0.05
em, 0.05
em, 0.05
em, 0.05
em, 0.05
em, 0.05
em, 0.05
em, 0.05
em, 0.05
em, 0.05
em, 0.05
em, 0.05
em, 0.05
em, 0.05
em, 0.05
em, 0.05
em, 0.05
em, 0.05
em, 0.05
em, 0.05
em, 0.05
em, 0.05
em, 0.05
em, 0.05
em, 0.05
em, 0.05
em, 0.05
em, 0.05
em, 0.05
em, 0.05
em, 0.05
em, 0.05
em, 0.05
em, 0.05
em, 0.05
em, 0.05
em, 0.05
em, 0.05
em, 0.05
em, 0.05
em, 0.05
em, 0.05
em, 0.05
em, 0.05
em, 0.05
em, 0.05
em, 0.05
em, 0.05
em, 0.05
em, 0.05
em, 0.05
em, 0.05
em, 0.05
em, 0.05
em, 0.05
em, 0.05
em, 0.05
em, 0.05
em, 0.05
em, 0.05
em, 0.05
em, 0.05
em, 0.05
em, 0.05
em, 0.05
em, 0.05
em, 0.05
em, 0.05
em, 0.05
em, 0.05
em, 0.05
em, 0.05
em, 0.05
em, 0.05
em, 0.05
em, 0.05
em, 0.05
em, 0.05
em, 0.05
em, 0.05
em, 0.05
em, 0.05
em, 0.05
em, 0.05
em, 0.05
em, 0.05
em, 0.05
em, 0.05
em, 0.05
em, 0.05
em, 0.05
em, 0.05
em, 0.05
em, 0.05
em, 0.05
em, 0.05
em, 0.05
em, 0.05
em, 0.05
em, 0.05
em, 0.05
em, 0.05
em, 0.05
em, 0.05
em, 0.05
em, 0.05
em, 0.05
em, 0.05
em, 0.05
em, 0.05
em, 0.05
em, 0.05
em, 0.05
em, 0.05
em, 0.05
em, 0.05
em, 0.05
em, 0.05
em, 0.05
em, 0.05
em, 0.05
em, 0.05
em, 0.05
em, 0.05
em, 0.05
em, 0.05
em, 0.05
em, 0.05
em, 0.05
em, 0.05
em, 0.06
em, 0.06
em, 0.06
em, 0.05
em, 0.05
em, 0.06
em, 0.06
em, 0.06
em, 0.05
em, 0.06
em, 0.05
em, 0.06
em, 0.05
em, 0.05
em, 0.05
em, 0.06
em, 0.06
em, 0.06
em, 0.06
em, 0.06
em, 0.06
em, 0.06
em, 0.06
em, 0.06
em, 0.06
em, 0.06
em, 0.06
em, 0.06
em, 0.06
em, 0.06
em, 0.06
em, 0.06
em, 0.06
em, 0.06
em, 0.06
em, 0.06
em, 0.06
em, 0.06
em, 0.06
em, 0.06
em, 0.06
em, 0.06
em, 0.06
em, 0.06
em, 0.06
em, 0.06
em, 0.06
em, 0.06
em, 0.06
em, 0.06
em, 0.06
em, 0.06
em, 0.06
em, 0.06
em, 0.06
em, 0.06
em, 0.06
em, 0.06
em, 0.06
em, 0.06
em, 0.06
em, 0.06
em, 0.06
em, 0.06
em, 0.06
em, 0.06
em, 0.06
em, 0.06
em, 0.06
em, 0.06
em, 0.06
em, 0.06
em, 0.06
em, 0.06
em, 0.06
em, 0.06
em, 0.06
em, 0.06
em, 0.06
em, 0.06
em, 0.06
em, 0.06
em, 0.06
em, 0.06
em, 0.06
em, 0.06
em, 0.06
em, 0.06
em, 0.06
em, 0.06
em, 0.06
em, 0.06
em, 0.06
em, 0.06
em, 0.06
em, 0.06
em, 0.06
em, 0.06
em, 0.06
em, 0.06
em, 0.06
em, 0.06
em, 0.06
em, 0.06
em, 0.06
em, 0.06
em, 0.06
em, 0.06
em, 0.06
em, 0.06
em, 0.06
em, 0.06
em, 0.06
em, 0.06
em, 0.06
em, 0.06
em, 0.06
em, 0.06
em, 0.06
em, 0.06
em, 0.06
em, 0.06
em, 0.06
em, 0.06
em, 0.06
em, 0.06
em, 0.06
em, 0.06
em, 0.06
em, 0.06
em, 0.06
em, 0.06
em, 0.06
em, 0.06
em, 0.06
em, 0.06
em, 0.06
em, 0.06
em, 0.06
em, 0.06
em, 0.06
em, 0.06
em, 0.06
em, 0.06
em, 0.06
em, 0.06
em, 0.06
em, 0.06
em, 0.06
em, 0.06
em, 0.06
em, 0.06
em, 0.06
em, 0.06
em, 0.06
em, 0.06
em, 0.06
em, 0.06
em, 0.06
em, 0.06
em, 0.06
em, 0.06
em, 0.06
em, 0.06
em, 0.06
em, 0.06
em, 0.06
em, 0.06
em, 0.06
em, 0.06
em, 0.06
em, 0.06
em, 0.06
em, 0.06
em, 0.06
em, 0.06
em, 0.06
em, 0.06
em, 0.06
em, 0.06
em, 0.06
em, 0.06
em, 0.06
em, 0.06
em, 0.06
em, 0.06
em, 0.06
em, 0.06
em, 0.06
em, 0.06
em, 0.06
em, 0.06
em, 0.06
em, 0.06
em, 0.06
em, 0.06
em, 0.06
em, 0.06
em, 0.06
em, 0.06
em, 0.06
em, 0.06
em, 0.06
em, 0.06
em, 0.06
em, 0.06
em, 0.06
em, 0.06
em, 0.06
em, 0.06
em, 0.06
em, 0.06
em, 0.06
em, 0.06
em, 0.06
em, 0.06
em, 0.06
em, 0.06
em, 0.06
em, 0.06
em, 0.06
em, 0.06
em, 0.06
em, 0.06
em, 0.06
em, 0.06
em, 0.06
em, 0.06
em, 0.06
em, 0.06
em, 0.06
em, 0.06
em, 0.06
em, 0.06
em, 0.06
em, 0.06
em, 0.06
em, 0.06
em, 0.06
em, 0.06
em, 0.06
em, 0.06
em, 0.06
em, 0.06
em, 0.06
em, 0.06
em, 0.06
em, 0.06
em, 0.06
em, 0.06
em, 0.06
em, 0.06
em, 0.06
em, 0.06
em, 0.06
em, 0.06
em, 0.06
em, 0.06
em, 0.06
em, 0.06
em, 0.07
em, 0.07
em, 0.07
em, 0.07
em, 0.07
em, 0.07
em, 0.07
em, 0.07
em, 0.07
em, 0.07
em, 0.07
em, 0.07
em, 0.07
em, 0.07
em, 0.07
em, 0.07
em, 0.07
em, 0.07
em, 0.07
em, 0.07
em, 0.07
em, 0.07
em, 0.07
em, 0.07
em, 0.07
em, 0.07
em, 0.07
em, 0.07
em, 0.07
em, 0.07
em, 0.07
em, 0.07
em, 0.07
em, 0.07
em, 0.07
em, 0.07
em, 0.07
em, 0.07
em, 0.07
em, 0.07
em, 0.07
em, 0.07
em, 0.07
em, 0.07
em, 0.07
em, 0.07
em, 0.07
em, 0.07
em, 0.07
em, 0.07
em, 0.07
em, 0.07
em, 0.07
em, 0.07
em, 0.07
em, 0.07
em, 0.07
em, 0.07
em, 0.07
em, 0.07
em, 0.07
em, 0.07
em, 0.07
em, 0.07
em, 0.07
em, 0.07
em, 0.07
em, 0.07
em, 0.07
em, 0.07
em, 0.07
em, 0.07
em, 0.07
em, 0.07
em, 0.07
em, 0.07
em, 0.07
em, 0.07
em, 0.07
em, 0.07
em, 0.07
em, 0.07
em, 0.07
em, 0.07
em, 0.07
em, 0.07
em, 0.07
em, 0.07
em, 0.07
em, 0.07
em, 0.07
em, 0.07
em, 0.07
em, 0.07
em, 0.07
em, 0.07
em, 0.07
em, 0.07
em, 0.07
em, 0.07
em, 0.07
em, 0.07
em, 0.07
em, 0.07
em, 0.07
em, 0.07
em, 0.07
em, 0.07
em, 0.07
em, 0.07
em, 0.07
em, 0.07
em, 0.07
em, 0.07
em, 0.07
em, 0.07
em, 0.07
em, 0.07
em, 0.07
em, 0.07
em, 0.07
em, 0.07
em, 0.07
em, 0.07
em, 0.07
em, 0.07
em, 0.07
em, 0.07
em, 0.07
em, 0.07
em, 0.07
em, 0.07
em, 0.07
em, 0.07
em, 0.07
em, 0.07
em, 0.07
em, 0.07
em, 0.07
em, 0.07
em, 0.07
em, 0.07
em, 0.07
em, 0.07
em, 0.07
em, 0.07
em, 0.07
em, 0.07
em, 0.07
em, 0.07
em, 0.07
em, 0.07
em, 0.07
em, 0.07
em, 0.07
em, 0.07
em, 0.07
em, 0.07
em, 0.07
em, 0.07
em, 0.07
em, 0.07
em, 0.07
em, 0.07
em, 0.07
em, 0.07
em, 0.07
em, 0.07
em, 0.07
em, 0.07
em, 0.07
em, 0.07
em, 0.07
em, 0.07
em, 0.07
em, 0.07
em, 0.07
em, 0.07
em, 0.07
em, 0.07
em, 0.07
em, 0.07
em, 0.07
em, 0.07
em, 0.07
em, 0.07
em, 0.07
em, 0.07
em, 0.07
em, 0.07
em, 0.07
em, 0.07
em, 0.07
em, 0.07
em, 0.07
em, 0.07
em, 0.07
em, 0.07
em, 0.07
em, 0.07
em, 0.07
em, 0.07
em, 0.07
em, 0.07
em, 0.07
em, 0.07
em, 0.07
em, 0.07
em, 0.07
em, 0.07
em, 0.07
em, 0.07
em, 0.07
em, 0.07
em, 0.07
em, 0.07
em, 0.07
em, 0.07
em, 0.07
em, 0.07
em, 0.07
em, 0.07
em, 0.07
em, 0.07
em, 0.07
em, 0.07
em, 0.07
em, 0.07
em, 0.07
em, 0.07
em, 0.07
em, 0.07
em, 0.07
em, 0.07
em, 0.07
em, 0.07
em, 0.07
em, 0.07
em, 0.07
em, 0.07
em, 0.07
em, 0.07
em, 0.07
em, 0.07
em, 0.07
em, 0.07
em, 0.07
em, 0.07
em, 0.08
em, 0.08
em, 0.08
em, 0.08
em, 0.08
em, 0.08
em, 0.08
em, 0.08
em, 0.08
em, 0.08
em, 0.08
em, 0.08
em, 0.08
em, 0.08
em, 0.08
em, 0.08
em, 0.08
em, 0.08
em, 0.08
em, 0.08
em, 0.08
em, 0.08
em, 0.08
em, 0.08
em, 0.08
em, 0.08
em, 0.08
em, 0.08
em, 0.08
em, 0.08
em, 0.08
em, 0.08
em, 0.08
em, 0.08
em, 0.08
em, 0.08
em, 0.08
em, 0.08
em, 0.08
em, 0.08
em, 0.08
em, 0.08
em, 0.08
em, 0.08
em, 0.08
em, 0.08
em, 0.08
em, 0.08
em, 0.08
em, 0.08
em, 0.08
em, 0.08
em, 0.08
em, 0.08
em, 0.08
em, 0.08
em, 0.08
em, 0.08
em, 0.08
em, 0.08
em, 0.08
em, 0.08
em, 0.08
em, 0.08
em, 0.08
em, 0.08
em, 0.08
em, 0.08
em, 0.08
em, 0.08
em, 0.08
em, 0.08
em, 0.08
em, 0.08
em, 0.08
em, 0.08
em, 0.08
em, 0.08
em, 0.08
em, 0.08
em, 0.08
em, 0.08
em, 0.08
em, 0.08
em, 0.08
em, 0.08
em, 0.08
em, 0.08
em, 0.08
em, 0.08
em, 0.08
em, 0.08
em, 0.08
em, 0.08
em, 0.08
em, 0.08
em, 0.08
em, 0.08
em, 0.08
em, 0.08
em, 0.08
em, 0.08
em, 0.08
em, 0.08
em, 0.08
em, 0.08
em, 0.08
em, 0.08
em, 0.08
em, 0.08
em, 0.08
em, 0.08
em, 0.08
em, 0.08
em, 0.08
em, 0.08
em, 0.08
em, 0.08
em, 0.08
em, 0.08
em, 0.08
em, 0.08
em, 0.08
em, 0.08
em, 0.08
em, 0.08
em, 0.08
em, 0.08
em, 0.08
em, 0.08
em, 0.08
em, 0.08
em, 0.08
em, 0.08
em, 0.08
em, 0.08
em, 0.08
em, 0.08
em, 0.08
em, 0.08
em, 0.08
em, 0.08
em, 0.08
em, 0.08
em, 0.08
em, 0.08
em, 0.08
em, 0.08
em, 0.08
em, 0.08
em, 0.08
em, 0.08
em, 0.08
em, 0.08
em, 0.08
em, 0.08
em, 0.08
em, 0.08
em, 0.08
em, 0.08
em, 0.08
em, 0.08
em, 0.08
em, 0.08
em, 0.08
em, 0.08
em, 0.08
em, 0.08
em, 0.08
em, 0.08
em, 0.08
em, 0.08
em, 0.08
em, 0.08
em, 0.08
em, 0.08
em, 0.08
em, 0.08
em, 0.08
em, 0.08
em, 0.08
em, 0.08
em, 0.08
em, 0.08
em, 0.08
em, 0.08
em, 0.08
em, 0.08
em, 0.08
em, 0.08
em, 0.08
em, 0.08
em, 0.08
em, 0.08
em, 0.08
em, 0.08
em, 0.08
em, 0.08
em, 0.08
em, 0.08
em, 0.08
em, 0.08
em, 0.08
em, 0.08
em, 0.08
em, 0.08
em, 0.08
em, 0.08
em, 0.08
em, 0.08
em, 0.08
em, 0.08
em, 0.08
em, 0.08
em, 0.08
em, 0.08
em, 0.08
em, 0.08
em, 0.08
em, 0.08
em, 0.08
em, 0.08
em, 0.08
em, 0.08
em, 0.08
em, 0.08
em, 0.08
em, 0.08
em, 0.08
em, 0.08
em, 0.08
em, 0.08
em, 0.08
em, 0.08
em, 0.08
em, 0.08
em, 0.08
em, 0.08
em, 0.08
em, 0.08
em, 0.08
em, 0.08
em, 0.08
em, 0.08
em, 0.08
em, 0.08
em, 0.08
em, 0.08
em, 0.08
em, 0.08
em, 0.08
em, 0.08
em, 0.08
em, 0.08
em, 0.08
em, 0.08
em, 0.08
em, 0.08
em, 0.08
em, 0.08
em, 0.08
em, 0.08
em, 0.08
em, 0.08
em, 0.08
em, 0.08
em, 0.08
em, 0.08
em, 0.09
em, 0.09
em, 0.09
em, 0.09
em, 0.09
em, 0.09
em, 0.09
em, 0.09
em, 0.09
em, 0.09
em, 0.09
em, 0.09
em, 0.09
em, 0.09
em, 0.09
em, 0.09
em, 0.09
em, 0.09
em, 0.09
em, 0.09
em, 0.09
em, 0.09
em, 0.09
em, 0.09
em, 0.09
em, 0.09
em, 0.09
em, 0.09
em, 0.09
em, 0.09
em, 0.09
em, 0.09
em, 0.09
em, 0.09
em, 0.09
em, 0.09
em, 0.09
em, 0.09
em, 0.09
em, 0.09
em, 0.09
em, 0.09
em, 0.09
em, 0.09
em, 0.09
em, 0.09
em, 0.09
em, 0.09
em, 0.09
em, 0.09
em, 0.09
em, 0.09
em, 0.09
em, 0.09
em, 0.09
em, 0.09
em, 0.09
em, 0.09
em, 0.09
em, 0.09
em, 0.09
em, 0.09
em, 0.09
em, 0.09
em, 0.09
em, 0.09
em, 0.09
em, 0.09
em, 0.09
em, 0.09
em, 0.09
em, 0.09
em, 0.09
em, 0.09
em, 0.09
em, 0.09
em, 0.09
em, 0.09
em, 0.09
em, 0.09
em, 0.09
em, 0.09
em, 0.09
em, 0.09
em, 0.09
em, 0.09
em, 0.09
em, 0.09
em, 0.09
em, 0.09
em, 0.09
em, 0.09
em, 0.09
em, 0.09
em, 0.09
em, 0.09
em, 0.09
em, 0.09
em, 0.09
em, 0.09
em, 0.09
em, 0.09
em, 0.09
em, 0.09
em, 0.09
em, 0.09
em, 0.09
em, 0.09
em, 0.09
em, 0.09
em, 0.09
em, 0.09
em, 0.09
em, 0.09
em, 0.09
em, 0.09
em, 0.09
em, 0.09
em, 0.09
em, 0.09
em, 0.09
em, 0.09
em, 0.09
em, 0.09
em, 0.09
em, 0.09
em, 0.09
em, 0.09
em, 0.09
em, 0.09
em, 0.09
em, 0.09
em, 0.09
em, 0.09
em, 0.09
em, 0.09
em, 0.09
em, 0.09
em, 0.09
em, 0.09
em, 0.09
em, 0.09
em, 0.09
em, 0.09
em, 0.09
em, 0.09
em, 0.09
em, 0.09
em, 0.09
em, 0.09
em, 0.09
em, 0.09
em, 0.09
em, 0.09
em, 0.09
em, 0.09
em, 0.09
em, 0.09
em, 0.09
em, 0.09
em, 0.09
em, 0.09
em, 0.09
em, 0.09
em, 0.09
em, 0.09
em, 0.09
em, 0.09
em, 0.09
em, 0.09
em, 0.09
em, 0.09
em, 0.09
em, 0.09
em, 0.09
em, 0.09
em, 0.09
em, 0.09
em, 0.09
em, 0.09
em, 0.09
em, 0.09
em, 0.09
em, 0.09
em, 0.09
em, 0.09
em, 0.09
em, 0.09
em, 0.09
em, 0.09
em, 0.09
em, 0.09
em, 0.09
em, 0.09
em, 0.09
em, 0.09
em, 0.09
em, 0.09
em, 0.09
em, 0.09
em, 0.09
em, 0.09
em, 0.09
em, 0.09
em, 0.09
em, 0.09
em, 0.09
em, 0.09
em, 0.09
em, 0.09
em, 0.09
em, 0.09
em, 0.09
em, 0.09
em, 0.09
em, 0.09
em, 0.09
em, 0.09
em, 0.09
em, 0.09
em, 0.09
em, 0.09
em, 0.09
em, 0.09
em, 0.09
em, 0.09
em, 0.09
em, 0.09
em, 0.09
em, 0.09
em, 0.09
em, 0.09
em, 0.09
em, 0.09
em, 0.09
em, 0.09
em, 0.09
em, 0.09
em, 0.09
em, 0.09
em, 0.09
em, 0.09
em, 0.09
em, 0.09
em, 0.09
em, 0.09
em, 0.09
em, 0.09
em, 0.09
em, 0.09
em, 0.09
em, 0.09
em, 0.09
em, 0.09
em, 0.09
em, 0.09
em, 0.09
em, 0.09
em, 0.09
em, 0.09
em, 0.09
em, 0.09
em, 0.09
em, 0.09
em, 0.09
em, 0.09
em, 0.09
em, 0.09
em, 0.09
em, 0.09
em, 0.09
em, 0.09
em, 0.09
em, 0.09
em, 0.09
em, 0.09
em, 0.09
em, 0.09
em, 0.09
em, 0.09
em, 0.09
em, 0.09
em, 0.09
em, 0.09
em, 0.09
em, 0.09
em, 0.09
em, 0.09
em, 0.09
em, 0.09
em, 0.09
em, 0.09
em, 0.09
em, 0.09
em, 0.09
em, 0.09
em, 0.09
em, 0.09
em, 0.09
em, 0.09
em, 0.09
em, 0.09
em, 0.09
em, 0.09
em, 0.09
em, 0.09
em, 0.09
em, 0.09
em, 0.09
em, 0.09
em, 0.09
em, 0.09
em, 0.09
em, 0.09
em, 0.09
em, 0.09
em, 0.09
em, 0.09
em, 0.09
em, 0.09
em, 0.09
em, 0.09
em, 0.09
em, 0.09
em, 0.09
em, 0.09
em, 0.09
em, 0.09
em, 0.09
em, 0.09
em, 0.09
em, 0.09
em, 0.09
em, 0.09
em, 0.09
em, 0.09
em, 0.09
em, 0.09
em, 0.10
em, 0.10
em, 0.10
em, 0.10
em, 0.10
em, 0.10
em, 0.10
em, 0.10
em, 0.10
em, 0.10
em, 0.10
em, 0.10
em, 0.10
em, 0.10
em, 0.10
em, 0.10
em, 0.10
em, 0.10
em, 0.10
em, 0.10
em, 0.10
em, 0.10
em, 0.10
em, 0.10
em, 0.10
em, 0.10
em, 0.10
em, 0.10
em, 0.10
em, 0.10
em, 0.10
em, 0.10
em, 0.10
em, 0.10
em, 0.10
em, 0.10
em, 0.10
em, 0.10
em, 0.10
em, 0.10
em, 0.10
em, 0.10
em, 0.10
em, 0.10
em, 0.10
em, 0.10
em, 0.10
em, 0.10
em, 0.10
em, 0.10
em, 0.10
em, 0.10
em, 0.10
em, 0.10
em, 0.10
em, 0.10
em, 0.10
em, 0.10
em, 0.10
em, 0.10
em, 0.10
em, 0.10
em, 0.10
em, 0.10
em, 0.10
em, 0.10
em, 0.10
em, 0.10
em, 0.10
em, 0.10
em, 0.10
em, 0.10
em, 0.10
em, 0.10
em, 0.10
em, 0.10
em, 0.10
em, 0.10
em, 0.10
em, 0.10
em, 0.10
em, 0.10
em, 0.10
em, 0.10
em, 0.10
em, 0.10
em, 0.10
em, 0.10
em, 0.10
em, 0.10
em, 0.10
em, 0.10
em, 0.10
em, 0.10
em, 0.10
em, 0.10
em, 0.10
em, 0.10
em, 0.10
em, 0.10
em, 0.10
em, 0.10
em, 0.10
em, 0.10
em, 0.10
em, 0.10
em, 0.10
em, 0.10
em, 0.10
em, 0.10
em, 0.10
em, 0.10
em, 0.10
em, 0.10
em, 0.10
em, 0.10
em, 0.10
em, 0.10
em, 0.10
em, 0.10
em, 0.10
em, 0.10
em, 0.10
em, 0.10
em, 0.10
em, 0.10
em, 0.10
em, 0.10
em, 0.10
em, 0.10
em, 0.10
em, 0.10
em, 0.10
em, 0.10
em, 0.10
em, 0.10
em, 0.10
em, 0.10
em, 0.10
em, 0.10
em, 0.10
em, 0.10
em, 0.10
em, 0.10
em, 0.10
em, 0.10
em, 0.10
em, 0.10
em, 0.10
em, 0.10
em, 0.10
em, 0.10
em, 0.10
em, 0.10
em, 0.10
em, 0.10
em, 0.10
em, 0.10
em, 0.10
em, 0.10
em, 0.10
em, 0.10
em, 0.10
em, 0.10
em, 0.10
em, 0.10
em, 0.10
em, 0.10
em, 0.10
em, 0.10
em, 0.10
em, 0.10
em, 0.10
em, 0.10
em, 0.10
em, 0.10
em, 0.10
em, 0.10
em, 0.10
em, 0.10
em, 0.10
em, 0.10
em, 0.10
em, 0.10
em, 0.10
em, 0.10
em, 0.10
em, 0.10
em, 0.10
em, 0.10
em, 0.10
em, 0.10
em, 0.10
em, 0.10
em, 0.10
em, 0.10
em, 0.10
em, 0.10
em, 0.10
em, 0.10
em, 0.10
em, 0.10
em, 0.10
em, 0.10
em, 0.10
em, 0.10
em, 0.10
em, 0.10
em, 0.10
em, 0.10
em, 0.10
em, 0.10
em, 0.10
em, 0.10
em, 0.10
em, 0.10
em, 0.10
em, 0.10
em, 0.10
em, 0.10
em, 0.10
em, 0.10
em, 0.10
em, 0.10
em, 0.10
em, 0.10
em, 0.10
em, 0.10
em, 0.10
em, 0.10
em, 0.10
em, 0.10
em, 0.10
em, 0.10
em, 0.10
em, 0.10
em, 0.10
em, 0.10
em, 0.10
em, 0.10
em, 0.10
em, 0.10
em, 0.10
em, 0.10
em, 0.10
em, 0.10
em, 0.10
em, 0.10
em, 0.10
em, 0.10
em, 0.10
em, 0.10
em, 0.10
em, 0.10
em, 0.10
em, 0.10
em, 0.10
em, 0.10
em, 0.10
em, 0.10
em, 0.10
em, 0.10
em, 0.10
em, 0.10
em, 0.10
em, 0.10
em, 0.10
em, 0.10
em, 0.10
em, 0.10
em, 0.10
em, 0.10
em, 0.10
em, 0.10
em, 0.10
em, 0.10
em, 0.10
em, 0.10
em, 0.10
em, 0.10
em, 0.10
em, 0.10
em, 0.10
em, 0.10
em, 0.10
em, 0.10
em, 0.10
em, 0.11
em, 0.11
em, 0.11
em, 0.11
em, 0.11
em, 0.11
em, 0.11
em, 0.11
em, 0.11
em, 0.11
em, 0.11
em, 0.11
em, 0.11
em, 0.11
em, 0.11
em, 0.11
em, 0.11
em, 0.11
em, 0.11
em, 0.11
em, 0.11
em, 0.11
em, 0.11
em, 0.11
em, 0.11
em, 0.11
em, 0.11
em, 0.11
em, 0.11
em, 0.11
em, 0.11
em, 0.11
em, 0.11
em, 0.11
em, 0.11
em, 0.11
em, 0.11
em, 0.11
em, 0.11
em, 0.11
em, 0.11
em, 0.11
em, 0.11
em, 0.11
em, 0.11
em, 0.11
em, 0.11
em, 0.11
em, 0.11
em, 0.11
em, 0.11
em, 0.11
em, 0.11
em, 0.11
em, 0.11
em, 0.11
em, 0.11
em, 0.11
em, 0.11
em, 0.11
em, 0.11
em, 0.11
em, 0.11
em, 0.11
em, 0.11
em, 0.11
em, 0.11
em, 0.11
em, 0.11
em, 0.11
em, 0.11
em, 0.11
em, 0.11
em, 0.11
em, 0.11
em, 0.11
em, 0.11
em, 0.11
em, 0.11
em, 0.11
em, 0.11
em, 0.11
em, 0.11
em, 0.11
em, 0.11
em, 0.11
em, 0.11
em, 0.11
em, 0.11
em, 0.11
em, 0.11
em, 0.11
em, 0.11
em, 0.11
em, 0.11
em, 0.11
em, 0.11
em, 0.11
em, 0.11
em, 0.11
em, 0.11
em, 0.11
em, 0.11
em, 0.11
em, 0.11
em, 0.11
em, 0.11
em, 0.11
em, 0.11
em, 0.11
em, 0.11
em, 0.11
em, 0.11
em, 0.11
em, 0.11
em, 0.11
em, 0.11
em, 0.11
em, 0.11
em, 0.11
em, 0.11
em, 0.11
em, 0.11
em, 0.11
em, 0.11
em, 0.11
em, 0.11
em, 0.11
em, 0.11
em, 0.11
em, 0.11
em, 0.11
em, 0.11
em, 0.11
em, 0.11
em, 0.11
em, 0.11
em, 0.11
em, 0.11
em, 0.11
em, 0.11
em, 0.11
em, 0.11
em, 0.11
em, 0.11
em, 0.11
em, 0.11
em, 0.11
em, 0.11
em, 0.11
em, 0.11
em, 0.11
em, 0.11
em, 0.11
em, 0.11
em, 0.11
em, 0.11
em, 0.11
em, 0.11
em, 0.11
em, 0.11
em, 0.11
em, 0.11
em, 0.11
em, 0.11
em, 0.11
em, 0.11
em, 0.11
em, 0.11
em, 0.11
em, 0.11
em, 0.11
em, 0.11
em, 0.11
em, 0.11
em, 0.11
em, 0.11
em, 0.11
em, 0.11
em, 0.11
em, 0.11
em, 0.11
em, 0.11
em, 0.11
em, 0.11
em, 0.11
em, 0.11
em, 0.11
em, 0.11
em, 0.11
em, 0.11
em, 0.11
em, 0.11
em, 0.11
em, 0.11
em, 0.11
em, 0.11
em, 0.11
em, 0.11
em, 0.11
em, 0.11
em, 0.11
em, 0.11
em, 0.11
em, 0.11
em, 0.11
em, 0.11
em, 0.11
em, 0.11
em, 0.11
em, 0.11
em, 0.11
em, 0.11
em, 0.11
em, 0.11
em, 0.11
em, 0.11
em, 0.11
em, 0.11
em, 0.11
em, 0.11
em, 0.11
em, 0.11
em, 0.11
em, 0.11
em, 0.11
em, 0.11
em, 0.11
em, 0.11
em, 0.11
em, 0.11
em, 0.11
em, 0.11
em, 0.11
em, 0.11
em, 0.11
em, 0.11
em, 0.11
em, 0.11
em, 0.11
em, 0.11
em, 0.11
em, 0.11
em, 0.11
em, 0.11
em, 0.11
em, 0.11
em, 0.11
em, 0.11
em, 0.12
em, 0.12
em, 0.12
em, 0.12
em, 0.12
em, 0.12
em, 0.12
em, 0.12
em, 0.12
em, 0.12
em, 0.12
em, 0.12
em, 0.12
em, 0.12
em, 0.12
em, 0.12
em, 0.12
em, 0.12
em, 0.12
em, 0.12
em, 0.12
em, 0.12
em, 0.12
em, 0.12
em, 0.12
em, 0.12
em, 0.12
em, 0.12
em, 0.12
em, 0.12
em, 0.12
em, 0.12
em, 0.12
em, 0.12
em, 0.12
em, 0.12
em, 0.12
em, 0.12
em, 0.12
em, 0.12
em, 0.12
em, 0.12
em, 0.12
em, 0.12
em, 0.12
em, 0.12
em, 0.12
em, 0.12
em, 0.12
em, 0.12
em, 0.12
em, 0.12
em, 0.12
em, 0.12
em, 0.12
em, 0.12
em, 0.12
em, 0.12
em, 0.12
em, 0.12
em, 0.12
em, 0.12
em, 0.12
em, 0.12
em, 0.12
em, 0.12
em, 0.12
em, 0.12
em, 0.12
em, 0.12
em, 0.12
em, 0.12
em, 0.12
em, 0.12
em, 0.12
em, 0.12
em, 0.12
em, 0.12
em, 0.12
em, 0.12
em, 0.12
em, 0.12
em, 0.12
em, 0.12
em, 0.12
em, 0.12
em, 0.12
em, 0.12
em, 0.12
em, 0.12
em, 0.12
em, 0.12
em, 0.12
em, 0.12
em, 0.12
em, 0.12
em, 0.12
em, 0.12
em, 0.12
em, 0.12
em, 0.12
em, 0.12
em, 0.12
em, 0.12
em, 0.12
em, 0.12
em, 0.12
em, 0.12
em, 0.12
em, 0.12
em, 0.12
em, 0.12
em, 0.12
em, 0.12
em, 0.12
em, 0.12
em, 0.12
em, 0.12
em, 0.12
em, 0.12
em, 0.12
em, 0.12
em, 0.12
em, 0.12
em, 0.12
em, 0.12
em, 0.12
em, 0.12
em, 0.12
em, 0.12
em, 0.12
em, 0.12
em, 0.12
em, 0.12
em, 0.12
em, 0.12
em, 0.12
em, 0.12
em, 0.12
em, 0.12
em, 0.12
em, 0.12
em, 0.12
em, 0.12
em, 0.12
em, 0.12
em, 0.12
em, 0.12
em, 0.12
em, 0.12
em, 0.12
em, 0.12
em, 0.12
em, 0.12
em, 0.12
em, 0.12
em, 0.12
em, 0.12
em, 0.12
em, 0.12
em, 0.12
em, 0.12
em, 0.12
em, 0.12
em, 0.12
em, 0.12
em, 0.12
em, 0.12
em, 0.12
em, 0.12
em, 0.12
em, 0.12
em, 0.12
em, 0.12
em, 0.12
em, 0.12
em, 0.12
em, 0.12
em, 0.12
em, 0.12
em, 0.12
em, 0.12
em, 0.12
em, 0.12
em, 0.12
em, 0.12
em, 0.12
em, 0.12
em, 0.12
em, 0.12
em, 0.12
em, 0.12
em, 0.12
em, 0.12
em, 0.12
em, 0.12
em, 0.12
em, 0.12
em, 0.12
em, 0.12
em, 0.12
em, 0.12
em, 0.12
em, 0.12
em, 0.12
em, 0.12
em, 0.12
em, 0.12
em, 0.12
em, 0.12
em, 0.12
em, 0.12
em, 0.12
em, 0.12
em, 0.12
em, 0.12
em, 0.12
em, 0.12
em, 0.12
em, 0.12
em, 0.12
em, 0.12
em, 0.12
em, 0.12
em, 0.12
em, 0.12
em, 0.12
em, 0.12
em, 0.12
em, 0.12
em, 0.12
em, 0.12
em, 0.12
em, 0.12
em, 0.12
em, 0.12
em, 0.12
em, 0.12
em, 0.12
em, 0.12
em, 0.12
em, 0.12
em, 0.12
em, 0.12
em, 0.12
em, 0.12
em, 0.12
em, 0.12
em, 0.12
em, 0.12
em, 0.12
em, 0.12
em, 0.12
em, 0.12
em, 0.12
em, 0.12
em, 0.12
em, 0.12
em, 0.12
em, 0.12
em, 0.12
em, 0.12
em, 0.13
em, 0.13
em, 0.13
em, 0.13
em, 0.13
em, 0.13
em, 0.13
em, 0.13
em, 0.13
em, 0.13
em, 0.13
em, 0.13
em, 0.13
em, 0.13
em, 0.13
em, 0.13
em, 0.13
em, 0.13
em, 0.13
em, 0.13
em, 0.13
em, 0.13
em, 0.13
em, 0.13
em, 0.13
em, 0.13
em, 0.13
em, 0.13
em, 0.13
em, 0.13
em, 0.13
em, 0.13
em, 0.13
em, 0.13
em, 0.13
em, 0.13
em, 0.13
em, 0.13
em, 0.13
em, 0.13
em, 0.13
em, 0.13
em, 0.13
em, 0.13
em, 0.13
em, 0.13
em, 0.13
em, 0.13
em, 0.13
em, 0.13
em, 0.13
em, 0.13
em, 0.13
em, 0.13
em, 0.13
em, 0.13
em, 0.13
em, 0.13
em, 0.13
em, 0.13
em, 0.13
em, 0.13
em, 0.13
em, 0.13
em, 0.13
em, 0.13
em, 0.13
em, 0.13
em, 0.13
em, 0.13
em, 0.13
em, 0.13
em, 0.13
em, 0.13
em, 0.13
em, 0.13
em, 0.13
em, 0.13
em, 0.13
em, 0.13
em, 0.13
em, 0.13
em, 0.13
em, 0.13
em, 0.13
em, 0.13
em, 0.13
em, 0.13
em, 0.13
em, 0.13
em, 0.13
em, 0.13
em, 0.13
em, 0.13
em, 0.13
em, 0.13
em, 0.13
em, 0.13
em, 0.13
em, 0.13
em, 0.13
em, 0.13
em, 0.13
em, 0.13
em, 0.13
em, 0.13
em, 0.13
em, 0.13
em, 0.13
em, 0.13
em, 0.13
em, 0.13
em, 0.13
em, 0.13
em, 0.13
em, 0.13
em, 0.13
em, 0.13
em, 0.13
em, 0.13
em, 0.13
em, 0.13
em, 0.13
em, 0.13
em, 0.13
em, 0.13
em, 0.13
em, 0.13
em, 0.13
em, 0.13
em, 0.13
em, 0.13
em, 0.13
em, 0.13
em, 0.13
em, 0.13
em, 0.13
em, 0.13
em, 0.13
em, 0.13
em, 0.13
em, 0.13
em, 0.13
em, 0.13
em, 0.13
em, 0.13
em, 0.13
em, 0.13
em, 0.13
em, 0.13
em, 0.13
em, 0.13
em, 0.13
em, 0.13
em, 0.13
em, 0.13
em, 0.13
em, 0.13
em, 0.13
em, 0.13
em, 0.13
em, 0.13
em, 0.13
em, 0.13
em, 0.13
em, 0.13
em, 0.13
em, 0.13
em, 0.13
em, 0.13
em, 0.13
em, 0.13
em, 0.13
em, 0.13
em, 0.13
em, 0.13
em, 0.13
em, 0.13
em, 0.13
em, 0.13
em, 0.13
em, 0.13
em, 0.13
em, 0.13
em, 0.13
em, 0.13
em, 0.13
em, 0.13
em, 0.13
em, 0.13
em, 0.13
em, 0.13
em, 0.13
em, 0.13
em, 0.13
em, 0.13
em, 0.13
em, 0.13
em, 0.13
em, 0.13
em, 0.13
em, 0.13
em, 0.13
em, 0.13
em, 0.13
em, 0.13
em, 0.14
em, 0.14
em, 0.14
em, 0.14
em, 0.14
em, 0.14
em, 0.14
em, 0.14
em, 0.14
em, 0.14
em, 0.14
em, 0.14
em, 0.14
em, 0.14
em, 0.14
em, 0.14
em, 0.14
em, 0.14
em, 0.14
em, 0.14
em, 0.14
em, 0.14
em, 0.14
em, 0.14
em, 0.14
em, 0.14
em, 0.14
em, 0.14
em, 0.14
em, 0.14
em, 0.14
em, 0.14
em, 0.14
em, 0.14
em, 0.14
em, 0.14
em, 0.14
em, 0.14
em, 0.14
em, 0.14
em, 0.14
em, 0.14
em, 0.14
em, 0.14
em, 0.14
em, 0.14
em, 0.14
em, 0.14
em, 0.14
em, 0.14
em, 0.14
em, 0.14
em, 0.14
em, 0.14
em, 0.14
em, 0.14
em, 0.14
em, 0.14
em, 0.14
em, 0.14
em, 0.14
em, 0.14
em, 0.14
em, 0.14
em, 0.14
em, 0.14
em, 0.14
em, 0.14
em, 0.14
em, 0.14
em, 0.14
em, 0.14
em, 0.14
em, 0.14
em, 0.14
em, 0.14
em, 0.14
em, 0.14
em, 0.14
em, 0.14
em, 0.14
em, 0.14
em, 0.14
em, 0.14
em, 0.14
em, 0.14
em, 0.14
em, 0.14
em, 0.14
em, 0.14
em, 0.14
em, 0.14
em, 0.14
em, 0.14
em, 0.14
em, 0.14
em, 0.14
em, 0.14
em, 0.14
em, 0.14
em, 0.14
em, 0.14
em, 0.14
em, 0.14
em, 0.14
em, 0.14
em, 0.14
em, 0.14
em, 0.14
em, 0.14
em, 0.14
em, 0.14
em, 0.14
em, 0.14
em, 0.14
em, 0.14
em, 0.14
em, 0.14
em, 0.14
em, 0.14
em, 0.14
em, 0.14
em, 0.14
em, 0.14
em, 0.14
em, 0.14
em, 0.14
em, 0.14
em, 0.14
em, 0.14
em, 0.14
em, 0.14
em, 0.14
em, 0.14
em, 0.14
em, 0.14
em, 0.14
em, 0.14
em, 0.14
em, 0.14
em, 0.14
em, 0.14
em, 0.14
em, 0.14
em, 0.14
em, 0.14
em, 0.14
em, 0.14
em, 0.14
em, 0.14
em, 0.14
em, 0.14
em, 0.14
em, 0.14
em, 0.14
em, 0.14
em, 0.14
em, 0.14
em, 0.14
em, 0.14
em, 0.14
em, 0.14
em, 0.14
em, 0.14
em, 0.14
em, 0.14
em, 0.14
em, 0.14
em, 0.14
em, 0.14
em, 0.14
em, 0.14
em, 0.14
em, 0.14
em, 0.14
em, 0.14
em, 0.14
em, 0.14
em, 0.14
em, 0.14
em, 0.14
em, 0.14
em, 0.14
em, 0.14
em, 0.14
em, 0.14
em, 0.14
em, 0.14
em, 0.14
em, 0.14
em, 0.14
em, 0.14
em, 0.14
em, 0.14
em, 0.14
em, 0.14
em, 0.14
em, 0.14
em, 0.14
em, 0.14
em, 0.14
em, 0.14
em, 0.14
em, 0.14
em, 0.14
em, 0.14
em, 0.14
em, 0.14
em, 0.14
em, 0.14
em, 0.15
em, 0.15
em, 0.15
em, 0.15
em, 0.15
em, 0.15
em, 0.15
em, 0.15
em, 0.15
em, 0.15
em, 0.15
em, 0.15
em, 0.15
em, 0.15
em, 0.15
em, 0.15
em, 0.15
em, 0.15
em, 0.15
em, 0.15
em, 0.15
em, 0.15
em, 0.15
em, 0.15
em, 0.15
em, 0.15
em, 0.15
em, 0.15
em, 0.15
em, 0.15
em, 0.15
em, 0.15
em, 0.15
em, 0.15
em, 0.15
em, 0.15
em, 0.15
em, 0.15
em, 0.15
em, 0.15
em, 0.15
em, 0.15
em, 0.15
em, 0.15
em, 0.15
em, 0.15
em, 0.15
em, 0.15
em, 0.15
em, 0.15
em, 0.15
em, 0.15
em, 0.15
em, 0.15
em, 0.15
em, 0.15
em, 0.15
em, 0.15
em, 0.15
em, 0.15
em, 0.15
em, 0.15
em, 0.15
em, 0.15
em, 0.15
em, 0.15
em, 0.15
em, 0.15
em, 0.15
em, 0.15
em, 0.15
em, 0.15
em, 0.15
em, 0.15
em, 0.15
em, 0.15
em, 0.15
em, 0.15
em, 0.15
em, 0.15
em, 0.15
em, 0.15
em, 0.15
em, 0.15
em, 0.15
em, 0.15
em, 0.15
em, 0.15
em, 0.15
em, 0.15
em, 0.15
em, 0.15
em, 0.15
em, 0.15
em, 0.15
em, 0.15
em, 0.15
em, 0.15
em, 0.15
em, 0.15
em, 0.15
em, 0.15
em, 0.15
em, 0.15
em, 0.15
em, 0.15
em, 0.15
em, 0.15
em, 0.15
em, 0.15
em, 0.15
em, 0.15
em, 0.15
em, 0.15
em, 0.15
em, 0.15
em, 0.15
em, 0.15
em, 0.15
em, 0.15
em, 0.15
em, 0.15
em, 0.15
em, 0.15
em, 0.15
em, 0.15
em, 0.15
em, 0.15
em, 0.15
em, 0.15
em, 0.15
em, 0.15
em, 0.15
em, 0.15
em, 0.15
em, 0.15
em, 0.15
em, 0.15
em, 0.15
em, 0.15
em, 0.15
em, 0.15
em, 0.15
em, 0.15
em, 0.15
em, 0.15
em, 0.15
em, 0.15
em, 0.15
em, 0.15
em, 0.15
em, 0.15
em, 0.15
em, 0.15
em, 0.15
em, 0.15
em, 0.15
em, 0.15
em, 0.15
em, 0.15
em, 0.15
em, 0.15
em, 0.15
em, 0.15
em, 0.15
em, 0.15
em, 0.15
em, 0.15
em, 0.15
em, 0.15
em, 0.15
em, 0.15
em, 0.15
em, 0.15
em, 0.15
em, 0.15
em, 0.15
em, 0.15
em, 0.15
em, 0.15
em, 0.15
em, 0.15
em, 0.15
em, 0.15
em, 0.15
em, 0.15
em, 0.15
em, 0.15
em, 0.15
em, 0.15
em, 0.15
em, 0.15
em, 0.15
em, 0.15
em, 0.15
em, 0.15
em, 0.15
em, 0.15
em, 0.16
em, 0.16
em, 0.16
em, 0.16
em, 0.16
em, 0.16
em, 0.16
em, 0.16
em, 0.16
em, 0.16
em, 0.16
em, 0.16
em, 0.16
em, 0.16
em, 0.16
em, 0.16
em, 0.16
em, 0.16
em, 0.16
em, 0.16
em, 0.16
em, 0.16
em, 0.16
em, 0.16
em, 0.16
em, 0.16
em, 0.16
em, 0.16
em, 0.16
em, 0.16
em, 0.16
em, 0.16
em, 0.16
em, 0.16
em, 0.16
em, 0.16
em, 0.16
em, 0.16
em, 0.16
em, 0.16
em, 0.16
em, 0.16
em, 0.16
em, 0.16
em, 0.16
em, 0.16
em, 0.16
em, 0.16
em, 0.16
em, 0.16
em, 0.16
em, 0.16
em, 0.16
em, 0.16
em, 0.16
em, 0.16
em, 0.16
em, 0.16
em, 0.16
em, 0.16
em, 0.16
em, 0.16
em, 0.16
em, 0.16
em, 0.16
em, 0.16
em, 0.16
em, 0.16
em, 0.16
em, 0.16
em, 0.16
em, 0.16
em, 0.16
em, 0.16
em, 0.16
em, 0.16
em, 0.16
em, 0.16
em, 0.16
em, 0.16
em, 0.16
em, 0.16
em, 0.16
em, 0.16
em, 0.16
em, 0.16
em, 0.16
em, 0.16
em, 0.16
em, 0.16
em, 0.16
em, 0.16
em, 0.16
em, 0.16
em, 0.16
em, 0.16
em, 0.16
em, 0.16
em, 0.16
em, 0.16
em, 0.16
em, 0.16
em, 0.16
em, 0.16
em, 0.16
em, 0.16
em, 0.16
em, 0.16
em, 0.16
em, 0.16
em, 0.16
em, 0.16
em, 0.16
em, 0.16
em, 0.16
em, 0.16
em, 0.16
em, 0.16
em, 0.16
em, 0.16
em, 0.16
em, 0.16
em, 0.16
em, 0.16
em, 0.16
em, 0.16
em, 0.16
em, 0.16
em, 0.16
em, 0.16
em, 0.16
em, 0.16
em, 0.16
em, 0.16
em, 0.16
em, 0.16
em, 0.16
em, 0.16
em, 0.16
em, 0.16
em, 0.16
em, 0.16
em, 0.16
em, 0.16
em, 0.16
em, 0.16
em, 0.16
em, 0.16
em, 0.16
em, 0.16
em, 0.16
em, 0.16
em, 0.16
em, 0.16
em, 0.16
em, 0.16
em, 0.16
em, 0.16
em, 0.16
em, 0.16
em, 0.16
em, 0.16
em, 0.16
em, 0.16
em, 0.16
em, 0.16
em, 0.16
em, 0.16
em, 0.16
em, 0.16
em, 0.16
em, 0.16
em, 0.16
em, 0.16
em, 0.16
em, 0.16
em, 0.16
em, 0.16
em, 0.16
em, 0.16
em, 0.16
em, 0.16
em, 0.16
em, 0.16
em, 0.16
em, 0.16
em, 0.16
em, 0.16
em, 0.16
em, 0.16
em, 0.16
em, 0.16
em, 0.16
em, 0.16
em, 0.16
em, 0.16
em, 0.16
em, 0.16
em, 0.16
em, 0.16
em, 0.16
em, 0.16
em, 0.16
em, 0.16
em, 0.16
em, 0.16
em, 0.16
em, 0.16
em, 0.16
em, 0.17
em, 0.17
em, 0.17
em, 0.17
em, 0.17
em, 0.17
em, 0.17
em, 0.17
em, 0.17
em, 0.17
em, 0.17
em, 0.17
em, 0.17
em, 0.17
em, 0.17
em, 0.17
em, 0.17
em, 0.17
em, 0.17
em, 0.17
em, 0.17
em, 0.17
em, 0.17
em, 0.17
em, 0.17
em, 0.17
em, 0.17
em, 0.17
em, 0.17
em, 0.17
em, 0.17
em, 0.17
em, 0.17
em, 0.17
em, 0.17
em, 0.17
em, 0.17
em, 0.17
em, 0.17
em, 0.17
em, 0.17
em, 0.17
em, 0.17
em, 0.17
em, 0.17
em, 0.17
em, 0.17
em, 0.17
em, 0.17
em, 0.17
em, 0.17
em, 0.17
em, 0.17
em, 0.17
em, 0.17
em, 0.17
em, 0.17
em, 0.17
em, 0.17
em, 0.17
em, 0.17
em, 0.17
em, 0.17
em, 0.17
em, 0.17
em, 0.17
em, 0.17
em, 0.17
em, 0.17
em, 0.17
em, 0.17
em, 0.17
em, 0.17
em, 0.17
em, 0.17
em, 0.17
em, 0.17
em, 0.17
em, 0.17
em, 0.17
em, 0.17
em, 0.17
em, 0.17
em, 0.17
em, 0.17
em, 0.17
em, 0.17
em, 0.17
em, 0.17
em, 0.17
em, 0.17
em, 0.17
em, 0.17
em, 0.17
em, 0.17
em, 0.17
em, 0.17
em, 0.17
em, 0.17
em, 0.17
em, 0.17
em, 0.17
em, 0.17
em, 0.17
em, 0.17
em, 0.17
em, 0.17
em, 0.17
em, 0.17
em, 0.17
em, 0.17
em, 0.17
em, 0.17
em, 0.17
em, 0.17
em, 0.17
em, 0.17
em, 0.17
em, 0.17
em, 0.17
em, 0.17
em, 0.17
em, 0.17
em, 0.17
em, 0.17
em, 0.17
em, 0.17
em, 0.17
em, 0.17
em, 0.17
em, 0.17
em, 0.17
em, 0.17
em, 0.17
em, 0.17
em, 0.17
em, 0.17
em, 0.17
em, 0.17
em, 0.17
em, 0.17
em, 0.17
em, 0.17
em, 0.17
em, 0.17
em, 0.17
em, 0.17
em, 0.17
em, 0.17
em, 0.17
em, 0.17
em, 0.17
em, 0.17
em, 0.17
em, 0.17
em, 0.17
em, 0.17
em, 0.17
em, 0.17
em, 0.17
em, 0.17
em, 0.17
em, 0.17
em, 0.17
em, 0.17
em, 0.17
em, 0.17
em, 0.17
em, 0.17
em, 0.17
em, 0.17
em, 0.17
em, 0.17
em, 0.17
em, 0.17
em, 0.17
em, 0.17
em, 0.17
em, 0.17
em, 0.17
em, 0.17
em, 0.17
em, 0.17
em, 0.17
em, 0.17
em, 0.17
em, 0.17
em, 0.17
em, 0.17
em, 0.17
em, 0.17
em, 0.17
em, 0.17
em, 0.17
em, 0.17
em, 0.17
em, 0.17
em, 0.17
em, 0.17
em, 0.17
em, 0.17
em, 0.17
em, 0.17
em, 0.17
em, 0.17
em, 0.17
em, 0.17
em, 0.17
em, 0.17
em, 0.17
em, 0.17
em, 0.17
em, 0.17
em, 0.17
em, 0.17
em, 0.17
em, 0.18
em, 0.18
em, 0.18
em, 0.18
em, 0.18
em, 0.18
em, 0.18
em, 0.18
em, 0.18
em, 0.18
em, 0.18
em, 0.18
em, 0.18
em, 0.18
em, 0.18
em, 0.18
em, 0.18
em, 0.18
em, 0.18
em, 0.18
em, 0.18
em, 0.18
em, 0.18
em, 0.18
em, 0.18
em, 0.18
em, 0.18
em, 0.18
em, 0.18
em, 0.18
em, 0.18
em, 0.18
em, 0.18
em, 0.18
em, 0.18
em, 0.18
em, 0.18
em, 0.18
em, 0.18
em, 0.18
em, 0.18
em, 0.18
em, 0.18
em, 0.18
em, 0.18
em, 0.18
em, 0.18
em, 0.18
em, 0.18
em, 0.18
em, 0.18
em, 0.18
em, 0.18
em, 0.18
em, 0.18
em, 0.18
em, 0.18
em, 0.18
em, 0.18
em, 0.18
em, 0.18
em, 0.18
em, 0.18
em, 0.18
em, 0.18
em, 0.18
em, 0.18
em, 0.18
em, 0.18
em, 0.18
em, 0.18
em, 0.18
em, 0.18
em, 0.18
em, 0.18
em, 0.18
em, 0.18
em, 0.18
em, 0.18
em, 0.18
em, 0.18
em, 0.18
em, 0.18
em, 0.18
em, 0.18
em, 0.18
em, 0.18
em, 0.18
em, 0.18
em, 0.18
em, 0.18
em, 0.18
em, 0.18
em, 0.18
em, 0.18
em, 0.18
em, 0.18
em, 0.18
em, 0.18
em, 0.18
em, 0.18
em, 0.18
em, 0.18
em, 0.18
em, 0.18
em, 0.18
em, 0.18
em, 0.18
em, 0.18
em, 0.18
em, 0.18
em, 0.18
em, 0.18
em, 0.18
em, 0.18
em, 0.18
em, 0.18
em, 0.18
em, 0.18
em, 0.18
em, 0.18
em, 0.18
em, 0.18
em, 0.18
em, 0.18
em, 0.18
em, 0.18
em, 0.18
em, 0.18
em, 0.18
em, 0.18
em, 0.18
em, 0.18
em, 0.18
em, 0.18
em, 0.18
em, 0.18
em, 0.18
em, 0.18
em, 0.18
em, 0.18
em, 0.18
em, 0.18
em, 0.18
em, 0.18
em, 0.18
em, 0.18
em, 0.18
em, 0.18
em, 0.18
em, 0.18
em, 0.18
em, 0.18
em, 0.18
em, 0.18
em, 0.18
em, 0.18
em, 0.18
em, 0.18
em, 0.18
em, 0.18
em, 0.18
em, 0.18
em, 0.18
em, 0.18
em, 0.18
em, 0.18
em, 0.18
em, 0.18
em, 0.18
em, 0.18
em, 0.18
em, 0.18
em, 0.18
em, 0.18
em, 0.18
em, 0.18
em, 0.18
em, 0.18
em, 0.18
em, 0.18
em, 0.18
em, 0.18
em, 0.18
em, 0.18
em, 0.18
em, 0.18
em, 0.18
em, 0.18
em, 0.18
em, 0.18
em, 0.18
em, 0.18
em, 0.18
em, 0.18
em, 0.18
em, 0.18
em, 0.18
em, 0.18
em, 0.18
em, 0.18
em, 0.18
em, 0.18
em, 0.18
em, 0.18
em, 0.18
em, 0.18
em, 0.18
em, 0.18
em, 0.18
em, 0.18
em, 0.18
em, 0.18
em, 0.18
em, 0.18
em, 0.18
em, 0.18
em, 0.18
em, 0.18
em, 0.18
em, 0.18
em, 0.18
em, 0.18
em, 0.18
em, 0.18
em, 0.18
em, 0.18
em, 0.18
em, 0.18
em, 0.18
em, 0.18
em, 0.18
em, 0.18
em, 0.18
em, 0.18
em, 0.18
em, 0.18
em, 0.18
em, 0.18
em, 0.18
em, 0.18
em, 0.18
em, 0.19
em, 0.19
em, 0.19
em, 0.19
em, 0.19
em, 0.19
em, 0.19
em, 0.19
em, 0.19
em, 0.19
em, 0.19
em, 0.19
em, 0.19
em, 0.19
em, 0.19
em, 0.19
em, 0.19
em, 0.19
em, 0.19
em, 0.19
em, 0.19
em, 0.19
em, 0.19
em, 0.19
em, 0.19
em, 0.19
em, 0.19
em, 0.19
em, 0.19
em, 0.19
em, 0.19
em, 0.19
em, 0.19
em, 0.19
em, 0.19
em, 0.19
em, 0.19
em, 0.19
em, 0.19
em, 0.19
em, 0.19
em, 0.19
em, 0.19
em, 0.19
em, 0.19
em, 0.19
em, 0.19
em, 0.19
em, 0.19
em, 0.19
em, 0.19
em, 0.19
em, 0.19
em, 0.19
em, 0.19
em, 0.19
em, 0.19
em, 0.19
em, 0.19
em, 0.19
em, 0.19
em, 0.19
em, 0.19
em, 0.19
em, 0.19
em, 0.19
em, 0.19
em, 0.19
em, 0.19
em, 0.19
em, 0.19
em, 0.19
em, 0.19
em, 0.19
em, 0.19
em, 0.19
em, 0.19
em, 0.19
em, 0.19
em, 0.19
em, 0.19
em, 0.19
em, 0.19
em, 0.19
em, 0.19
em, 0.19
em, 0.19
em, 0.19
em, 0.19
em, 0.19
em, 0.19
em, 0.19
em, 0.19
em, 0.19
em, 0.19
em, 0.19
em, 0.19
em, 0.19
em, 0.19
em, 0.19
em, 0.19
em, 0.19
em, 0.19
em, 0.19
em, 0.19
em, 0.19
em, 0.19
em, 0.19
em, 0.19
em, 0.19
em, 0.19
em, 0.19
em, 0.19
em, 0.19
em, 0.19
em, 0.19
em, 0.19
em, 0.19
em, 0.19
em, 0.19
em, 0.19
em, 0.19
em, 0.19
em, 0.19
em, 0.19
em, 0.19
em, 0.19
em, 0.19
em, 0.19
em, 0.19
em, 0.19
em, 0.19
em, 0.19
em, 0.19
em, 0.19
em, 0.19
em, 0.19
em, 0.19
em, 0.19
em, 0.19
em, 0.19
em, 0.19
em, 0.19
em, 0.19
em, 0.19
em, 0.19
em, 0.19
em, 0.19
em, 0.19
em, 0.19
em, 0.19
em, 0.19
em, 0.19
em, 0.19
em, 0.19
em, 0.19
em, 0.19
em, 0.19
em, 0.19
em, 0.19
em, 0.19
em, 0.19
em, 0.19
em, 0.19
em, 0.19
em, 0.19
em, 0.19
em, 0.19
em, 0.19
em, 0.19
em, 0.19
em, 0.19
em, 0.19
em, 0.19
em, 0.19
em, 0.19
em, 0.19
em, 0.19
em, 0.19
em, 0.19
em, 0.19
em, 0.19
em, 0.19
em, 0.19
em, 0.19
em, 0.19
em, 0.19
em, 0.19
em, 0.19
em, 0.19
em, 0.19
em, 0.19
em, 0.19
em, 0.19
em, 0.19
em, 0.19
em, 0.19
em, 0.19
em, 0.19
em, 0.19
em, 0.19
em, 0.19
em, 0.19
em, 0.19
em, 0.19
em, 0.19
em, 0.19
em, 0.19
em, 0.19
em, 0.19
em, 0.19
em, 0.19
em, 0.19
em, 0.19
em, 0.19
em, 0.19
em, 0.19
em, 0.19
em, 0.19
em, 0.19
em, 0.19
em, 0.19
em, 0.19
em, 0.19
em, 0.19
em, 0.19
em, 0.19
em, 0.19
em, 0.19
em, 0.19
em, 0.19
em, 0.19
em, 0.19
em, 0.19
em, 0.19
em, 0.19
em, 0.20
em, 0.20
em, 0.20
em, 0.20
em, 0.20
em, 0.20
em, 0.20
em, 0.20
em, 0.20
em, 0.20
em, 0.20
em, 0.20
em, 0.20
em, 0.20
em, 0.20
em, 0.20
em, 0.20
em, 0.20
em, 0.20
em, 0.20
em, 0.20
em, 0.20
em, 0.20
em, 0.20
em, 0.20
em, 0.20
em, 0.20
em, 0.20
em, 0.20
em, 0.20
em, 0.20
em, 0.20
em, 0.20
em, 0.20
em, 0.20
em, 0.20
em, 0.20
em, 0.20
em, 0.20
em, 0.20
em, 0.20
em, 0.20
em, 0.20
em, 0.20
em, 0.20
em, 0.20
em, 0.20
em, 0.20
em, 0.20
em, 0.20
em, 0.20
em, 0.20
em, 0.20
em, 0.20
em, 0.20
em, 0.20
em, 0.20
em, 0.20
em, 0.20
em, 0.20
em, 0.20
em, 0.20
em, 0.20
em, 0.20
em, 0.20
em, 0.20
em, 0.20
em, 0.20
em, 0.20
em, 0.20
em, 0.20
em, 0.20
em, 0.20
em, 0.20
em, 0.20
em, 0.20
em, 0.20
em, 0.20
em, 0.20
em, 0.20
em, 0.20
em, 0.20
em, 0.20
em, 0.20
em, 0.20
em, 0.20
em, 0.20
em, 0.20
em, 0.20
em, 0.20
em, 0.20
em, 0.20
em, 0.20
em, 0.20
em, 0.20
em, 0.20
em, 0.20
em, 0.20
em, 0.20
em, 0.20
em, 0.20
em, 0.20
em, 0.20
em, 0.20
em, 0.20
em, 0.20
em, 0.20
em, 0.20
em, 0.20
em, 0.20
em, 0.20
em, 0.20
em, 0.20
em, 0.20
em, 0.20
em, 0.20
em, 0.20
em, 0.20
em, 0.20
em, 0.20
em, 0.20
em, 0.20
em, 0.20
em, 0.20
em, 0.20
em, 0.20
em, 0.20
em, 0.20
em, 0.20
em, 0.20
em, 0.20
em, 0.20
em, 0.20
em, 0.20
em, 0.20
em, 0.20
em, 0.20
em, 0.20
em, 0.20
em, 0.20
em, 0.20
em, 0.20
em, 0.20
em, 0.20
em, 0.20
em, 0.20
em, 0.20
em, 0.20
em, 0.20
em, 0.20
em, 0.20
em, 0.20
em, 0.20
em, 0.20
em, 0.20
em, 0.20
em, 0.20
em, 0.20
em, 0.20
em, 0.20
em, 0.20
em, 0.20
em, 0.20
em, 0.20
em, 0.20
em, 0.20
em, 0.20
em, 0.20
em, 0.20
em, 0.20
em, 0.20
em, 0.20
em, 0.20
em, 0.20
em, 0.20
em, 0.20
em, 0.20
em, 0.20
em, 0.20
em, 0.20
em, 0.20
em, 0.20
em, 0.20
em, 0.20
em, 0.20
em, 0.20
em, 0.20
em, 0.20
em, 0.20
em, 0.20
em, 0.20
em, 0.20
em, 0.20
em, 0.20
em, 0.20
em, 0.20
em, 0.20
em, 0.20
em, 0.20
em, 0.20
em, 0.20
em, 0.20
em, 0.20
em, 0.20
em, 0.20
em, 0.20
em, 0.20
em, 0.20
em, 0.20
em, 0.20
em, 0.20
em, 0.20
em, 0.20
em, 0.20
em, 0.20
em, 0.20
em, 0.20
em, 0.20
em, 0.20
em, 0.20
em, 0.20
em, 0.20
em, 0.20
em, 0.20
em, 0.20
em, 0.20
em, 0.20
em, 0.20
em, 0.20
em, 0.20
em, 0.20
em, 0.20
em, 0.20
em, 0.20
em, 0.20
em, 0.20
em, 0.20
em, 0.20
em, 0.20
em, 0.20
em, 0.20
em, 0.20
em, 0.20
em, 0.20
em, 0.20
em, 0.20
em, 0.21
em, 0.21
em, 0.21
em, 0.21
em, 0.21
em, 0.21
em, 0.21
em, 0.21
em, 0.21
em, 0.21
em, 0.21
em, 0.21
em, 0.21
em, 0.21
em, 0.21
em, 0.21
em, 0.21
em, 0.21
em, 0.21
em, 0.21
em, 0.21
em, 0.21
em, 0.21
em, 0.21
em, 0.21
em, 0.21
em, 0.21
em, 0.21
em, 0.21
em, 0.21
em, 0.21
em, 0.21
em, 0.21
em, 0.21
em, 0.21
em, 0.21
em, 0.21
em, 0.21
em, 0.21
em, 0.21
em, 0.21
em, 0.21
em, 0.21
em, 0.21
em, 0.21
em, 0.21
em, 0.21
em, 0.21
em, 0.21
em, 0.21
em, 0.21
em, 0.21
em, 0.21
em, 0.21
em, 0.21
em, 0.21
em, 0.21
em, 0.21
em, 0.21
em, 0.21
em, 0.21
em, 0.21
em, 0.21
em, 0.21
em, 0.21
em, 0.21
em, 0.21
em, 0.21
em, 0.21
em, 0.21
em, 0.21
em, 0.21
em, 0.21
em, 0.21
em, 0.21
em, 0.21
em, 0.21
em, 0.21
em, 0.21
em, 0.21
em, 0.21
em, 0.21
em, 0.21
em, 0.21
em, 0.21
em, 0.21
em, 0.21
em, 0.21
em, 0.21
em, 0.21
em, 0.21
em, 0.21
em, 0.21
em, 0.21
em, 0.21
em, 0.21
em, 0.21
em, 0.21
em, 0.21
em, 0.21
em, 0.21
em, 0.21
em, 0.21
em, 0.21
em, 0.21
em, 0.21
em, 0.21
em, 0.21
em, 0.21
em, 0.21
em, 0.21
em, 0.21
em, 0.21
em, 0.21
em, 0.21
em, 0.21
em, 0.21
em, 0.21
em, 0.21
em, 0.21
em, 0.21
em, 0.21
em, 0.21
em, 0.21
em, 0.21
em, 0.21
em, 0.21
em, 0.21
em, 0.21
em, 0.21
em, 0.21
em, 0.21
em, 0.21
em, 0.21
em, 0.21
em, 0.21
em, 0.21
em, 0.21
em, 0.21
em, 0.21
em, 0.21
em, 0.21
em, 0.21
em, 0.21
em, 0.21
em, 0.21
em, 0.21
em, 0.21
em, 0.21
em, 0.21
em, 0.21
em, 0.21
em, 0.21
em, 0.21
em, 0.21
em, 0.21
em, 0.21
em, 0.21
em, 0.21
em, 0.21
em, 0.21
em, 0.21
em, 0.21
em, 0.21
em, 0.21
em, 0.21
em, 0.21
em, 0.21
em, 0.21
em, 0.21
em, 0.21
em, 0.21
em, 0.21
em, 0.21
em, 0.21
em, 0.21
em, 0.21
em, 0.21
em, 0.21
em, 0.21
em, 0.21
em, 0.21
em, 0.21
em, 0.21
em, 0.21
em, 0.21
em, 0.21
em, 0.21
em, 0.21
em, 0.21
em, 0.21
em, 0.21
em, 0.21
em, 0.21
em, 0.21
em, 0.21
em, 0.21
em, 0.21
em, 0.21
em, 0.21
em, 0.21
em, 0.21
em, 0.21
em, 0.21
em, 0.21
em, 0.21
em, 0.21
em, 0.21
em, 0.21
em, 0.21
em, 0.21
em, 0.21
em, 0.21
em, 0.21
em, 0.21
em, 0.21
em, 0.21
em, 0.21
em, 0.21
em, 0.21
em, 0.21
em, 0.21
em, 0.21
em, 0.21
em, 0.21
em, 0.21
em, 0.21
em, 0.21
em, 0.21
em, 0.21
em, 0.21
em, 0.21
em, 0.21
em, 0.21
em, 0.21
em, 0.21
em, 0.21
em, 0.21
em, 0.21
em, 0.21
em, 0.21
em, 0.21
em, 0.21
em, 0.21
em, 0.21
em, 0.21
em, 0.21
em, 0.21
em, 0.21
em, 0.21
em, 0.21
em, 0.21
em, 0.21
em, 0.21
em, 0.21
em, 0.21
em, 0.21
em, 0.21
em, 0.21
em, 0.21
em, 0.21
em, 0.21
em, 0.21
em, 0.21
em, 0.21
em, 0.21
em, 0.21
em, 0.21
em, 0.21
em, 0.21
em, 0.21
em, 0.21
em, 0.22
em, 0.22
em, 0.22
em, 0.22
em, 0.22
em, 0.22
em, 0.22
em, 0.22
em, 0.22
em, 0.22
em, 0.22
em, 0.22
em, 0.22
em, 0.22
em, 0.22
em, 0.22
em, 0.22
em, 0.22
em, 0.22
em, 0.22
em, 0.22
em, 0.22
em, 0.22
em, 0.22
em, 0.22
em, 0.22
em, 0.22
em, 0.22
em, 0.22
em, 0.22
em, 0.22
em, 0.22
em, 0.22
em, 0.22
em, 0.22
em, 0.22
em, 0.22
em, 0.22
em, 0.22
em, 0.22
em, 0.22
em, 0.22
em, 0.22
em, 0.22
em, 0.22
em, 0.22
em, 0.22
em, 0.22
em, 0.22
em, 0.22
em, 0.22
em, 0.22
em, 0.22
em, 0.22
em, 0.22
em, 0.22
em, 0.22
em, 0.22
em, 0.22
em, 0.22
em, 0.22
em, 0.22
em, 0.22
em, 0.22
em, 0.22
em, 0.22
em, 0.22
em, 0.22
em, 0.22
em, 0.22
em, 0.22
em, 0.22
em, 0.22
em, 0.22
em, 0.22
em, 0.22
em, 0.22
em, 0.22
em, 0.22
em, 0.22
em, 0.22
em, 0.22
em, 0.22
em, 0.22
em, 0.22
em, 0.22
em, 0.22
em, 0.22
em, 0.22
em, 0.22
em, 0.22
em, 0.22
em, 0.22
em, 0.22
em, 0.22
em, 0.22
em, 0.22
em, 0.22
em, 0.22
em, 0.22
em, 0.22
em, 0.22
em, 0.22
em, 0.22
em, 0.22
em, 0.22
em, 0.22
em, 0.22
em, 0.22
em, 0.22
em, 0.22
em, 0.22
em, 0.22
em, 0.22
em, 0.22
em, 0.22
em, 0.22
em, 0.22
em, 0.22
em, 0.22
em, 0.22
em, 0.22
em, 0.22
em, 0.22
em, 0.22
em, 0.22
em, 0.22
em, 0.22
em, 0.22
em, 0.22
em, 0.22
em, 0.22
em, 0.22
em, 0.22
em, 0.22
em, 0.22
em, 0.22
em, 0.22
em, 0.22
em, 0.22
em, 0.22
em, 0.22
em, 0.22
em, 0.22
em, 0.22
em, 0.22
em, 0.22
em, 0.22
em, 0.22
em, 0.22
em, 0.22
em, 0.22
em, 0.22
em, 0.22
em, 0.22
em, 0.22
em, 0.22
em, 0.22
em, 0.22
em, 0.22
em, 0.22
em, 0.22
em, 0.22
em, 0.22
em, 0.22
em, 0.22
em, 0.22
em, 0.22
em, 0.22
em, 0.22
em, 0.22
em, 0.22
em, 0.22
em, 0.22
em, 0.22
em, 0.22
em, 0.22
em, 0.22
em, 0.22
em, 0.22
em, 0.22
em, 0.22
em, 0.22
em, 0.22
em, 0.22
em, 0.22
em, 0.22
em, 0.22
em, 0.22
em, 0.22
em, 0.22
em, 0.22
em, 0.22
em, 0.22
em, 0.22
em, 0.22
em, 0.22
em, 0.22
em, 0.22
em, 0.22
em, 0.22
em, 0.22
em, 0.22
em, 0.22
em, 0.22
em, 0.22
em, 0.22
em, 0.22
em, 0.22
em, 0.22
em, 0.22
em, 0.22
em, 0.22
em, 0.22
em, 0.22
em, 0.22
em, 0.22
em, 0.22
em, 0.22
em, 0.22
em, 0.22
em, 0.22
em, 0.22
em, 0.22
em, 0.22
em, 0.22
em, 0.22
em, 0.22
em, 0.22
em, 0.22
em, 0.22
em, 0.22
em, 0.22
em, 0.22
em, 0.22
em, 0.22
em, 0.22
em, 0.22
em, 0.22
em, 0.22
em, 0.22
em, 0.22
em, 0.22
em, 0.22
em, 0.22
em, 0.22
em, 0.22
em, 0.22
em, 0.22
em, 0.22
em, 0.22
em, 0.22
em, 0.22
em, 0.22
em, 0.22
em, 0.22
em, 0.22
em, 0.22
em, 0.22
em, 0.22
em, 0.22
em, 0.22
em, 0.22
em, 0.22
em, 0.22
em, 0.22
em, 0.22
em, 0.22
em, 0.22
em, 0.22
em, 0.22
em, 0.22
em, 0.22
em, 0.22
em, 0.22
em, 0.22
em, 0.22
em, 0.22
em, 0.22
em, 0.22
em, 0.22
em, 0.22
em, 0.22
em, 0.22
em, 0.22
em, 0.22
em, 0.22
em, 0.22
em, 0.22
em, 0.22
em, 0.22
em, 0.22
em, 0.22
em, 0.22
em, 0.22
em, 0.22
em, 0.22
em, 0.22
em, 0.23
em, 0.23
em, 0.23
em, 0.23
em, 0.23
em, 0.23
em, 0.23
em, 0.23
em, 0.23
em, 0.23
em, 0.23
em, 0.23
em, 0.23
em, 0.23
em, 0.23
em, 0.23
em, 0.23
em, 0.23
em, 0.23
em, 0.23
em, 0.23
em, 0.23
em, 0.23
em, 0.23
em, 0.23
em, 0.23
em, 0.23
em, 0.23
em, 0.23
em, 0.23
em, 0.23
em, 0.23
em, 0.23
em, 0.23
em, 0.23
em, 0.23
em, 0.23
em, 0.23
em, 0.23
em, 0.23
em, 0.23
em, 0.23
em, 0.23
em, 0.23
em, 0.23
em, 0.23
em, 0.23
em, 0.23
em, 0.23
em, 0.23
em, 0.23
em, 0.23
em, 0.23
em, 0.23
em, 0.23
em, 0.23
em, 0.23
em, 0.23
em, 0.23
em, 0.23
em, 0.23
em, 0.23
em, 0.23
em, 0.23
em, 0.23
em, 0.23
em, 0.23
em, 0.23
em, 0.23
em, 0.23
em, 0.23
em, 0.23
em, 0.23
em, 0.23
em, 0.23
em, 0.23
em, 0.23
em, 0.23
em, 0.23
em, 0.23
em, 0.23
em, 0.23
em, 0.23
em, 0.23
em, 0.23
em, 0.23
em, 0.23
em, 0.23
em, 0.23
em, 0.23
em, 0.23
em, 0.23
em, 0.23
em, 0.23
em, 0.23
em, 0.23
em, 0.23
em, 0.23
em, 0.23
em, 0.23
em, 0.23
em, 0.23
em, 0.23
em, 0.23
em, 0.23
em, 0.23
em, 0.23
em, 0.23
em, 0.23
em, 0.23
em, 0.23
em, 0.23
em, 0.23
em, 0.23
em, 0.23
em, 0.23
em, 0.23
em, 0.23
em, 0.23
em, 0.23
em, 0.23
em, 0.23
em, 0.23
em, 0.23
em, 0.23
em, 0.23
em, 0.23
em, 0.23
em, 0.23
em, 0.23
em, 0.23
em, 0.23
em, 0.23
em, 0.23
em, 0.23
em, 0.23
em, 0.23
em, 0.23
em, 0.23
em, 0.23
em, 0.23
em, 0.23
em, 0.23
em, 0.23
em, 0.23
em, 0.23
em, 0.23
em, 0.23
em, 0.23
em, 0.23
em, 0.23
em, 0.23
em, 0.23
em, 0.23
em, 0.23
em, 0.23
em, 0.23
em, 0.23
em, 0.23
em, 0.23
em, 0.23
em, 0.23
em, 0.23
em, 0.23
em, 0.23
em, 0.23
em, 0.23
em, 0.23
em, 0.23
em, 0.23
em, 0.23
em, 0.23
em, 0.23
em, 0.23
em, 0.23
em, 0.23
em, 0.23
em, 0.23
em, 0.23
em, 0.23
em, 0.23
em, 0.23
em, 0.23
em, 0.23
em, 0.23
em, 0.23
em, 0.23
em, 0.23
em, 0.23
em, 0.23
em, 0.23
em, 0.23
em, 0.23
em, 0.23
em, 0.23
em, 0.23
em, 0.23
em, 0.23
em, 0.23
em, 0.23
em, 0.23
em, 0.23
em, 0.23
em, 0.23
em, 0.23
em, 0.23
em, 0.23
em, 0.23
em, 0.23
em, 0.23
em, 0.23
em, 0.23
em, 0.23
em, 0.23
em, 0.23
em, 0.23
em, 0.23
em, 0.23
em, 0.23
em, 0.23
em, 0.23
em, 0.23
em, 0.23
em, 0.23
em, 0.23
em, 0.23
em, 0.23
em, 0.23
em, 0.23
em, 0.23
em, 0.23
em, 0.23
em, 0.23
em, 0.23
em, 0.23
em, 0.23
em, 0.23
em, 0.23
em, 0.23
em, 0.23
em, 0.23
em, 0.23
em, 0.23
em, 0.23
em, 0.23
em, 0.23
em, 0.23
em, 0.23
em, 0.23
em, 0.23
em, 0.23
em, 0.23
em, 0.23
em, 0.23
em, 0.23
em, 0.23
em, 0.23
em, 0.23
em, 0.23
em, 0.23
em, 0.23
em, 0.23
em, 0.23
em, 0.23
em, 0.23
em, 0.23
em, 0.23
em, 0.23
em, 0.23
em, 0.23
em, 0.23
em, 0.23
em, 0.23
em, 0.23
em, 0.23
em, 0.23
em, 0.23
em, 0.23
em, 0.23
em, 0.23
em, 0.23
em, 0.23
em, 0.23
em, 0.23
em, 0.23
em, 0.23
em, 0.23
em, 0.23
em, 0.23
em, 0.23
em, 0.23
em, 0.23
em, 0.23
em, 0.23
em, 0.23
em, 0.23
em, 0.23
em, 0.23
em, 0.23
em, 0.23
em, 0.23
em, 0.23
em, 0.23
em, 0.23
em, 0.23
em, 0.23
em, 0.23
em, 0.23
em, 0.23
em, 0.23
em, 0.23
em, 0.23
em, 0.23
em, 0.23
em, 0.23
em, 0.23
em, 0.23
em, 0.23
em, 0.23
em, 0.23
em, 0.23
em, 0.23
em, 0.24
em, 0.24
em, 0.24
em, 0.24
em, 0.24
em, 0.24
em, 0.24
em, 0.24
em, 0.24
em, 0.24
em, 0.24
em, 0.24
em, 0.24
em, 0.24
em, 0.24
em, 0.24
em, 0.24
em, 0.24
em, 0.24
em, 0.24
em, 0.24
em, 0.24
em, 0.24
em, 0.24
em, 0.24
em, 0.24
em, 0.24
em, 0.24
em, 0.24
em, 0.24
em, 0.24
em, 0.24
em, 0.24
em, 0.24
em, 0.24
em, 0.24
em, 0.24
em, 0.24
em, 0.24
em, 0.24
em, 0.24
em, 0.24
em, 0.24
em, 0.24
em, 0.24
em, 0.24
em, 0.24
em, 0.24
em, 0.24
em, 0.24
em, 0.24
em, 0.24
em, 0.24
em, 0.24
em, 0.24
em, 0.24
em, 0.24
em, 0.24
em, 0.24
em, 0.24
em, 0.24
em, 0.24
em, 0.24
em, 0.24
em, 0.24
em, 0.24
em, 0.24
em, 0.24
em, 0.24
em, 0.24
em, 0.24
em, 0.24
em, 0.24
em, 0.24
em, 0.24
em, 0.24
em, 0.24
em, 0.24
em, 0.24
em, 0.24
em, 0.24
em, 0.24
em, 0.24
em, 0.24
em, 0.24
em, 0.24
em, 0.24
em, 0.24
em, 0.24
em, 0.24
em, 0.24
em, 0.24
em, 0.24
em, 0.24
em, 0.24
em, 0.24
em, 0.24
em, 0.24
em, 0.24
em, 0.24
em, 0.24
em, 0.24
em, 0.24
em, 0.24
em, 0.24
em, 0.24
em, 0.24
em, 0.24
em, 0.24
em, 0.24
em, 0.24
em, 0.24
em, 0.24
em, 0.24
em, 0.24
em, 0.24
em, 0.24
em, 0.24
em, 0.24
em, 0.24
em, 0.24
em, 0.24
em, 0.24
em, 0.24
em, 0.24
em, 0.24
em, 0.24
em, 0.24
em, 0.24
em, 0.24
em, 0.24
em, 0.24
em, 0.24
em, 0.24
em, 0.24
em, 0.24
em, 0.24
em, 0.24
em, 0.24
em, 0.24
em, 0.24
em, 0.24
em, 0.24
em, 0.24
em, 0.24
em, 0.24
em, 0.24
em, 0.24
em, 0.24
em, 0.24
em, 0.24
em, 0.24
em, 0.24
em, 0.24
em, 0.24
em, 0.24
em, 0.24
em, 0.24
em, 0.24
em, 0.24
em, 0.24
em, 0.24
em, 0.24
em, 0.24
em, 0.24
em, 0.24
em, 0.24
em, 0.24
em, 0.24
em, 0.24
em, 0.24
em, 0.24
em, 0.24
em, 0.24
em, 0.24
em, 0.24
em, 0.24
em, 0.24
em, 0.24
em, 0.24
em, 0.24
em, 0.24
em, 0.24
em, 0.24
em, 0.24
em, 0.24
em, 0.24
em, 0.24
em, 0.24
em, 0.24
em, 0.24
em, 0.24
em, 0.24
em, 0.24
em, 0.24
em, 0.24
em, 0.24
em, 0.24
em, 0.24
em, 0.24
em, 0.24
em, 0.24
em, 0.24
em, 0.24
em, 0.24
em, 0.24
em, 0.24
em, 0.24
em, 0.24
em, 0.24
em, 0.24
em, 0.24
em, 0.24
em, 0.24
em, 0.24
em, 0.24
em, 0.24
em, 0.24
em, 0.24
em, 0.24
em, 0.24
em, 0.24
em, 0.24
em, 0.24
em, 0.24
em, 0.24
em, 0.24
em, 0.24
em, 0.24
em, 0.24
em, 0.24
em, 0.24
em, 0.24
em, 0.24
em, 0.24
em, 0.24
em, 0.24
em, 0.24
em, 0.24
em, 0.24
em, 0.24
em, 0.24
em, 0.24
em, 0.24
em, 0.24
em, 0.24
em, 0.24
em, 0.24
em, 0.24
em, 0.24
em, 0.24
em, 0.24
em, 0.24
em, 0.24
em, 0.24
em, 0.24
em, 0.24
em, 0.24
em, 0.24
em, 0.24
em, 0.24
em, 0.24
em, 0.24
em, 0.24
em, 0.24
em, 0.24
em, 0.24
em, 0.24
em, 0.24
em, 0.24
em, 0.24
em, 0.24
em, 0.24
em, 0.24
em, 0.24
em, 0.24
em, 0.24
em, 0.24
em, 0.24
em, 0.24
em, 0.24
em, 0.24
em, 0.24
em, 0.24
em, 0.24
em, 0.24
em, 0.24
em, 0.24
em, 0.24
em, 0.24
em, 0.24
em, 0.24
em, 0.24
em, 0.24
em, 0.24
em, 0.24
em, 0.24
em, 0.24
em, 0.24
em, 0.24
em, 0.24
em, 0.24
em, 0.24
em, 0.24
em, 0.24
em, 0.25
em, 0.25
em, 0.25
em, 0.25
em, 0.25
em, 0.25
em, 0.25
em, 0.25
em, 0.25
em, 0.25
em, 0.25
em, 0.25
em, 0.25
em, 0.25
em, 0.25
em, 0.25
em, 0.25
em, 0.25
em, 0.25
em, 0.25
em, 0.25
em, 0.25
em, 0.25
em, 0.25
em, 0.25
em, 0.25
em, 0.25
em, 0.25
em, 0.25
em, 0.25
em, 0.25
em, 0.25
em, 0.25
em, 0.25
em, 0.25
em, 0.25
em, 0.25
em, 0.25
em, 0.25
em, 0.25
em, 0.25
em, 0.25
em, 0.25
em, 0.25
em, 0.25
em, 0.25
em, 0.25
em, 0.25
em, 0.25
em, 0.25
em, 0.25
em, 0.25
em, 0.25
em, 0.25
em, 0.25
em, 0.25
em, 0.25
em, 0.25
em, 0.25
em, 0.25
em, 0.25
em, 0.25
em, 0.25
em, 0.25
em, 0.25
em, 0.25
em, 0.25
em, 0.25
em, 0.25
em, 0.25
em, 0.25
em, 0.25
em, 0.25
em, 0.25
em, 0.25
em, 0.25
em, 0.25
em, 0.25
em, 0.25
em, 0.25
em, 0.25
em, 0.25
em, 0.25
em, 0.25
em, 0.25
em, 0.25
em, 0.25
em, 0.25
em, 0.25
em, 0.25
em, 0.25
em, 0.25
em, 0.25
em, 0.25
em, 0.25
em, 0.25
em, 0.25
em, 0.25
em, 0.25
em, 0.25
em, 0.25
em, 0.25
em, 0.25
em, 0.25
em, 0.25
em, 0.25
em, 0.25
em, 0.25
em, 0.25
em, 0.25
em, 0.25
em, 0.25
em, 0.25
em, 0.25
em, 0.25
em, 0.25
em, 0.25
em, 0.25
em, 0.25
em, 0.25
em, 0.25
em, 0.25
em, 0.25
em, 0.25
em, 0.25
em, 0.25
em, 0.25
em, 0.25
em, 0.25
em, 0.25
em, 0.25
em, 0.25
em, 0.25
em, 0.25
em, 0.25
em, 0.25
em, 0.25
em, 0.25
em, 0.25
em, 0.25
em, 0.25
em, 0.25
em, 0.25
em, 0.25
em, 0.25
em, 0.25
em, 0.25
em, 0.25
em, 0.25
em, 0.25
em, 0.25
em, 0.25
em, 0.25
em, 0.25
em, 0.25
em, 0.25
em, 0.25
em, 0.25
em, 0.25
em, 0.25
em, 0.25
em, 0.25
em, 0.25
em, 0.25
em, 0.25
em, 0.25
em, 0.25
em, 0.25
em, 0.25
em, 0.25
em, 0.25
em, 0.25
em, 0.25
em, 0.25
em, 0.25
em, 0.25
em, 0.25
em, 0.25
em, 0.25
em, 0.25
em, 0.25
em, 0.25
em, 0.25
em, 0.25
em, 0.25
em, 0.25
em, 0.25
em, 0.25
em, 0.25
em, 0.25
em, 0.25
em, 0.25
em, 0.25
em, 0.25
em, 0.25
em, 0.25
em, 0.25
em, 0.25
em, 0.25
em, 0.25
em, 0.25
em, 0.25
em, 0.25
em, 0.25
em, 0.25
em, 0.25
em, 0.25
em, 0.25
em, 0.25
em, 0.25
em, 0.25
em, 0.25
em, 0.25
em, 0.25
em, 0.25
em, 0.25
em, 0.25
em, 0.25
em, 0.25
em, 0.25
em, 0.25
em, 0.25
em, 0.25
em, 0.25
em, 0.25
em, 0.25
em, 0.25
em, 0.25
em, 0.25
em, 0.25
em, 0.25
em, 0.25
em, 0.25
em, 0.25
em, 0.25
em, 0.25
em, 0.25
em, 0.25
em, 0.25
em, 0.25
em, 0.25
em, 0.25
em, 0.25
em, 0.25
em, 0.25
em, 0.25
em, 0.25
em, 0.25
em, 0.25
em, 0.25
em, 0.25
em, 0.25
em, 0.25
em, 0.25
em, 0.25
em, 0.25
em, 0.25
em, 0.25
em, 0.25
em, 0.25
em, 0.25
em, 0.25
em, 0.25
em, 0.25
em, 0.25
em, 0.25
em, 0.25
em, 0.25
em, 0.25
em, 0.25
em, 0.25
em, 0.25
em, 0.25
em, 0.25
em, 0.25
em, 0.25
em, 0.25
em, 0.25
em, 0.25
em, 0.25
em, 0.25
em, 0.25
em, 0.25
em, 0.25
em, 0.25
em, 0.25
em, 0.25
em, 0.25
em, 0.25
em, 0.25
em, 0.25
em, 0.25
em, 0.25
em, 0.25
em, 0.25
em, 0.25
em, 0.25
em, 0.25
em, 0.25
em, 0.25
em, 0.25
em, 0.25
em, 0.25
em, 0.25
em, 0.25
em, 0.25
em, 0.25
em, 0.25
em, 0.25
em, 0.25
em, 0.25
em, 0.25
em, 0.25
em, 0.25
em, 0.25
em, 0.25
em, 0.25
em, 0.25
em, 0.25
em, 0.25
em, 0.25
em, 0.25
em, 0.25
em, 0.25
em, 0.25
em, 0.25
em, 0.25
em, 0.25
em, 0.25
em, 0.25
em, 0.25
em, 0.25
em, 0.25
em, 0.25
em, 0.25
em, 0.25
em, 0.25
em, 0.25
em, 0.25
em, 0.25
em, 0.25
em, 0.25
em, 0.25
em, 0.25
em, 0.25
em, 0.25
em, 0.25
em, 0.25
em, 0.25
em, 0.25
em, 0.25
em, 0.25
em, 0.25
em, 0.25
em, 0.25
em, 0.25
em, 0.25
em, 0.25
em, 0.25
em, 0.25
em, 0.25
em, 0.25
em, 0.25
em, 0.25
em, 0.25
em, 0.25
em, 0.26
em, 0.26
em, 0.26
em, 0.26
em, 0.26
em, 0.26
em, 0.26
em, 0.26
em, 0.26
em, 0.26
em, 0.26
em, 0.26
em, 0.26
em, 0.26
em, 0.26
em, 0.26
em, 0.26
em, 0.26
em, 0.26
em, 0.26
em, 0.26
em, 0.26
em, 0.26
em, 0.26
em, 0.26
em, 0.26
em, 0.26
em, 0.26
em, 0.26
em, 0.26
em, 0.26
em, 0.26
em, 0.26
em, 0.26
em, 0.26
em, 0.26
em, 0.26
em, 0.26
em, 0.26
em, 0.26
em, 0.26
em, 0.26
em, 0.26
em, 0.26
em, 0.26
em, 0.26
em, 0.26
em, 0.26
em, 0.26
em, 0.26
em, 0.26
em, 0.26
em, 0.26
em, 0.26
em, 0.26
em, 0.26
em, 0.26
em, 0.26
em, 0.26
em, 0.26
em, 0.26
em, 0.26
em, 0.26
em, 0.26
em, 0.26
em, 0.26
em, 0.26
em, 0.26
em, 0.26
em, 0.26
em, 0.26
em, 0.26
em, 0.26
em, 0.26
em, 0.26
em, 0.26
em, 0.26
em, 0.26
em, 0.26
em, 0.26
em, 0.26
em, 0.26
em, 0.26
em, 0.26
em, 0.26
em, 0.26
em, 0.26
em, 0.26
em, 0.26
em, 0.26
em, 0.26
em, 0.26
em, 0.26
em, 0.26
em, 0.26
em, 0.26
em, 0.26
em, 0.26
em, 0.26
em, 0.26
em, 0.26
em, 0.26
em, 0.26
em, 0.26
em, 0.26
em, 0.26
em, 0.26
em, 0.26
em, 0.26
em, 0.26
em, 0.26
em, 0.26
em, 0.26
em, 0.26
em, 0.26
em, 0.26
em, 0.26
em, 0.26
em, 0.26
em, 0.26
em, 0.26
em, 0.26
em, 0.26
em, 0.26
em, 0.26
em, 0.26
em, 0.26
em, 0.26
em, 0.26
em, 0.26
em, 0.26
em, 0.26
em, 0.26
em, 0.26
em, 0.26
em, 0.26
em, 0.26
em, 0.26
em, 0.26
em, 0.26
em, 0.26
em, 0.26
em, 0.26
em, 0.26
em, 0.26
em, 0.26
em, 0.26
em, 0.26
em, 0.26
em, 0.26
em, 0.26
em, 0.26
em, 0.26
em, 0.26
em, 0.26
em, 0.26
em, 0.26
em, 0.26
em, 0.26
em, 0.26
em, 0.26
em, 0.26
em, 0.26
em, 0.26
em, 0.26
em, 0.26
em, 0.26
em, 0.26
em, 0.26
em, 0.26
em, 0.26
em, 0.26
em, 0.26
em, 0.26
em, 0.26
em, 0.26
em, 0.26
em, 0.26
em, 0.26
em, 0.26
em, 0.26
em, 0.26
em, 0.26
em, 0.26
em, 0.26
em, 0.26
em, 0.26
em, 0.26
em, 0.26
em, 0.26
em, 0.26
em, 0.26
em, 0.26
em, 0.26
em, 0.26
em, 0.26
em, 0.26
em, 0.26
em, 0.26
em, 0.26
em, 0.26
em, 0.26
em, 0.26
em, 0.26
em, 0.26
em, 0.26
em, 0.26
em, 0.26
em, 0.26
em, 0.26
em, 0.26
em, 0.26
em, 0.26
em, 0.26
em, 0.26
em, 0.26
em, 0.26
em, 0.26
em, 0.26
em, 0.26
em, 0.26
em, 0.26
em, 0.26
em, 0.26
em, 0.26
em, 0.26
em, 0.26
em, 0.26
em, 0.26
em, 0.26
em, 0.26
em, 0.26
em, 0.26
em, 0.26
em, 0.26
em, 0.26
em, 0.26
em, 0.26
em, 0.26
em, 0.26
em, 0.26
em, 0.26
em, 0.26
em, 0.26
em, 0.26
em, 0.26
em, 0.26
em, 0.26
em, 0.26
em, 0.26
em, 0.26
em, 0.26
em, 0.26
em, 0.26
em, 0.26
em, 0.26
em, 0.26
em, 0.26
em, 0.26
em, 0.26
em, 0.26
em, 0.26
em, 0.26
em, 0.26
em, 0.26
em, 0.26
em, 0.26
em, 0.26
em, 0.26
em, 0.26
em, 0.26
em, 0.26
em, 0.26
em, 0.26
em, 0.26
em, 0.26
em, 0.26
em, 0.26
em, 0.26
em, 0.26
em, 0.26
em, 0.26
em, 0.26
em, 0.26
em, 0.26
em, 0.26
em, 0.26
em, 0.26
em, 0.26
em, 0.26
em, 0.26
em, 0.26
em, 0.26
em, 0.26
em, 0.26
em, 0.26
em, 0.26
em, 0.26
em, 0.26
em, 0.26
em, 0.26
em, 0.26
em, 0.26
em, 0.26
em, 0.26
em, 0.26
em, 0.26
em, 0.26
em, 0.26
em, 0.26
em, 0.26
em, 0.26
em, 0.26
em, 0.26
em, 0.26
em, 0.26
em, 0.26
em, 0.26
em, 0.26
em, 0.26
em, 0.26
em, 0.26
em, 0.26
em, 0.26
em, 0.26
em, 0.26
em, 0.26
em, 0.26
em, 0.26
em, 0.26
em, 0.26
em, 0.26
em, 0.26
em, 0.26
em, 0.26
em, 0.26
em, 0.26
em, 0.26
em, 0.26
em, 0.26
em, 0.26
em, 0.26
em, 0.26
em, 0.26
em, 0.26
em, 0.26
em, 0.26
em, 0.26
em, 0.26
em, 0.26
em, 0.26
em, 0.26
em, 0.26
em, 0.26
em, 0.26
em, 0.26
em, 0.26
em, 0.26
em, 0.26
em, 0.26
em, 0.26
em, 0.26
em, 0.26
em, 0.26
em, 0.26
em, 0.26
em, 0.26
em, 0.26
em, 0.26
em, 0.26
em, 0.26
em, 0.26
em, 0.26
em, 0.26
em, 0.26
em, 0.26
em, 0.26
em, 0.26
em, 0.26
em, 0.27
em, 0.27
em, 0.27
em, 0.27
em, 0.27
em, 0.27
em, 0.27
em, 0.27
em, 0.27
em, 0.27
em, 0.27
em, 0.27
em, 0.27
em, 0.27
em, 0.27
em, 0.27
em, 0.27
em, 0.27
em, 0.27
em, 0.27
em, 0.27
em, 0.27
em, 0.27
em, 0.27
em, 0.27
em, 0.27
em, 0.27
em, 0.27
em, 0.27
em, 0.27
em, 0.27
em, 0.27
em, 0.27
em, 0.27
em, 0.27
em, 0.27
em, 0.27
em, 0.27
em, 0.27
em, 0.27
em, 0.27
em, 0.27
em, 0.27
em, 0.27
em, 0.27
em, 0.27
em, 0.27
em, 0.27
em, 0.27
em, 0.27
em, 0.27
em, 0.27
em, 0.27
em, 0.27
em, 0.27
em, 0.27
em, 0.27
em, 0.27
em, 0.27
em, 0.27
em, 0.27
em, 0.27
em, 0.27
em, 0.27
em, 0.27
em, 0.27
em, 0.27
em, 0.27
em, 0.27
em, 0.27
em, 0.27
em, 0.27
em, 0.27
em, 0.27
em, 0.27
em, 0.27
em, 0.27
em, 0.27
em, 0.27
em, 0.27
em, 0.27
em, 0.27
em, 0.27
em, 0.27
em, 0.27
em, 0.27
em, 0.27
em, 0.27
em, 0.27
em, 0.27
em, 0.27
em, 0.27
em, 0.27
em, 0.27
em, 0.27
em, 0.27
em, 0.27
em, 0.27
em, 0.27
em, 0.27
em, 0.27
em, 0.27
em, 0.27
em, 0.27
em, 0.27
em, 0.27
em, 0.27
em, 0.27
em, 0.27
em, 0.27
em, 0.27
em, 0.27
em, 0.27
em, 0.27
em, 0.27
em, 0.27
em, 0.27
em, 0.27
em, 0.27
em, 0.27
em, 0.27
em, 0.27
em, 0.27
em, 0.27
em, 0.27
em, 0.27
em, 0.27
em, 0.27
em, 0.27
em, 0.27
em, 0.27
em, 0.27
em, 0.27
em, 0.27
em, 0.27
em, 0.27
em, 0.27
em, 0.27
em, 0.27
em, 0.27
em, 0.27
em, 0.27
em, 0.27
em, 0.27
em, 0.27
em, 0.27
em, 0.27
em, 0.27
em, 0.27
em, 0.27
em, 0.27
em, 0.27
em, 0.27
em, 0.27
em, 0.27
em, 0.27
em, 0.27
em, 0.27
em, 0.27
em, 0.27
em, 0.27
em, 0.27
em, 0.27
em, 0.27
em, 0.27
em, 0.27
em, 0.27
em, 0.27
em, 0.27
em, 0.27
em, 0.27
em, 0.27
em, 0.27
em, 0.27
em, 0.27
em, 0.27
em, 0.27
em, 0.27
em, 0.27
em, 0.27
em, 0.27
em, 0.27
em, 0.27
em, 0.27
em, 0.27
em, 0.27
em, 0.27
em, 0.27
em, 0.27
em, 0.27
em, 0.27
em, 0.27
em, 0.27
em, 0.27
em, 0.27
em, 0.27
em, 0.27
em, 0.27
em, 0.27
em, 0.27
em, 0.27
em, 0.27
em, 0.27
em, 0.27
em, 0.27
em, 0.27
em, 0.27
em, 0.27
em, 0.27
em, 0.27
em, 0.27
em, 0.27
em, 0.27
em, 0.27
em, 0.27
em, 0.27
em, 0.27
em, 0.27
em, 0.27
em, 0.27
em, 0.27
em, 0.27
em, 0.27
em, 0.27
em, 0.27
em, 0.27
em, 0.27
em, 0.27
em, 0.27
em, 0.27
em, 0.27
em, 0.27
em, 0.27
em, 0.27
em, 0.27
em, 0.27
em, 0.27
em, 0.27
em, 0.27
em, 0.27
em, 0.27
em, 0.27
em, 0.27
em, 0.27
em, 0.27
em, 0.27
em, 0.27
em, 0.27
em, 0.27
em, 0.27
em, 0.27
em, 0.27
em, 0.27
em, 0.27
em, 0.27
em, 0.27
em, 0.27
em, 0.27
em, 0.27
em, 0.27
em, 0.27
em, 0.27
em, 0.27
em, 0.27
em, 0.27
em, 0.27
em, 0.27
em, 0.27
em, 0.27
em, 0.27
em, 0.27
em, 0.27
em, 0.27
em, 0.27
em, 0.27
em, 0.27
em, 0.27
em, 0.27
em, 0.27
em, 0.27
em, 0.27
em, 0.27
em, 0.27
em, 0.27
em, 0.27
em, 0.27
em, 0.27
em, 0.27
em, 0.27
em, 0.27
em, 0.27
em, 0.27
em, 0.27
em, 0.27
em, 0.27
em, 0.27
em, 0.27
em, 0.27
em, 0.27
em, 0.27
em, 0.27
em, 0.27
em, 0.27
em, 0.27
em, 0.27
em, 0.27
em, 0.27
em, 0.27
em, 0.27
em, 0.27
em, 0.27
em, 0.27
em, 0.27
em, 0.27
em, 0.27
em, 0.27
em, 0.27
em, 0.27
em, 0.27
em, 0.27
em, 0.27
em, 0.27
em, 0.27
em, 0.27
em, 0.27
em, 0.27
em, 0.27
em, 0.27
em, 0.27
em, 0.27
em, 0.27
em, 0.27
em, 0.27
em, 0.27
em, 0.27
em, 0.27
em, 0.27
em, 0.27
em, 0.27
em, 0.27
em, 0.27
em, 0.27
em, 0.27
em, 0.27
em, 0.27
em, 0.27
em, 0.27
em, 0.27
em, 0.27
em, 0.27
em, 0.27
em, 0.27
em, 0.27
em, 0.27
em, 0.27
em, 0.27
em, 0.27
em, 0.27
em, 0.27
em, 0.27
em, 0.27
em, 0.27
em, 0.27
em, 0.27
em, 0.27
em, 0.27
em, 0.27
em, 0.27
em, 0.27
em, 0.27
em, 0.27
em, 0.27
em, 0.27
em, 0.27
em, 0.27
em, 0.27
em, 0.27
em, 0.27
em, 0.27
em, 0.27
em, 0.27
em, 0.27
em, 0.27
em, 0.27
em, 0.27
em, 0.27
em, 0.27
em, 0.27
em, 0.27
em, 0.27
em, 0.27
em, 0.27
em, 0.27
em, 0.27
em, 0.27
em, 0.27
em, 0.27
em, 0.27
em, 0.27
em, 0.27
em, 0.27
em, 0.27
em, 0.27
em, 0.27
em, 0.27
em, 0.27
em, 0.27
em, 0.28
em, 0.28
em, 0.28
em, 0.28
em, 0.28
em, 0.28
em, 0.28
em, 0.28
em, 0.28
em, 0.28
em, 0.28
em, 0.28
em, 0.28
em, 0.28
em, 0.28
em, 0.28
em, 0.28
em, 0.28
em, 0.28
em, 0.28
em, 0.28
em, 0.28
em, 0.28
em, 0.28
em, 0.28
em, 0.28
em, 0.28
em, 0.28
em, 0.28
em, 0.28
em, 0.28
em, 0.28
em, 0.28
em, 0.28
em, 0.28
em, 0.28
em, 0.28
em, 0.28
em, 0.28
em, 0.28
em, 0.28
em, 0.28
em, 0.28
em, 0.28
em, 0.28
em, 0.28
em, 0.28
em, 0.28
em, 0.28
em, 0.28
em, 0.28
em, 0.28
em, 0.28
em, 0.28
em, 0.28
em, 0.28
em, 0.28
em, 0.28
em, 0.28
em, 0.28
em, 0.28
em, 0.28
em, 0.28
em, 0.28
em, 0.28
em, 0.28
em, 0.28
em, 0.28
em, 0.28
em, 0.28
em, 0.28
em, 0.28
em, 0.28
em, 0.28
em, 0.28
em, 0.28
em, 0.28
em, 0.28
em, 0.28
em, 0.28
em, 0.28
em, 0.28
em, 0.28
em, 0.28
em, 0.28
em, 0.28
em, 0.28
em, 0.28
em, 0.28
em, 0.28
em, 0.28
em, 0.28
em, 0.28
em, 0.28
em, 0.28
em, 0.28
em, 0.28
em, 0.28
em, 0.28
em, 0.28
em, 0.28
em, 0.28
em, 0.28
em, 0.28
em, 0.28
em, 0.28
em, 0.28
em, 0.28
em, 0.28
em, 0.28
em, 0.28
em, 0.28
em, 0.28
em, 0.28
em, 0.28
em, 0.28
em, 0.28
em, 0.28
em, 0.28
em, 0.28
em, 0.28
em, 0.28
em, 0.28
em, 0.28
em, 0.28
em, 0.28
em, 0.28
em, 0.28
em, 0.28
em, 0.28
em, 0.28
em, 0.28
em, 0.28
em, 0.28
em, 0.28
em, 0.28
em, 0.28
em, 0.28
em, 0.28
em, 0.28
em, 0.28
em, 0.28
em, 0.28
em, 0.28
em, 0.28
em, 0.28
em, 0.28
em, 0.28
em, 0.28
em, 0.28
em, 0.28
em, 0.28
em, 0.28
em, 0.28
em, 0.28
em, 0.28
em, 0.28
em, 0.28
em, 0.28
em, 0.28
em, 0.28
em, 0.28
em, 0.28
em, 0.28
em, 0.28
em, 0.28
em, 0.28
em, 0.28
em, 0.28
em, 0.28
em, 0.28
em, 0.28
em, 0.28
em, 0.28
em, 0.28
em, 0.28
em, 0.28
em, 0.28
em, 0.28
em, 0.28
em, 0.28
em, 0.28
em, 0.28
em, 0.28
em, 0.28
em, 0.28
em, 0.28
em, 0.28
em, 0.28
em, 0.28
em, 0.28
em, 0.28
em, 0.28
em, 0.28
em, 0.28
em, 0.28
em, 0.28
em, 0.28
em, 0.28
em, 0.28
em, 0.28
em, 0.28
em, 0.28
em, 0.28
em, 0.28
em, 0.28
em, 0.28
em, 0.28
em, 0.28
em, 0.28
em, 0.28
em, 0.28
em, 0.28
em, 0.28
em, 0.28
em, 0.28
em, 0.28
em, 0.28
em, 0.28
em, 0.28
em, 0.28
em, 0.28
em, 0.28
em, 0.28
em, 0.28
em, 0.28
em, 0.28
em, 0.28
em, 0.28
em, 0.28
em, 0.28
em, 0.28
em, 0.28
em, 0.28
em, 0.28
em, 0.28
em, 0.28
em, 0.28
em, 0.28
em, 0.28
em, 0.28
em, 0.28
em, 0.28
em, 0.28
em, 0.28
em, 0.28
em, 0.28
em, 0.28
em, 0.28
em, 0.28
em, 0.28
em, 0.28
em, 0.28
em, 0.28
em, 0.28
em, 0.28
em, 0.28
em, 0.28
em, 0.28
em, 0.28
em, 0.28
em, 0.28
em, 0.28
em, 0.28
em, 0.28
em, 0.28
em, 0.28
em, 0.28
em, 0.28
em, 0.28
em, 0.28
em, 0.28
em, 0.28
em, 0.28
em, 0.28
em, 0.28
em, 0.28
em, 0.28
em, 0.28
em, 0.28
em, 0.28
em, 0.28
em, 0.28
em, 0.28
em, 0.28
em, 0.28
em, 0.28
em, 0.28
em, 0.28
em, 0.28
em, 0.28
em, 0.28
em, 0.28
em, 0.28
em, 0.28
em, 0.28
em, 0.28
em, 0.28
em, 0.28
em, 0.28
em, 0.28
em, 0.28
em, 0.28
em, 0.28
em, 0.28
em, 0.28
em, 0.28
em, 0.28
em, 0.28
em, 0.28
em, 0.28
em, 0.28
em, 0.28
em, 0.28
em, 0.28
em, 0.28
em, 0.28
em, 0.28
em, 0.28
em, 0.28
em, 0.28
em, 0.28
em, 0.28
em, 0.28
em, 0.28
em, 0.28
em, 0.28
em, 0.28
em, 0.28
em, 0.28
em, 0.28
em, 0.28
em, 0.28
em, 0.28
em, 0.28
em, 0.28
em, 0.28
em, 0.28
em, 0.28
em, 0.28
em, 0.28
em, 0.28
em, 0.28
em, 0.28
em, 0.28
em, 0.28
em, 0.28
em, 0.28
em, 0.28
em, 0.28
em, 0.28
em, 0.28
em, 0.28
em, 0.28
em, 0.28
em, 0.28
em, 0.28
em, 0.28
em, 0.28
em, 0.28
em, 0.28
em, 0.28
em, 0.28
em, 0.28
em, 0.28
em, 0.28
em, 0.28
em, 0.28
em, 0.28
em, 0.28
em, 0.28
em, 0.28
em, 0.28
em, 0.28
em, 0.28
em, 0.28
em, 0.28
em, 0.28
em, 0.28
em, 0.28
em, 0.28
em, 0.28
em, 0.28
em, 0.28
em, 0.28
em, 0.28
em, 0.28
em, 0.28
em, 0.28
em, 0.28
em, 0.28
em, 0.28
em, 0.28
em, 0.28
em, 0.28
em, 0.28
em, 0.28
em, 0.28
em, 0.28
em, 0.28
em, 0.28
em, 0.28
em, 0.28
em, 0.28
em, 0.28
em, 0.28
em, 0.28
em, 0.28
em, 0.28
em, 0.28
em, 0.28
em, 0.28
em, 0.28
em, 0.28
em, 0.28
em, 0.28
em, 0.28
em, 0.28
em, 0.28
em, 0.28
em, 0.28
em, 0.28
em, 0.28
em, 0.28
em, 0.28
em, 0.28
em, 0.28
em, 0.28
em, 0.28
em, 0.28
em, 0.28
em, 0.28
em, 0.28
em, 0.28
em, 0.28
em, 0.28
em, 0.28
em, 0.28
em, 0.28
em, 0.28
em, 0.28
em, 0.28
em, 0.28
em, 0.28
em, 0.28
em, 0.28
em, 0.28
em, 0.28
em, 0.28
em, 0.28
em, 0.28
em, 0.28
em, 0.28
em, 0.28
em, 0.28
em, 0.28
em, 0.28
em, 0.28
em, 0.28
em, 0.28
em, 0.28
em, 0.28
em, 0.28
em, 0.28
em, 0.29
em, 0.29
em, 0.29
em, 0.29
em, 0.29
em, 0.29
em, 0.29
em, 0.29
em, 0.29
em, 0.29
em, 0.29
em, 0.29
em, 0.29
em, 0.29
em, 0.29
em, 0.29
em, 0.29
em, 0.29
em, 0.29
em, 0.29
em, 0.29
em, 0.29
em, 0.29
em, 0.29
em, 0.29
em, 0.29
em, 0.29
em, 0.29
em, 0.29
em, 0.29
em, 0.29
em, 0.29
em, 0.29
em, 0.29
em, 0.29
em, 0.29
em, 0.29
em, 0.29
em, 0.29
em, 0.29
em, 0.29
em, 0.29
em, 0.29
em, 0.29
em, 0.29
em, 0.29
em, 0.29
em, 0.29
em, 0.29
em, 0.29
em, 0.29
em, 0.29
em, 0.29
em, 0.29
em, 0.29
em, 0.29
em, 0.29
em, 0.29
em, 0.29
em, 0.29
em, 0.29
em, 0.29
em, 0.29
em, 0.29
em, 0.29
em, 0.29
em, 0.29
em, 0.29
em, 0.29
em, 0.29
em, 0.29
em, 0.29
em, 0.29
em, 0.29
em, 0.29
em, 0.29
em, 0.29
em, 0.29
em, 0.29
em, 0.29
em, 0.29
em, 0.29
em, 0.29
em, 0.29
em, 0.29
em, 0.29
em, 0.29
em, 0.29
em, 0.29
em, 0.29
em, 0.29
em, 0.29
em, 0.29
em, 0.29
em, 0.29
em, 0.29
em, 0.29
em, 0.29
em, 0.29
em, 0.29
em, 0.29
em, 0.29
em, 0.29
em, 0.29
em, 0.29
em, 0.29
em, 0.29
em, 0.29
em, 0.29
em, 0.29
em, 0.29
em, 0.29
em, 0.29
em, 0.29
em, 0.29
em, 0.29
em, 0.29
em, 0.29
em, 0.29
em, 0.29
em, 0.29
em, 0.29
em, 0.29
em, 0.29
em, 0.29
em, 0.29
em, 0.29
em, 0.29
em, 0.29
em, 0.29
em, 0.29
em, 0.29
em, 0.29
em, 0.29
em, 0.29
em, 0.29
em, 0.29
em, 0.29
em, 0.29
em, 0.29
em, 0.29
em, 0.29
em, 0.29
em, 0.29
em, 0.29
em, 0.29
em, 0.29
em, 0.29
em, 0.29
em, 0.29
em, 0.29
em, 0.29
em, 0.29
em, 0.29
em, 0.29
em, 0.29
em, 0.29
em, 0.29
em, 0.29
em, 0.29
em, 0.29
em, 0.29
em, 0.29
em, 0.29
em, 0.29
em, 0.29
em, 0.29
em, 0.29
em, 0.29
em, 0.29
em, 0.29
em, 0.29
em, 0.29
em, 0.29
em, 0.29
em, 0.29
em, 0.29
em, 0.29
em, 0.29
em, 0.29
em, 0.29
em, 0.29
em, 0.29
em, 0.29
em, 0.29
em, 0.29
em, 0.29
em, 0.29
em, 0.29
em, 0.29
em, 0.29
em, 0.29
em, 0.29
em, 0.29
em, 0.29
em, 0.29
em, 0.29
em, 0.29
em, 0.29
em, 0.29
em, 0.29
em, 0.29
em, 0.29
em, 0.29
em, 0.29
em, 0.29
em, 0.29
em, 0.29
em, 0.29
em, 0.29
em, 0.29
em, 0.29
em, 0.29
em, 0.29
em, 0.29
em, 0.29
em, 0.29
em, 0.29
em, 0.29
em, 0.29
em, 0.29
em, 0.29
em, 0.29
em, 0.29
em, 0.29
em, 0.29
em, 0.29
em, 0.29
em, 0.29
em, 0.29
em, 0.29
em, 0.29
em, 0.29
em, 0.29
em, 0.29
em, 0.29
em, 0.29
em, 0.29
em, 0.29
em, 0.29
em, 0.29
em, 0.29
em, 0.29
em, 0.29
em, 0.29
em, 0.29
em, 0.29
em, 0.29
em, 0.29
em, 0.29
em, 0.29
em, 0.29
em, 0.29
em, 0.29
em, 0.29
em, 0.29
em, 0.29
em, 0.29
em, 0.29
em, 0.29
em, 0.29
em, 0.29
em, 0.29
em, 0.29
em, 0.29
em, 0.29
em, 0.29
em, 0.29
em, 0.29
em, 0.29
em, 0.29
em, 0.29
em, 0.29
em, 0.29
em, 0.29
em, 0.29
em, 0.29
em, 0.29
em, 0.29
em, 0.29
em, 0.29
em, 0.29
em, 0.29
em, 0.29
em, 0.29
em, 0.29
em, 0.29
em, 0.29
em, 0.29
em, 0.29
em, 0.29
em, 0.29
em, 0.29
em, 0.29
em, 0.29
em, 0.29
em, 0.29
em, 0.29
em, 0.29
em, 0.29
em, 0.29
em, 0.29
em, 0.29
em, 0.29
em, 0.29
em, 0.29
em, 0.29
em, 0.29
em, 0.29
em, 0.29
em, 0.29
em, 0.29
em, 0.29
em, 0.29
em, 0.29
em, 0.29
em, 0.29
em, 0.29
em, 0.29
em, 0.29
em, 0.29
em, 0.29
em, 0.29
em, 0.29
em, 0.29
em, 0.29
em, 0.29
em, 0.29
em, 0.29
em, 0.29
em, 0.29
em, 0.29
em, 0.29
em, 0.29
em, 0.29
em, 0.29
em, 0.29
em, 0.29
em, 0.29
em, 0.29
em, 0.29
em, 0.29
em, 0.29
em, 0.29
em, 0.29
em, 0.29
em, 0.29
em, 0.29
em, 0.29
em, 0.29
em, 0.29
em, 0.29
em, 0.29
em, 0.29
em, 0.29
em, 0.29
em, 0.29
em, 0.29
em, 0.29
em, 0.29
em, 0.29
em, 0.29
em, 0.29
em, 0.29
em, 0.29
em, 0.29
em, 0.29
em, 0.29
em, 0.29
em, 0.29
em, 0.29
em, 0.29
em, 0.29
em, 0.29
em, 0.29
em, 0.29
em, 0.29
em, 0.29
em, 0.29
em, 0.29
em, 0.29
em, 0.29
em, 0.29
em, 0.29
em, 0.29
em, 0.29
em, 0.29
em, 0.29
em, 0.29
em, 0.29
em, 0.29
em, 0.29
em, 0.29
em, 0.29
em, 0.29
em, 0.29
em, 0.29
em, 0.29
em, 0.29
em, 0.29
em, 0.29
em, 0.29
em, 0.29
em, 0.29
em, 0.29
em, 0.29
em, 0.29
em, 0.29
em, 0.29
em, 0.29
em, 0.29
em, 0.29
em, 0.29
em, 0.29
em, 0.29
em, 0.29
em, 0.29
em, 0.29
em, 0.29
em, 0.29
em, 0.29
em, 0.29
em, 0.29
em, 0.29
em, 0.29
em, 0.29
em, 0.29
em, 0.29
em, 0.29
em, 0.29
em, 0.29
em, 0.29
em, 0.29
em, 0.29
em, 0.29
em, 0.29
em, 0.29
em, 0.29
em, 0.29
em, 0.29
em, 0.29
em, 0.29
em, 0.29
em, 0.29
em, 0.29
em, 0.29
em, 0.29
em, 0.29
em, 0.29
em, 0.29
em, 0.29
em, 0.29
em, 0.29
em, 0.29
em, 0.29
em, 0.29
em, 0.29
em, 0.29
em, 0.29
em, 0.29
em, 0.29
em, 0.29
em, 0.29
em, 0.29
em, 0.29
em, 0.29
em, 0.29
em, 0.29
em, 0.29
em, 0.29
em, 0.29
em, 0.29
em, 0.29
em, 0.29
em, 0.29
em, 0.29
em, 0.29
em, 0.29
em, 0.29
em, 0.29
em, 0.29
em, 0.29
em, 0.29
em, 0.29
em, 0.29
em, 0.30
em, 0.30
em, 0.30
em, 0.30
em, 0.30
em, 0.30
em, 0.30
em, 0.30
em, 0.30
em, 0.30
em, 0.30
em, 0.30
em, 0.30
em, 0.30
em, 0.30
em, 0.30
em, 0.30
em, 0.30
em, 0.30
em, 0.30
em, 0.30
em, 0.30
em, 0.30
em, 0.30
em, 0.30
em, 0.30
em, 0.30
em, 0.30
em, 0.30
em, 0.30
em, 0.30
em, 0.30
em, 0.30
em, 0.30
em, 0.30
em, 0.30
em, 0.30
em, 0.30
em, 0.30
em, 0.30
em, 0.30
em, 0.30
em, 0.30
em, 0.30
em, 0.30
em, 0.30
em, 0.30
em, 0.30
em, 0.30
em, 0.30
em, 0.30
em, 0.30
em, 0.30
em, 0.30
em, 0.30
em, 0.30
em, 0.30
em, 0.30
em, 0.30
em, 0.30
em, 0.30
em, 0.30
em, 0.30
em, 0.30
em, 0.30
em, 0.30
em, 0.30
em, 0.30
em, 0.30
em, 0.30
em, 0.30
em, 0.30
em, 0.30
em, 0.30
em, 0.30
em, 0.30
em, 0.30
em, 0.30
em, 0.30
em, 0.30
em, 0.30
em, 0.30
em, 0.30
em, 0.30
em, 0.30
em, 0.30
em, 0.30
em, 0.30
em, 0.30
em, 0.30
em, 0.30
em, 0.30
em, 0.30
em, 0.30
em, 0.30
em, 0.30
em, 0.30
em, 0.30
em, 0.30
em, 0.30
em, 0.30
em, 0.30
em, 0.30
em, 0.30
em, 0.30
em, 0.30
em, 0.30
em, 0.30
em, 0.30
em, 0.30
em, 0.30
em, 0.30
em, 0.30
em, 0.30
em, 0.30
em, 0.30
em, 0.30
em, 0.30
em, 0.30
em, 0.30
em, 0.30
em, 0.30
em, 0.30
em, 0.30
em, 0.30
em, 0.30
em, 0.30
em, 0.30
em, 0.30
em, 0.30
em, 0.30
em, 0.30
em, 0.30
em, 0.30
em, 0.30
em, 0.30
em, 0.30
em, 0.30
em, 0.30
em, 0.30
em, 0.30
em, 0.30
em, 0.30
em, 0.30
em, 0.30
em, 0.30
em, 0.30
em, 0.30
em, 0.30
em, 0.30
em, 0.30
em, 0.30
em, 0.30
em, 0.30
em, 0.30
em, 0.30
em, 0.30
em, 0.30
em, 0.30
em, 0.30
em, 0.30
em, 0.30
em, 0.30
em, 0.30
em, 0.30
em, 0.30
em, 0.30
em, 0.30
em, 0.30
em, 0.30
em, 0.30
em, 0.30
em, 0.30
em, 0.30
em, 0.30
em, 0.30
em, 0.30
em, 0.30
em, 0.30
em, 0.30
em, 0.30
em, 0.30
em, 0.30
em, 0.30
em, 0.30
em, 0.30
em, 0.30
em, 0.30
em, 0.30
em, 0.30
em, 0.30
em, 0.30
em, 0.30
em, 0.30
em, 0.30
em, 0.30
em, 0.30
em, 0.30
em, 0.30
em, 0.30
em, 0.30
em, 0.30
em, 0.30
em, 0.30
em, 0.30
em, 0.30
em, 0.30
em, 0.30
em, 0.30
em, 0.30
em, 0.30
em, 0.30
em, 0.30
em, 0.30
em, 0.30
em, 0.30
em, 0.30
em, 0.30
em, 0.30
em, 0.30
em, 0.30
em, 0.30
em, 0.30
em, 0.30
em, 0.30
em, 0.30
em, 0.30
em, 0.30
em, 0.30
em, 0.30
em, 0.30
em, 0.30
em, 0.30
em, 0.30
em, 0.30
em, 0.30
em, 0.30
em, 0.30
em, 0.30
em, 0.30
em, 0.30
em, 0.30
em, 0.30
em, 0.30
em, 0.30
em, 0.30
em, 0.30
em, 0.30
em, 0.30
em, 0.30
em, 0.30
em, 0.30
em, 0.30
em, 0.30
em, 0.30
em, 0.30
em, 0.30
em, 0.30
em, 0.30
em, 0.30
em, 0.30
em, 0.30
em, 0.30
em, 0.30
em, 0.30
em, 0.30
em, 0.30
em, 0.30
em, 0.30
em, 0.30
em, 0.30
em, 0.30
em, 0.30
em, 0.30
em, 0.30
em, 0.30
em, 0.30
em, 0.30
em, 0.30
em, 0.30
em, 0.30
em, 0.30
em, 0.30
em, 0.30
em, 0.30
em, 0.30
em, 0.30
em, 0.30
em, 0.30
em, 0.30
em, 0.30
em, 0.30
em, 0.30
em, 0.30
em, 0.30
em, 0.30
em, 0.30
em, 0.30
em, 0.30
em, 0.30
em, 0.30
em, 0.30
em, 0.30
em, 0.30
em, 0.30
em, 0.30
em, 0.30
em, 0.30
em, 0.30
em, 0.30
em, 0.30
em, 0.30
em, 0.30
em, 0.30
em, 0.30
em, 0.30
em, 0.30
em, 0.30
em, 0.30
em, 0.30
em, 0.30
em, 0.30
em, 0.30
em, 0.30
em, 0.30
em, 0.30
em, 0.30
em, 0.30
em, 0.30
em, 0.30
em, 0.30
em, 0.30
em, 0.30
em, 0.30
em, 0.30
em, 0.30
em, 0.30
em, 0.30
em, 0.30
em, 0.30
em, 0.30
em, 0.30
em, 0.30
em, 0.30
em, 0.30
em, 0.30
em, 0.30
em, 0.30
em, 0.30
em, 0.30
em, 0.30
em, 0.30
em, 0.30
em, 0.30
em, 0.30
em, 0.30
em, 0.30
em, 0.30
em, 0.30
em, 0.30
em, 0.30
em, 0.30
em, 0.30
em, 0.30
em, 0.30
em, 0.30
em, 0.30
em, 0.30
em, 0.30
em, 0.30
em, 0.30
em, 0.30
em, 0.30
em, 0.30
em, 0.30
em, 0.30
em, 0.30
em, 0.30
em, 0.30
em, 0.30
em, 0.30
em, 0.30
em, 0.30
em, 0.30
em, 0.30
em, 0.30
em, 0.30
em, 0.30
em, 0.30
em, 0.30
em, 0.30
em, 0.30
em, 0.30
em, 0.30
em, 0.30
em, 0.30
em, 0.30
em, 0.30
em, 0.30
em, 0.30
em, 0.30
em, 0.30
em, 0.30
em, 0.30
em, 0.30
em, 0.30
em, 0.30
em, 0.30
em, 0.30
em, 0.30
em, 0.30
em, 0.30
em, 0.30
em, 0.30
em, 0.30
em, 0.30
em, 0.30
em, 0.30
em, 0.30
em, 0.30
em, 0.30
em, 0.30
em, 0.30
em, 0.30
em, 0.30
em, 0.30
em, 0.30
em, 0.30
em, 0.30
em, 0.30
em, 0.30
em, 0.30
em, 0.30
em, 0.30
em, 0.30
em, 0.30
em, 0.30
em, 0.30
em, 0.30
em, 0.30
em, 0.30
em, 0.30
em, 0.30
em, 0.30
em, 0.30
em, 0.30
em, 0.30
em, 0.30
em, 0.30
em, 0.30
em, 0.30
em, 0.30
em, 0.30
em, 0.30