f, 0.04
f, 0.04
f, 0.05
f, 0.07
f, 0.06
f, 0.06
f, 0.06
f, 0.06
f, 0.06
f, 0.06
f, 0.06
f, 0.05
f, 0.05
f, 0.05
f, 0.05
f, 0.05
f, 0.05
f, 0.05
f, 0.05
f, 0.05
f, 0.05
f, 0.06
f, 0.06
f, 0.05
f, 0.05
f, 0.06
f, 0.06
f, 0.06
f, 0.06
f, 0.06
f, 0.06
f, 0.06
f, 0.06
f, 0.06
f, 0.06
f, 0.06
f, 0.06
f, 0.06
f, 0.06
f, 0.06
f, 0.06
f, 0.06
f, 0.06
f, 0.06
f, 0.06
f, 0.06
f, 0.06
f, 0.06
f, 0.06
f, 0.07
f, 0.07
f, 0.07
f, 0.07
f, 0.07
f, 0.07
f, 0.07
f, 0.07
f, 0.07
f, 0.07
f, 0.07
f, 0.07
f, 0.07
f, 0.07
f, 0.07
f, 0.07
f, 0.07
f, 0.07
f, 0.07
f, 0.07
f, 0.07
f, 0.07
f, 0.07
f, 0.07
f, 0.07
f, 0.07
f, 0.07
f, 0.07
f, 0.07
f, 0.07
f, 0.07
f, 0.07
f, 0.07
f, 0.07
f, 0.07
f, 0.07
f, 0.07
f, 0.07
f, 0.07
f, 0.07
f, 0.07
f, 0.07
f, 0.07
f, 0.07
f, 0.07
f, 0.07
f, 0.07
f, 0.07
f, 0.07
f, 0.07
f, 0.08
f, 0.08
f, 0.07
f, 0.08
f, 0.08
f, 0.08
f, 0.08
f, 0.07
f, 0.07
f, 0.07
f, 0.07
f, 0.07
f, 0.07
f, 0.07
f, 0.07
f, 0.08
f, 0.08
f, 0.08
f, 0.08
f, 0.08
f, 0.08
f, 0.08
f, 0.08
f, 0.08
f, 0.08
f, 0.08
f, 0.08
f, 0.08
f, 0.08
f, 0.08
f, 0.07
f, 0.08
f, 0.08
f, 0.08
f, 0.08
f, 0.08
f, 0.08
f, 0.08
f, 0.08
f, 0.08
f, 0.08
f, 0.08
f, 0.08
f, 0.08
f, 0.08
f, 0.07
f, 0.07
f, 0.07
f, 0.07
f, 0.07
f, 0.07
f, 0.07
f, 0.07
f, 0.07
f, 0.07
f, 0.07
f, 0.07
f, 0.07
f, 0.07
f, 0.07
f, 0.07
f, 0.07
f, 0.07
f, 0.07
f, 0.07
f, 0.07
f, 0.07
f, 0.07
f, 0.07
f, 0.07
f, 0.07
f, 0.07
f, 0.07
f, 0.07
f, 0.07
f, 0.07
f, 0.07
f, 0.07
f, 0.07
f, 0.07
f, 0.07
f, 0.07
f, 0.07
f, 0.07
f, 0.08
f, 0.07
f, 0.07
f, 0.07
f, 0.08
f, 0.08
f, 0.08
f, 0.08
f, 0.08
f, 0.08
f, 0.08
f, 0.08
f, 0.08
f, 0.08
f, 0.08
f, 0.07
f, 0.08
f, 0.08
f, 0.08
f, 0.08
f, 0.08
f, 0.08
f, 0.08
f, 0.08
f, 0.08
f, 0.08
f, 0.08
f, 0.08
f, 0.08
f, 0.08
f, 0.08
f, 0.08
f, 0.08
f, 0.08
f, 0.08
f, 0.08
f, 0.08
f, 0.08
f, 0.08
f, 0.08
f, 0.08
f, 0.08
f, 0.08
f, 0.08
f, 0.08
f, 0.08
f, 0.08
f, 0.08
f, 0.08
f, 0.08
f, 0.08
f, 0.08
f, 0.08
f, 0.08
f, 0.08
f, 0.08
f, 0.08
f, 0.08
f, 0.08
f, 0.08
f, 0.08
f, 0.08
f, 0.08
f, 0.08
f, 0.08
f, 0.08
f, 0.08
f, 0.08
f, 0.08
f, 0.08
f, 0.08
f, 0.08
f, 0.08
f, 0.08
f, 0.08
f, 0.08
f, 0.08
f, 0.08
f, 0.08
f, 0.08
f, 0.08
f, 0.08
f, 0.08
f, 0.08
f, 0.08
f, 0.08
f, 0.08
f, 0.08
f, 0.08
f, 0.08
f, 0.08
f, 0.08
f, 0.08
f, 0.08
f, 0.08
f, 0.08
f, 0.08
f, 0.08
f, 0.08
f, 0.08
f, 0.08
f, 0.08
f, 0.08
f, 0.08
f, 0.08
f, 0.08
f, 0.08
f, 0.08
f, 0.08
f, 0.08
f, 0.08
f, 0.08
f, 0.08
f, 0.08
f, 0.08
f, 0.08
f, 0.08
f, 0.08
f, 0.08
f, 0.08
f, 0.08
f, 0.08
f, 0.08
f, 0.08
f, 0.08
f, 0.08
f, 0.08
f, 0.08
f, 0.08
f, 0.08
f, 0.08
f, 0.08
f, 0.08
f, 0.08
f, 0.08
f, 0.08
f, 0.08
f, 0.08
f, 0.08
f, 0.08
f, 0.08
f, 0.08
f, 0.08
f, 0.08
f, 0.08
f, 0.08
f, 0.08
f, 0.08
f, 0.08
f, 0.08
f, 0.08
f, 0.08
f, 0.08
f, 0.08
f, 0.08
f, 0.08
f, 0.08
f, 0.08
f, 0.08
f, 0.08
f, 0.08
f, 0.08
f, 0.08
f, 0.08
f, 0.08
f, 0.08
f, 0.08
f, 0.08
f, 0.08
f, 0.08
f, 0.08
f, 0.08
f, 0.08
f, 0.08
f, 0.08
f, 0.08
f, 0.08
f, 0.08
f, 0.08
f, 0.08
f, 0.08
f, 0.08
f, 0.08
f, 0.08
f, 0.08
f, 0.08
f, 0.08
f, 0.08
f, 0.08
f, 0.08
f, 0.08
f, 0.08
f, 0.08
f, 0.08
f, 0.08
f, 0.08
f, 0.08
f, 0.08
f, 0.08
f, 0.08
f, 0.08
f, 0.08
f, 0.08
f, 0.08
f, 0.08
f, 0.08
f, 0.08
f, 0.08
f, 0.08
f, 0.08
f, 0.08
f, 0.08
f, 0.08
f, 0.08
f, 0.08
f, 0.08
f, 0.08
f, 0.08
f, 0.08
f, 0.08
f, 0.08
f, 0.08
f, 0.08
f, 0.08
f, 0.08
f, 0.08
f, 0.08
f, 0.08
f, 0.08
f, 0.08
f, 0.08
f, 0.08
f, 0.08
f, 0.08
f, 0.08
f, 0.08
f, 0.08
f, 0.08
f, 0.08
f, 0.08
f, 0.08
f, 0.08
f, 0.08
f, 0.08
f, 0.08
f, 0.08
f, 0.08
f, 0.08
f, 0.08
f, 0.08
f, 0.08
f, 0.08
f, 0.08
f, 0.08
f, 0.08
f, 0.08
f, 0.08
f, 0.08
f, 0.08
f, 0.08
f, 0.08
f, 0.08
f, 0.08
f, 0.08
f, 0.08
f, 0.08
f, 0.08
f, 0.08
f, 0.08
f, 0.08
f, 0.08
f, 0.08
f, 0.08
f, 0.08
f, 0.08
f, 0.08
f, 0.08
f, 0.08
f, 0.08
f, 0.08
f, 0.08
f, 0.08
f, 0.08
f, 0.08
f, 0.08
f, 0.08
f, 0.09
f, 0.08
f, 0.08
f, 0.09
f, 0.08
f, 0.09
f, 0.09
f, 0.09
f, 0.09
f, 0.09
f, 0.09
f, 0.09
f, 0.09
f, 0.09
f, 0.09
f, 0.09
f, 0.09
f, 0.09
f, 0.09
f, 0.09
f, 0.09
f, 0.09
f, 0.09
f, 0.09
f, 0.09
f, 0.09
f, 0.09
f, 0.09
f, 0.09
f, 0.09
f, 0.09
f, 0.09
f, 0.09
f, 0.09
f, 0.09
f, 0.09
f, 0.09
f, 0.09
f, 0.09
f, 0.09
f, 0.09
f, 0.09
f, 0.09
f, 0.09
f, 0.09
f, 0.09
f, 0.09
f, 0.09
f, 0.09
f, 0.09
f, 0.09
f, 0.09
f, 0.09
f, 0.09
f, 0.09
f, 0.09
f, 0.09
f, 0.09
f, 0.09
f, 0.09
f, 0.09
f, 0.09
f, 0.09
f, 0.09
f, 0.09
f, 0.09
f, 0.09
f, 0.09
f, 0.09
f, 0.09
f, 0.09
f, 0.09
f, 0.09
f, 0.09
f, 0.09
f, 0.09
f, 0.09
f, 0.09
f, 0.09
f, 0.09
f, 0.09
f, 0.09
f, 0.09
f, 0.09
f, 0.09
f, 0.09
f, 0.09
f, 0.09
f, 0.09
f, 0.09
f, 0.09
f, 0.09
f, 0.09
f, 0.09
f, 0.09
f, 0.09
f, 0.09
f, 0.09
f, 0.09
f, 0.09
f, 0.09
f, 0.09
f, 0.09
f, 0.09
f, 0.09
f, 0.09
f, 0.09
f, 0.09
f, 0.09
f, 0.09
f, 0.09
f, 0.09
f, 0.09
f, 0.09
f, 0.09
f, 0.09
f, 0.09
f, 0.09
f, 0.09
f, 0.09
f, 0.09
f, 0.09
f, 0.09
f, 0.09
f, 0.09
f, 0.09
f, 0.09
f, 0.09
f, 0.09
f, 0.09
f, 0.09
f, 0.09
f, 0.09
f, 0.09
f, 0.09
f, 0.09
f, 0.09
f, 0.09
f, 0.09
f, 0.09
f, 0.09
f, 0.09
f, 0.09
f, 0.09
f, 0.09
f, 0.09
f, 0.09
f, 0.09
f, 0.09
f, 0.09
f, 0.09
f, 0.09
f, 0.09
f, 0.09
f, 0.09
f, 0.09
f, 0.09
f, 0.09
f, 0.09
f, 0.09
f, 0.09
f, 0.09
f, 0.09
f, 0.09
f, 0.09
f, 0.09
f, 0.09
f, 0.09
f, 0.09
f, 0.09
f, 0.09
f, 0.09
f, 0.09
f, 0.09
f, 0.09
f, 0.09
f, 0.09
f, 0.09
f, 0.09
f, 0.09
f, 0.09
f, 0.09
f, 0.09
f, 0.09
f, 0.09
f, 0.09
f, 0.09
f, 0.09
f, 0.09
f, 0.09
f, 0.09
f, 0.09
f, 0.09
f, 0.09
f, 0.09
f, 0.09
f, 0.09
f, 0.09
f, 0.09
f, 0.09
f, 0.09
f, 0.09
f, 0.09
f, 0.09
f, 0.09
f, 0.09
f, 0.09
f, 0.09
f, 0.09
f, 0.09
f, 0.09
f, 0.09
f, 0.09
f, 0.09
f, 0.09
f, 0.09
f, 0.09
f, 0.09
f, 0.09
f, 0.09
f, 0.09
f, 0.09
f, 0.09
f, 0.09
f, 0.09
f, 0.09
f, 0.09
f, 0.09
f, 0.09
f, 0.09
f, 0.09
f, 0.09
f, 0.09
f, 0.09
f, 0.10
f, 0.10
f, 0.10
f, 0.10
f, 0.10
f, 0.09
f, 0.10
f, 0.10
f, 0.10
f, 0.10
f, 0.10
f, 0.10
f, 0.10
f, 0.09
f, 0.10
f, 0.09
f, 0.09
f, 0.09
f, 0.09
f, 0.09
f, 0.10
f, 0.09
f, 0.09
f, 0.09
f, 0.09
f, 0.09
f, 0.09
f, 0.09
f, 0.09
f, 0.10
f, 0.10
f, 0.10
f, 0.10
f, 0.10
f, 0.10
f, 0.10
f, 0.10
f, 0.10
f, 0.10
f, 0.10
f, 0.10
f, 0.10
f, 0.10
f, 0.10
f, 0.10
f, 0.10
f, 0.10
f, 0.10
f, 0.10
f, 0.10
f, 0.10
f, 0.10
f, 0.10
f, 0.10
f, 0.10
f, 0.10
f, 0.10
f, 0.10
f, 0.10
f, 0.10
f, 0.10
f, 0.10
f, 0.10
f, 0.10
f, 0.10
f, 0.10
f, 0.10
f, 0.10
f, 0.10
f, 0.10
f, 0.10
f, 0.10
f, 0.10
f, 0.10
f, 0.10
f, 0.10
f, 0.10
f, 0.10
f, 0.10
f, 0.10
f, 0.10
f, 0.10
f, 0.10
f, 0.10
f, 0.10
f, 0.10
f, 0.10
f, 0.10
f, 0.10
f, 0.10
f, 0.10
f, 0.10
f, 0.10
f, 0.10
f, 0.10
f, 0.10
f, 0.10
f, 0.10
f, 0.10
f, 0.10
f, 0.10
f, 0.10
f, 0.10
f, 0.10
f, 0.10
f, 0.10
f, 0.10
f, 0.10
f, 0.10
f, 0.10
f, 0.10
f, 0.10
f, 0.10
f, 0.10
f, 0.10
f, 0.10
f, 0.10
f, 0.10
f, 0.10
f, 0.10
f, 0.10
f, 0.10
f, 0.10
f, 0.10
f, 0.10
f, 0.10
f, 0.10
f, 0.10
f, 0.10
f, 0.10
f, 0.10
f, 0.10
f, 0.10
f, 0.10
f, 0.10
f, 0.10
f, 0.10
f, 0.10
f, 0.10
f, 0.10
f, 0.10
f, 0.10
f, 0.10
f, 0.10
f, 0.10
f, 0.10
f, 0.10
f, 0.10
f, 0.10
f, 0.10
f, 0.10
f, 0.10
f, 0.10
f, 0.10
f, 0.10
f, 0.10
f, 0.10
f, 0.10
f, 0.10
f, 0.10
f, 0.10
f, 0.10
f, 0.10
f, 0.10
f, 0.10
f, 0.10
f, 0.10
f, 0.10
f, 0.10
f, 0.10
f, 0.10
f, 0.10
f, 0.10
f, 0.10
f, 0.10
f, 0.10
f, 0.10
f, 0.10
f, 0.10
f, 0.10
f, 0.10
f, 0.10
f, 0.10
f, 0.10
f, 0.10
f, 0.10
f, 0.10
f, 0.10
f, 0.10
f, 0.10
f, 0.10
f, 0.10
f, 0.10
f, 0.10
f, 0.10
f, 0.10
f, 0.10
f, 0.10
f, 0.10
f, 0.10
f, 0.10
f, 0.10
f, 0.10
f, 0.10
f, 0.10
f, 0.10
f, 0.10
f, 0.10
f, 0.10
f, 0.10
f, 0.10
f, 0.10
f, 0.10
f, 0.10
f, 0.10
f, 0.10
f, 0.10
f, 0.10
f, 0.10
f, 0.10
f, 0.10
f, 0.10
f, 0.10
f, 0.10
f, 0.10
f, 0.10
f, 0.10
f, 0.10
f, 0.10
f, 0.10
f, 0.10
f, 0.10
f, 0.10
f, 0.10
f, 0.10
f, 0.10
f, 0.10
f, 0.10
f, 0.10
f, 0.10
f, 0.10
f, 0.10
f, 0.10
f, 0.10
f, 0.10
f, 0.10
f, 0.10
f, 0.10
f, 0.10
f, 0.10
f, 0.10
f, 0.10
f, 0.10
f, 0.10
f, 0.10
f, 0.10
f, 0.10
f, 0.10
f, 0.10
f, 0.10
f, 0.10
f, 0.10
f, 0.10
f, 0.10
f, 0.10
f, 0.10
f, 0.10
f, 0.10
f, 0.10
f, 0.10
f, 0.10
f, 0.10
f, 0.10
f, 0.10
f, 0.10
f, 0.10
f, 0.10
f, 0.10
f, 0.11
f, 0.10
f, 0.11
f, 0.11
f, 0.11
f, 0.11
f, 0.11
f, 0.11
f, 0.11
f, 0.11
f, 0.11
f, 0.11
f, 0.11
f, 0.11
f, 0.11
f, 0.11
f, 0.11
f, 0.11
f, 0.11
f, 0.11
f, 0.11
f, 0.11
f, 0.11
f, 0.11
f, 0.11
f, 0.11
f, 0.11
f, 0.11
f, 0.11
f, 0.11
f, 0.11
f, 0.11
f, 0.11
f, 0.11
f, 0.11
f, 0.11
f, 0.11
f, 0.11
f, 0.11
f, 0.11
f, 0.11
f, 0.11
f, 0.11
f, 0.11
f, 0.11
f, 0.11
f, 0.11
f, 0.11
f, 0.11
f, 0.11
f, 0.11
f, 0.11
f, 0.11
f, 0.11
f, 0.11
f, 0.11
f, 0.11
f, 0.11
f, 0.11
f, 0.11
f, 0.11
f, 0.11
f, 0.11
f, 0.11
f, 0.11
f, 0.11
f, 0.11
f, 0.11
f, 0.11
f, 0.11
f, 0.11
f, 0.11
f, 0.11
f, 0.11
f, 0.11
f, 0.11
f, 0.11
f, 0.11
f, 0.11
f, 0.11
f, 0.11
f, 0.11
f, 0.11
f, 0.11
f, 0.11
f, 0.11
f, 0.11
f, 0.11
f, 0.11
f, 0.11
f, 0.11
f, 0.11
f, 0.11
f, 0.11
f, 0.11
f, 0.11
f, 0.11
f, 0.11
f, 0.11
f, 0.11
f, 0.11
f, 0.11
f, 0.11
f, 0.11
f, 0.11
f, 0.11
f, 0.11
f, 0.11
f, 0.11
f, 0.11
f, 0.11
f, 0.11
f, 0.11
f, 0.11
f, 0.11
f, 0.11
f, 0.11
f, 0.11
f, 0.11
f, 0.11
f, 0.11
f, 0.11
f, 0.11
f, 0.11
f, 0.11
f, 0.11
f, 0.11
f, 0.11
f, 0.11
f, 0.11
f, 0.11
f, 0.11
f, 0.11
f, 0.11
f, 0.11
f, 0.11
f, 0.11
f, 0.11
f, 0.11
f, 0.11
f, 0.11
f, 0.11
f, 0.11
f, 0.11
f, 0.11
f, 0.11
f, 0.11
f, 0.11
f, 0.11
f, 0.12
f, 0.12
f, 0.12
f, 0.12
f, 0.12
f, 0.12
f, 0.12
f, 0.12
f, 0.12
f, 0.12
f, 0.12
f, 0.12
f, 0.12
f, 0.12
f, 0.12
f, 0.12
f, 0.12
f, 0.12
f, 0.12
f, 0.12
f, 0.12
f, 0.12
f, 0.12
f, 0.12
f, 0.12
f, 0.12
f, 0.12
f, 0.12
f, 0.12
f, 0.12
f, 0.12
f, 0.12
f, 0.12
f, 0.12
f, 0.12
f, 0.12
f, 0.12
f, 0.12
f, 0.12
f, 0.12
f, 0.12
f, 0.12
f, 0.12
f, 0.12
f, 0.12
f, 0.12
f, 0.12
f, 0.12
f, 0.12
f, 0.12
f, 0.12
f, 0.12
f, 0.12
f, 0.12
f, 0.12
f, 0.12
f, 0.12
f, 0.12
f, 0.12
f, 0.12
f, 0.12
f, 0.12
f, 0.12
f, 0.12
f, 0.12
f, 0.12
f, 0.12
f, 0.12
f, 0.12
f, 0.12
f, 0.12
f, 0.12
f, 0.12
f, 0.12
f, 0.12
f, 0.12
f, 0.12
f, 0.12
f, 0.12
f, 0.12
f, 0.12
f, 0.12
f, 0.12
f, 0.12
f, 0.12
f, 0.12
f, 0.12
f, 0.12
f, 0.12
f, 0.12
f, 0.12
f, 0.12
f, 0.12
f, 0.12
f, 0.12
f, 0.12
f, 0.12
f, 0.12
f, 0.12
f, 0.12
f, 0.12
f, 0.12
f, 0.12
f, 0.12
f, 0.12
f, 0.12
f, 0.12
f, 0.12
f, 0.12
f, 0.12
f, 0.12
f, 0.12
f, 0.12
f, 0.12
f, 0.12
f, 0.12
f, 0.12
f, 0.12
f, 0.12
f, 0.12
f, 0.12
f, 0.12
f, 0.12
f, 0.12
f, 0.12
f, 0.12
f, 0.12
f, 0.12
f, 0.12
f, 0.12
f, 0.12
f, 0.12
f, 0.12
f, 0.12
f, 0.12
f, 0.12
f, 0.12
f, 0.12
f, 0.12
f, 0.12
f, 0.12
f, 0.12
f, 0.12
f, 0.12
f, 0.12
f, 0.12
f, 0.12
f, 0.12
f, 0.12
f, 0.12
f, 0.12
f, 0.12
f, 0.12
f, 0.12
f, 0.12
f, 0.12
f, 0.12
f, 0.12
f, 0.12
f, 0.12
f, 0.12
f, 0.12
f, 0.12
f, 0.12
f, 0.12
f, 0.12
f, 0.12
f, 0.12
f, 0.12
f, 0.12
f, 0.12
f, 0.12
f, 0.12
f, 0.12
f, 0.12
f, 0.12
f, 0.12
f, 0.12
f, 0.12
f, 0.12
f, 0.12
f, 0.12
f, 0.12
f, 0.13
f, 0.13
f, 0.13
f, 0.13
f, 0.13
f, 0.13
f, 0.13
f, 0.13
f, 0.13
f, 0.13
f, 0.13
f, 0.13
f, 0.13
f, 0.13
f, 0.13
f, 0.13
f, 0.13
f, 0.13
f, 0.13
f, 0.13
f, 0.13
f, 0.13
f, 0.13
f, 0.13
f, 0.13
f, 0.13
f, 0.13
f, 0.13
f, 0.13
f, 0.13
f, 0.13
f, 0.13
f, 0.13
f, 0.13
f, 0.13
f, 0.13
f, 0.13
f, 0.13
f, 0.13
f, 0.13
f, 0.13
f, 0.13
f, 0.13
f, 0.13
f, 0.13
f, 0.13
f, 0.13
f, 0.13
f, 0.13
f, 0.13
f, 0.13
f, 0.13
f, 0.13
f, 0.13
f, 0.13
f, 0.13
f, 0.13
f, 0.13
f, 0.13
f, 0.13
f, 0.13
f, 0.13
f, 0.13
f, 0.13
f, 0.13
f, 0.13
f, 0.13
f, 0.13
f, 0.13
f, 0.13
f, 0.13
f, 0.13
f, 0.13
f, 0.13
f, 0.13
f, 0.13
f, 0.13
f, 0.13
f, 0.13
f, 0.13
f, 0.13
f, 0.13
f, 0.13
f, 0.13
f, 0.13
f, 0.13
f, 0.13
f, 0.13
f, 0.13
f, 0.13
f, 0.13
f, 0.13
f, 0.13
f, 0.13
f, 0.13
f, 0.13
f, 0.13
f, 0.13
f, 0.13
f, 0.13
f, 0.13
f, 0.13
f, 0.13
f, 0.13
f, 0.13
f, 0.13
f, 0.13
f, 0.13
f, 0.13
f, 0.13
f, 0.13
f, 0.13
f, 0.13
f, 0.13
f, 0.13
f, 0.13
f, 0.13
f, 0.13
f, 0.13
f, 0.13
f, 0.13
f, 0.13
f, 0.13
f, 0.13
f, 0.13
f, 0.13
f, 0.13
f, 0.13
f, 0.13
f, 0.13
f, 0.13
f, 0.13
f, 0.13
f, 0.13
f, 0.13
f, 0.13
f, 0.13
f, 0.13
f, 0.13
f, 0.13
f, 0.13
f, 0.13
f, 0.13
f, 0.13
f, 0.13
f, 0.13
f, 0.13
f, 0.13
f, 0.13
f, 0.13
f, 0.13
f, 0.13
f, 0.13
f, 0.13
f, 0.13
f, 0.13
f, 0.13
f, 0.13
f, 0.13
f, 0.13
f, 0.13
f, 0.13
f, 0.13
f, 0.13
f, 0.13
f, 0.13
f, 0.13
f, 0.13
f, 0.13
f, 0.13
f, 0.13
f, 0.13
f, 0.13
f, 0.13
f, 0.13
f, 0.13
f, 0.13
f, 0.13
f, 0.13
f, 0.13
f, 0.13
f, 0.13
f, 0.13
f, 0.13
f, 0.13
f, 0.13
f, 0.13
f, 0.14
f, 0.14
f, 0.14
f, 0.14
f, 0.14
f, 0.14
f, 0.14
f, 0.14
f, 0.14
f, 0.14
f, 0.14
f, 0.14
f, 0.14
f, 0.14
f, 0.14
f, 0.14
f, 0.14
f, 0.14
f, 0.14
f, 0.14
f, 0.14
f, 0.14
f, 0.14
f, 0.14
f, 0.14
f, 0.14
f, 0.14
f, 0.14
f, 0.14
f, 0.14
f, 0.14
f, 0.14
f, 0.14
f, 0.14
f, 0.14
f, 0.14
f, 0.14
f, 0.14
f, 0.14
f, 0.14
f, 0.14
f, 0.14
f, 0.14
f, 0.14
f, 0.14
f, 0.14
f, 0.14
f, 0.14
f, 0.14
f, 0.14
f, 0.14
f, 0.14
f, 0.14
f, 0.14
f, 0.14
f, 0.14
f, 0.14
f, 0.14
f, 0.14
f, 0.14
f, 0.14
f, 0.14
f, 0.14
f, 0.14
f, 0.14
f, 0.14
f, 0.14
f, 0.14
f, 0.14
f, 0.14
f, 0.14
f, 0.14
f, 0.14
f, 0.14
f, 0.14
f, 0.14
f, 0.14
f, 0.14
f, 0.14
f, 0.14
f, 0.14
f, 0.14
f, 0.14
f, 0.14
f, 0.14
f, 0.14
f, 0.14
f, 0.14
f, 0.14
f, 0.14
f, 0.14
f, 0.14
f, 0.14
f, 0.14
f, 0.14
f, 0.14
f, 0.14
f, 0.14
f, 0.14
f, 0.14
f, 0.14
f, 0.14
f, 0.14
f, 0.14
f, 0.14
f, 0.14
f, 0.14
f, 0.14
f, 0.14
f, 0.14
f, 0.14
f, 0.14
f, 0.14
f, 0.14
f, 0.14
f, 0.14
f, 0.14
f, 0.14
f, 0.14
f, 0.14
f, 0.14
f, 0.14
f, 0.14
f, 0.14
f, 0.14
f, 0.14
f, 0.14
f, 0.14
f, 0.14
f, 0.14
f, 0.14
f, 0.14
f, 0.14
f, 0.14
f, 0.14
f, 0.14
f, 0.14
f, 0.14
f, 0.14
f, 0.14
f, 0.14
f, 0.14
f, 0.14
f, 0.14
f, 0.14
f, 0.14
f, 0.14
f, 0.14
f, 0.14
f, 0.14
f, 0.14
f, 0.14
f, 0.14
f, 0.14
f, 0.14
f, 0.14
f, 0.14
f, 0.14
f, 0.14
f, 0.14
f, 0.14
f, 0.14
f, 0.14
f, 0.14
f, 0.14
f, 0.14
f, 0.14
f, 0.14
f, 0.14
f, 0.14
f, 0.14
f, 0.14
f, 0.14
f, 0.14
f, 0.14
f, 0.14
f, 0.14
f, 0.14
f, 0.14
f, 0.14
f, 0.14
f, 0.14
f, 0.14
f, 0.14
f, 0.14
f, 0.14
f, 0.14
f, 0.14
f, 0.14
f, 0.14
f, 0.14
f, 0.14
f, 0.14
f, 0.14
f, 0.14
f, 0.14
f, 0.14
f, 0.15
f, 0.15
f, 0.15
f, 0.15
f, 0.15
f, 0.15
f, 0.15
f, 0.15
f, 0.15
f, 0.15
f, 0.15
f, 0.15
f, 0.15
f, 0.15
f, 0.15
f, 0.15
f, 0.15
f, 0.15
f, 0.15
f, 0.15
f, 0.15
f, 0.15
f, 0.15
f, 0.15
f, 0.15
f, 0.15
f, 0.15
f, 0.15
f, 0.15
f, 0.15
f, 0.15
f, 0.15
f, 0.15
f, 0.15
f, 0.15
f, 0.15
f, 0.15
f, 0.15
f, 0.15
f, 0.15
f, 0.15
f, 0.15
f, 0.15
f, 0.15
f, 0.15
f, 0.15
f, 0.15
f, 0.15
f, 0.15
f, 0.15
f, 0.15
f, 0.15
f, 0.15
f, 0.15
f, 0.15
f, 0.15
f, 0.15
f, 0.15
f, 0.15
f, 0.15
f, 0.15
f, 0.15
f, 0.15
f, 0.15
f, 0.15
f, 0.15
f, 0.15
f, 0.15
f, 0.15
f, 0.15
f, 0.15
f, 0.15
f, 0.15
f, 0.15
f, 0.15
f, 0.15
f, 0.15
f, 0.15
f, 0.15
f, 0.15
f, 0.15
f, 0.15
f, 0.15
f, 0.15
f, 0.15
f, 0.15
f, 0.15
f, 0.15
f, 0.15
f, 0.15
f, 0.15
f, 0.15
f, 0.15
f, 0.15
f, 0.15
f, 0.15
f, 0.15
f, 0.15
f, 0.15
f, 0.15
f, 0.15
f, 0.15
f, 0.15
f, 0.15
f, 0.15
f, 0.15
f, 0.15
f, 0.15
f, 0.15
f, 0.15
f, 0.15
f, 0.15
f, 0.15
f, 0.15
f, 0.15
f, 0.15
f, 0.15
f, 0.15
f, 0.15
f, 0.15
f, 0.15
f, 0.15
f, 0.15
f, 0.15
f, 0.15
f, 0.15
f, 0.15
f, 0.15
f, 0.15
f, 0.15
f, 0.15
f, 0.15
f, 0.15
f, 0.15
f, 0.15
f, 0.15
f, 0.15
f, 0.15
f, 0.15
f, 0.15
f, 0.15
f, 0.15
f, 0.15
f, 0.15
f, 0.15
f, 0.15
f, 0.15
f, 0.15
f, 0.15
f, 0.15
f, 0.15
f, 0.15
f, 0.15
f, 0.15
f, 0.15
f, 0.15
f, 0.15
f, 0.15
f, 0.15
f, 0.15
f, 0.15
f, 0.15
f, 0.15
f, 0.15
f, 0.15
f, 0.15
f, 0.15
f, 0.15
f, 0.15
f, 0.15
f, 0.15
f, 0.15
f, 0.15
f, 0.15
f, 0.15
f, 0.15
f, 0.15
f, 0.15
f, 0.15
f, 0.15
f, 0.15
f, 0.15
f, 0.15
f, 0.15
f, 0.15
f, 0.15
f, 0.15
f, 0.15
f, 0.15
f, 0.15
f, 0.15
f, 0.15
f, 0.15
f, 0.15
f, 0.15
f, 0.15
f, 0.15
f, 0.15
f, 0.15
f, 0.15
f, 0.16
f, 0.16
f, 0.16
f, 0.16
f, 0.16
f, 0.16
f, 0.16
f, 0.16
f, 0.16
f, 0.16
f, 0.16
f, 0.16
f, 0.16
f, 0.16
f, 0.16
f, 0.16
f, 0.16
f, 0.16
f, 0.16
f, 0.16
f, 0.16
f, 0.16
f, 0.16
f, 0.16
f, 0.16
f, 0.16
f, 0.16
f, 0.16
f, 0.16
f, 0.16
f, 0.16
f, 0.16
f, 0.16
f, 0.16
f, 0.16
f, 0.16
f, 0.16
f, 0.16
f, 0.16
f, 0.16
f, 0.16
f, 0.16
f, 0.16
f, 0.16
f, 0.16
f, 0.16
f, 0.16
f, 0.16
f, 0.16
f, 0.16
f, 0.16
f, 0.16
f, 0.16
f, 0.16
f, 0.16
f, 0.16
f, 0.16
f, 0.16
f, 0.16
f, 0.16
f, 0.16
f, 0.16
f, 0.16
f, 0.16
f, 0.16
f, 0.16
f, 0.16
f, 0.16
f, 0.16
f, 0.16
f, 0.16
f, 0.16
f, 0.16
f, 0.16
f, 0.16
f, 0.16
f, 0.16
f, 0.16
f, 0.16
f, 0.16
f, 0.16
f, 0.16
f, 0.16
f, 0.16
f, 0.16
f, 0.16
f, 0.16
f, 0.16
f, 0.16
f, 0.16
f, 0.16
f, 0.16
f, 0.16
f, 0.16
f, 0.16
f, 0.16
f, 0.16
f, 0.16
f, 0.16
f, 0.16
f, 0.16
f, 0.16
f, 0.16
f, 0.16
f, 0.16
f, 0.16
f, 0.16
f, 0.16
f, 0.16
f, 0.16
f, 0.16
f, 0.16
f, 0.16
f, 0.16
f, 0.16
f, 0.16
f, 0.16
f, 0.16
f, 0.16
f, 0.16
f, 0.16
f, 0.16
f, 0.16
f, 0.16
f, 0.16
f, 0.16
f, 0.16
f, 0.16
f, 0.16
f, 0.16
f, 0.16
f, 0.16
f, 0.16
f, 0.16
f, 0.16
f, 0.16
f, 0.16
f, 0.16
f, 0.16
f, 0.16
f, 0.16
f, 0.16
f, 0.16
f, 0.16
f, 0.16
f, 0.16
f, 0.16
f, 0.16
f, 0.16
f, 0.16
f, 0.16
f, 0.16
f, 0.16
f, 0.16
f, 0.16
f, 0.16
f, 0.16
f, 0.16
f, 0.16
f, 0.16
f, 0.16
f, 0.16
f, 0.16
f, 0.16
f, 0.16
f, 0.16
f, 0.16
f, 0.16
f, 0.16
f, 0.16
f, 0.16
f, 0.16
f, 0.16
f, 0.16
f, 0.16
f, 0.16
f, 0.16
f, 0.16
f, 0.16
f, 0.16
f, 0.16
f, 0.16
f, 0.16
f, 0.16
f, 0.16
f, 0.16
f, 0.16
f, 0.16
f, 0.16
f, 0.16
f, 0.16
f, 0.16
f, 0.16
f, 0.16
f, 0.16
f, 0.16
f, 0.16
f, 0.16
f, 0.16
f, 0.16
f, 0.16
f, 0.16
f, 0.16
f, 0.16
f, 0.16
f, 0.16
f, 0.16
f, 0.16
f, 0.16
f, 0.17
f, 0.17
f, 0.17
f, 0.17
f, 0.17
f, 0.17
f, 0.17
f, 0.17
f, 0.17
f, 0.17
f, 0.17
f, 0.17
f, 0.17
f, 0.17
f, 0.17
f, 0.17
f, 0.17
f, 0.17
f, 0.17
f, 0.17
f, 0.17
f, 0.17
f, 0.17
f, 0.17
f, 0.17
f, 0.17
f, 0.17
f, 0.17
f, 0.17
f, 0.17
f, 0.17
f, 0.17
f, 0.17
f, 0.17
f, 0.17
f, 0.17
f, 0.17
f, 0.17
f, 0.17
f, 0.17
f, 0.17
f, 0.17
f, 0.17
f, 0.17
f, 0.17
f, 0.17
f, 0.17
f, 0.17
f, 0.17
f, 0.17
f, 0.17
f, 0.17
f, 0.17
f, 0.17
f, 0.17
f, 0.17
f, 0.17
f, 0.17
f, 0.17
f, 0.17
f, 0.17
f, 0.17
f, 0.17
f, 0.17
f, 0.17
f, 0.17
f, 0.17
f, 0.17
f, 0.17
f, 0.17
f, 0.17
f, 0.17
f, 0.17
f, 0.17
f, 0.17
f, 0.17
f, 0.17
f, 0.17
f, 0.17
f, 0.17
f, 0.17
f, 0.17
f, 0.17
f, 0.17
f, 0.17
f, 0.17
f, 0.17
f, 0.17
f, 0.17
f, 0.17
f, 0.17
f, 0.17
f, 0.17
f, 0.17
f, 0.17
f, 0.17
f, 0.17
f, 0.17
f, 0.17
f, 0.17
f, 0.17
f, 0.17
f, 0.17
f, 0.17
f, 0.17
f, 0.17
f, 0.17
f, 0.17
f, 0.17
f, 0.17
f, 0.17
f, 0.17
f, 0.17
f, 0.17
f, 0.17
f, 0.17
f, 0.17
f, 0.17
f, 0.17
f, 0.17
f, 0.17
f, 0.17
f, 0.17
f, 0.17
f, 0.17
f, 0.17
f, 0.17
f, 0.17
f, 0.17
f, 0.17
f, 0.17
f, 0.17
f, 0.17
f, 0.17
f, 0.17
f, 0.17
f, 0.17
f, 0.17
f, 0.17
f, 0.17
f, 0.17
f, 0.17
f, 0.17
f, 0.17
f, 0.17
f, 0.17
f, 0.17
f, 0.17
f, 0.17
f, 0.17
f, 0.17
f, 0.17
f, 0.17
f, 0.17
f, 0.17
f, 0.17
f, 0.17
f, 0.17
f, 0.17
f, 0.17
f, 0.17
f, 0.17
f, 0.17
f, 0.17
f, 0.17
f, 0.17
f, 0.17
f, 0.17
f, 0.17
f, 0.17
f, 0.17
f, 0.17
f, 0.17
f, 0.17
f, 0.17
f, 0.17
f, 0.17
f, 0.17
f, 0.17
f, 0.17
f, 0.17
f, 0.17
f, 0.17
f, 0.17
f, 0.17
f, 0.17
f, 0.17
f, 0.17
f, 0.17
f, 0.17
f, 0.17
f, 0.17
f, 0.17
f, 0.17
f, 0.17
f, 0.17
f, 0.17
f, 0.17
f, 0.17
f, 0.17
f, 0.17
f, 0.17
f, 0.17
f, 0.17
f, 0.17
f, 0.17
f, 0.17
f, 0.17
f, 0.17
f, 0.17
f, 0.17
f, 0.17
f, 0.17
f, 0.17
f, 0.17
f, 0.17
f, 0.17
f, 0.17
f, 0.17
f, 0.17
f, 0.17
f, 0.17
f, 0.17
f, 0.17
f, 0.17
f, 0.17
f, 0.17
f, 0.17
f, 0.17
f, 0.17
f, 0.17
f, 0.17
f, 0.17
f, 0.17
f, 0.17
f, 0.17
f, 0.17
f, 0.17
f, 0.17
f, 0.17
f, 0.17
f, 0.17
f, 0.17
f, 0.17
f, 0.17
f, 0.17
f, 0.17
f, 0.17
f, 0.17
f, 0.17
f, 0.17
f, 0.17
f, 0.17
f, 0.17
f, 0.17
f, 0.17
f, 0.17
f, 0.17
f, 0.17
f, 0.17
f, 0.18
f, 0.18
f, 0.18
f, 0.18
f, 0.18
f, 0.18
f, 0.18
f, 0.18
f, 0.18
f, 0.18
f, 0.18
f, 0.18
f, 0.18
f, 0.18
f, 0.18
f, 0.18
f, 0.18
f, 0.18
f, 0.18
f, 0.18
f, 0.18
f, 0.18
f, 0.18
f, 0.18
f, 0.18
f, 0.18
f, 0.18
f, 0.18
f, 0.18
f, 0.18
f, 0.18
f, 0.18
f, 0.18
f, 0.18
f, 0.18
f, 0.18
f, 0.18
f, 0.18
f, 0.18
f, 0.18
f, 0.18
f, 0.18
f, 0.18
f, 0.18
f, 0.18
f, 0.18
f, 0.18
f, 0.18
f, 0.18
f, 0.18
f, 0.18
f, 0.18
f, 0.18
f, 0.18
f, 0.18
f, 0.18
f, 0.18
f, 0.18
f, 0.18
f, 0.18
f, 0.18
f, 0.18
f, 0.18
f, 0.18
f, 0.18
f, 0.18
f, 0.18
f, 0.18
f, 0.18
f, 0.18
f, 0.18
f, 0.18
f, 0.18
f, 0.18
f, 0.18
f, 0.18
f, 0.18
f, 0.18
f, 0.18
f, 0.18
f, 0.18
f, 0.18
f, 0.18
f, 0.18
f, 0.18
f, 0.18
f, 0.18
f, 0.18
f, 0.18
f, 0.18
f, 0.18
f, 0.18
f, 0.18
f, 0.18
f, 0.18
f, 0.18
f, 0.18
f, 0.18
f, 0.18
f, 0.18
f, 0.18
f, 0.18
f, 0.18
f, 0.18
f, 0.18
f, 0.18
f, 0.18
f, 0.18
f, 0.18
f, 0.18
f, 0.18
f, 0.18
f, 0.18
f, 0.18
f, 0.18
f, 0.18
f, 0.18
f, 0.18
f, 0.18
f, 0.18
f, 0.18
f, 0.18
f, 0.18
f, 0.18
f, 0.18
f, 0.18
f, 0.18
f, 0.18
f, 0.18
f, 0.18
f, 0.18
f, 0.18
f, 0.18
f, 0.18
f, 0.18
f, 0.18
f, 0.18
f, 0.18
f, 0.18
f, 0.18
f, 0.18
f, 0.18
f, 0.18
f, 0.18
f, 0.18
f, 0.18
f, 0.18
f, 0.18
f, 0.18
f, 0.18
f, 0.18
f, 0.18
f, 0.18
f, 0.18
f, 0.18
f, 0.18
f, 0.18
f, 0.18
f, 0.18
f, 0.18
f, 0.18
f, 0.18
f, 0.18
f, 0.18
f, 0.18
f, 0.18
f, 0.18
f, 0.18
f, 0.18
f, 0.18
f, 0.18
f, 0.18
f, 0.18
f, 0.18
f, 0.18
f, 0.18
f, 0.18
f, 0.18
f, 0.18
f, 0.18
f, 0.18
f, 0.18
f, 0.18
f, 0.18
f, 0.18
f, 0.18
f, 0.18
f, 0.18
f, 0.18
f, 0.18
f, 0.18
f, 0.18
f, 0.18
f, 0.18
f, 0.18
f, 0.18
f, 0.18
f, 0.18
f, 0.18
f, 0.18
f, 0.18
f, 0.18
f, 0.18
f, 0.18
f, 0.18
f, 0.18
f, 0.18
f, 0.18
f, 0.18
f, 0.18
f, 0.18
f, 0.18
f, 0.18
f, 0.18
f, 0.18
f, 0.18
f, 0.18
f, 0.18
f, 0.18
f, 0.18
f, 0.18
f, 0.18
f, 0.18
f, 0.18
f, 0.18
f, 0.18
f, 0.18
f, 0.18
f, 0.18
f, 0.18
f, 0.18
f, 0.18
f, 0.18
f, 0.18
f, 0.18
f, 0.18
f, 0.18
f, 0.18
f, 0.18
f, 0.18
f, 0.18
f, 0.18
f, 0.18
f, 0.18
f, 0.18
f, 0.18
f, 0.18
f, 0.18
f, 0.18
f, 0.18
f, 0.18
f, 0.18
f, 0.19
f, 0.19
f, 0.19
f, 0.19
f, 0.19
f, 0.19
f, 0.19
f, 0.19
f, 0.19
f, 0.19
f, 0.19
f, 0.19
f, 0.19
f, 0.19
f, 0.19
f, 0.19
f, 0.19
f, 0.19
f, 0.19
f, 0.19
f, 0.19
f, 0.19
f, 0.19
f, 0.19
f, 0.19
f, 0.19
f, 0.19
f, 0.19
f, 0.19
f, 0.19
f, 0.19
f, 0.19
f, 0.19
f, 0.19
f, 0.19
f, 0.19
f, 0.19
f, 0.19
f, 0.19
f, 0.19
f, 0.19
f, 0.19
f, 0.19
f, 0.19
f, 0.19
f, 0.19
f, 0.19
f, 0.19
f, 0.19
f, 0.19
f, 0.19
f, 0.19
f, 0.19
f, 0.19
f, 0.19
f, 0.19
f, 0.19
f, 0.19
f, 0.19
f, 0.19
f, 0.19
f, 0.19
f, 0.19
f, 0.19
f, 0.19
f, 0.19
f, 0.19
f, 0.19
f, 0.19
f, 0.19
f, 0.19
f, 0.19
f, 0.19
f, 0.19
f, 0.19
f, 0.19
f, 0.19
f, 0.19
f, 0.19
f, 0.19
f, 0.19
f, 0.19
f, 0.19
f, 0.19
f, 0.19
f, 0.19
f, 0.19
f, 0.19
f, 0.19
f, 0.19
f, 0.19
f, 0.19
f, 0.19
f, 0.19
f, 0.19
f, 0.19
f, 0.19
f, 0.19
f, 0.19
f, 0.19
f, 0.19
f, 0.19
f, 0.19
f, 0.19
f, 0.19
f, 0.19
f, 0.19
f, 0.19
f, 0.19
f, 0.19
f, 0.19
f, 0.19
f, 0.19
f, 0.19
f, 0.19
f, 0.19
f, 0.19
f, 0.19
f, 0.19
f, 0.19
f, 0.19
f, 0.19
f, 0.19
f, 0.19
f, 0.19
f, 0.19
f, 0.19
f, 0.19
f, 0.19
f, 0.19
f, 0.19
f, 0.19
f, 0.19
f, 0.19
f, 0.19
f, 0.19
f, 0.19
f, 0.19
f, 0.19
f, 0.19
f, 0.19
f, 0.19
f, 0.19
f, 0.19
f, 0.19
f, 0.19
f, 0.19
f, 0.19
f, 0.19
f, 0.19
f, 0.19
f, 0.19
f, 0.19
f, 0.19
f, 0.19
f, 0.19
f, 0.19
f, 0.19
f, 0.19
f, 0.19
f, 0.19
f, 0.19
f, 0.19
f, 0.19
f, 0.19
f, 0.19
f, 0.19
f, 0.19
f, 0.19
f, 0.19
f, 0.19
f, 0.19
f, 0.19
f, 0.19
f, 0.19
f, 0.19
f, 0.19
f, 0.19
f, 0.19
f, 0.19
f, 0.19
f, 0.19
f, 0.19
f, 0.19
f, 0.19
f, 0.19
f, 0.19
f, 0.19
f, 0.19
f, 0.19
f, 0.19
f, 0.19
f, 0.19
f, 0.19
f, 0.19
f, 0.19
f, 0.19
f, 0.19
f, 0.19
f, 0.19
f, 0.19
f, 0.19
f, 0.19
f, 0.19
f, 0.19
f, 0.19
f, 0.19
f, 0.19
f, 0.19
f, 0.19
f, 0.19
f, 0.19
f, 0.20
f, 0.20
f, 0.20
f, 0.20
f, 0.20
f, 0.20
f, 0.20
f, 0.20
f, 0.20
f, 0.20
f, 0.20
f, 0.20
f, 0.20
f, 0.20
f, 0.20
f, 0.20
f, 0.20
f, 0.20
f, 0.20
f, 0.20
f, 0.20
f, 0.20
f, 0.20
f, 0.20
f, 0.20
f, 0.20
f, 0.20
f, 0.20
f, 0.20
f, 0.20
f, 0.20
f, 0.20
f, 0.20
f, 0.20
f, 0.20
f, 0.20
f, 0.20
f, 0.20
f, 0.20
f, 0.20
f, 0.20
f, 0.20
f, 0.20
f, 0.20
f, 0.20
f, 0.20
f, 0.20
f, 0.20
f, 0.20
f, 0.20
f, 0.20
f, 0.20
f, 0.20
f, 0.20
f, 0.20
f, 0.20
f, 0.20
f, 0.20
f, 0.20
f, 0.20
f, 0.20
f, 0.20
f, 0.20
f, 0.20
f, 0.20
f, 0.20
f, 0.20
f, 0.20
f, 0.20
f, 0.20
f, 0.20
f, 0.20
f, 0.20
f, 0.20
f, 0.20
f, 0.20
f, 0.20
f, 0.20
f, 0.20
f, 0.20
f, 0.20
f, 0.20
f, 0.20
f, 0.20
f, 0.20
f, 0.20
f, 0.20
f, 0.20
f, 0.20
f, 0.20
f, 0.20
f, 0.20
f, 0.20
f, 0.20
f, 0.20
f, 0.20
f, 0.20
f, 0.20
f, 0.20
f, 0.20
f, 0.20
f, 0.20
f, 0.20
f, 0.20
f, 0.20
f, 0.20
f, 0.20
f, 0.20
f, 0.20
f, 0.20
f, 0.20
f, 0.20
f, 0.20
f, 0.20
f, 0.20
f, 0.20
f, 0.20
f, 0.20
f, 0.20
f, 0.20
f, 0.20
f, 0.20
f, 0.20
f, 0.20
f, 0.20
f, 0.20
f, 0.20
f, 0.20
f, 0.20
f, 0.20
f, 0.20
f, 0.20
f, 0.20
f, 0.20
f, 0.20
f, 0.20
f, 0.20
f, 0.20
f, 0.20
f, 0.20
f, 0.20
f, 0.20
f, 0.20
f, 0.20
f, 0.20
f, 0.20
f, 0.20
f, 0.20
f, 0.20
f, 0.20
f, 0.20
f, 0.20
f, 0.20
f, 0.20
f, 0.20
f, 0.20
f, 0.20
f, 0.20
f, 0.20
f, 0.20
f, 0.20
f, 0.20
f, 0.20
f, 0.20
f, 0.20
f, 0.20
f, 0.20
f, 0.20
f, 0.20
f, 0.20
f, 0.20
f, 0.20
f, 0.20
f, 0.20
f, 0.20
f, 0.20
f, 0.20
f, 0.20
f, 0.20
f, 0.20
f, 0.20
f, 0.20
f, 0.20
f, 0.20
f, 0.20
f, 0.20
f, 0.20
f, 0.20
f, 0.20
f, 0.20
f, 0.20
f, 0.20
f, 0.20
f, 0.20
f, 0.20
f, 0.20
f, 0.20
f, 0.20
f, 0.20
f, 0.20
f, 0.20
f, 0.20
f, 0.20
f, 0.20
f, 0.20
f, 0.20
f, 0.20
f, 0.20
f, 0.20
f, 0.20
f, 0.20
f, 0.20
f, 0.20
f, 0.20
f, 0.20
f, 0.20
f, 0.20
f, 0.21
f, 0.21
f, 0.21
f, 0.21
f, 0.21
f, 0.21
f, 0.21
f, 0.21
f, 0.21
f, 0.21
f, 0.21
f, 0.21
f, 0.21
f, 0.21
f, 0.21
f, 0.21
f, 0.21
f, 0.21
f, 0.21
f, 0.21
f, 0.21
f, 0.21
f, 0.21
f, 0.21
f, 0.21
f, 0.21
f, 0.21
f, 0.21
f, 0.21
f, 0.21
f, 0.21
f, 0.21
f, 0.21
f, 0.21
f, 0.21
f, 0.21
f, 0.21
f, 0.21
f, 0.21
f, 0.21
f, 0.21
f, 0.21
f, 0.21
f, 0.21
f, 0.21
f, 0.21
f, 0.21
f, 0.21
f, 0.21
f, 0.21
f, 0.21
f, 0.21
f, 0.21
f, 0.21
f, 0.21
f, 0.21
f, 0.21
f, 0.21
f, 0.21
f, 0.21
f, 0.21
f, 0.21
f, 0.21
f, 0.21
f, 0.21
f, 0.21
f, 0.21
f, 0.21
f, 0.21
f, 0.21
f, 0.21
f, 0.21
f, 0.21
f, 0.21
f, 0.21
f, 0.21
f, 0.21
f, 0.21
f, 0.21
f, 0.21
f, 0.21
f, 0.21
f, 0.21
f, 0.21
f, 0.21
f, 0.21
f, 0.21
f, 0.21
f, 0.21
f, 0.21
f, 0.21
f, 0.21
f, 0.21
f, 0.21
f, 0.21
f, 0.21
f, 0.21
f, 0.21
f, 0.21
f, 0.21
f, 0.21
f, 0.21
f, 0.21
f, 0.21
f, 0.21
f, 0.21
f, 0.21
f, 0.21
f, 0.21
f, 0.21
f, 0.21
f, 0.21
f, 0.21
f, 0.21
f, 0.21
f, 0.21
f, 0.21
f, 0.21
f, 0.21
f, 0.21
f, 0.21
f, 0.21
f, 0.21
f, 0.21
f, 0.21
f, 0.21
f, 0.21
f, 0.21
f, 0.21
f, 0.21
f, 0.21
f, 0.21
f, 0.21
f, 0.21
f, 0.21
f, 0.21
f, 0.21
f, 0.21
f, 0.21
f, 0.21
f, 0.21
f, 0.21
f, 0.21
f, 0.21
f, 0.21
f, 0.21
f, 0.21
f, 0.21
f, 0.21
f, 0.21
f, 0.21
f, 0.21
f, 0.21
f, 0.21
f, 0.21
f, 0.21
f, 0.21
f, 0.21
f, 0.21
f, 0.21
f, 0.21
f, 0.21
f, 0.21
f, 0.21
f, 0.21
f, 0.21
f, 0.21
f, 0.21
f, 0.21
f, 0.21
f, 0.21
f, 0.21
f, 0.21
f, 0.21
f, 0.21
f, 0.21
f, 0.21
f, 0.21
f, 0.21
f, 0.21
f, 0.21
f, 0.21
f, 0.21
f, 0.21
f, 0.21
f, 0.21
f, 0.21
f, 0.21
f, 0.21
f, 0.21
f, 0.21
f, 0.21
f, 0.21
f, 0.22
f, 0.22
f, 0.22
f, 0.22
f, 0.22
f, 0.22
f, 0.22
f, 0.22
f, 0.22
f, 0.22
f, 0.22
f, 0.22
f, 0.22
f, 0.22
f, 0.22
f, 0.22
f, 0.22
f, 0.22
f, 0.22
f, 0.22
f, 0.22
f, 0.22
f, 0.22
f, 0.22
f, 0.22
f, 0.22
f, 0.22
f, 0.22
f, 0.22
f, 0.22
f, 0.22
f, 0.22
f, 0.22
f, 0.22
f, 0.22
f, 0.22
f, 0.22
f, 0.22
f, 0.22
f, 0.22
f, 0.22
f, 0.22
f, 0.22
f, 0.22
f, 0.22
f, 0.22
f, 0.22
f, 0.22
f, 0.22
f, 0.22
f, 0.22
f, 0.22
f, 0.22
f, 0.22
f, 0.22
f, 0.22
f, 0.22
f, 0.22
f, 0.22
f, 0.22
f, 0.22
f, 0.22
f, 0.22
f, 0.22
f, 0.22
f, 0.22
f, 0.22
f, 0.22
f, 0.22
f, 0.22
f, 0.22
f, 0.22
f, 0.22
f, 0.22
f, 0.22
f, 0.22
f, 0.22
f, 0.22
f, 0.22
f, 0.22
f, 0.22
f, 0.22
f, 0.22
f, 0.22
f, 0.22
f, 0.22
f, 0.22
f, 0.22
f, 0.22
f, 0.22
f, 0.22
f, 0.22
f, 0.22
f, 0.22
f, 0.22
f, 0.22
f, 0.22
f, 0.22
f, 0.22
f, 0.22
f, 0.22
f, 0.22
f, 0.22
f, 0.22
f, 0.22
f, 0.22
f, 0.22
f, 0.22
f, 0.22
f, 0.22
f, 0.22
f, 0.22
f, 0.22
f, 0.22
f, 0.22
f, 0.22
f, 0.22
f, 0.22
f, 0.22
f, 0.22
f, 0.22
f, 0.22
f, 0.22
f, 0.22
f, 0.22
f, 0.22
f, 0.22
f, 0.22
f, 0.22
f, 0.22
f, 0.22
f, 0.22
f, 0.22
f, 0.22
f, 0.22
f, 0.22
f, 0.22
f, 0.22
f, 0.22
f, 0.22
f, 0.22
f, 0.22
f, 0.22
f, 0.22
f, 0.22
f, 0.22
f, 0.22
f, 0.22
f, 0.22
f, 0.22
f, 0.22
f, 0.22
f, 0.22
f, 0.22
f, 0.22
f, 0.22
f, 0.22
f, 0.22
f, 0.22
f, 0.22
f, 0.22
f, 0.22
f, 0.22
f, 0.22
f, 0.23
f, 0.23
f, 0.23
f, 0.23
f, 0.23
f, 0.23
f, 0.23
f, 0.23
f, 0.23
f, 0.23
f, 0.23
f, 0.23
f, 0.23
f, 0.23
f, 0.23
f, 0.23
f, 0.23
f, 0.23
f, 0.23
f, 0.23
f, 0.23
f, 0.23
f, 0.23
f, 0.23
f, 0.23
f, 0.23
f, 0.23
f, 0.23
f, 0.23
f, 0.23
f, 0.23
f, 0.23
f, 0.23
f, 0.23
f, 0.23
f, 0.23
f, 0.23
f, 0.23
f, 0.23
f, 0.23
f, 0.23
f, 0.23
f, 0.23
f, 0.23
f, 0.23
f, 0.23
f, 0.23
f, 0.23
f, 0.23
f, 0.23
f, 0.23
f, 0.23
f, 0.23
f, 0.23
f, 0.23
f, 0.23
f, 0.23
f, 0.23
f, 0.23
f, 0.23
f, 0.23
f, 0.23
f, 0.23
f, 0.23
f, 0.23
f, 0.23
f, 0.23
f, 0.23
f, 0.23
f, 0.23
f, 0.23
f, 0.23
f, 0.23
f, 0.23
f, 0.23
f, 0.23
f, 0.23
f, 0.23
f, 0.23
f, 0.23
f, 0.23
f, 0.23
f, 0.23
f, 0.23
f, 0.23
f, 0.23
f, 0.23
f, 0.23
f, 0.23
f, 0.23
f, 0.23
f, 0.23
f, 0.23
f, 0.23
f, 0.23
f, 0.23
f, 0.23
f, 0.23
f, 0.23
f, 0.23
f, 0.23
f, 0.23
f, 0.23
f, 0.23
f, 0.23
f, 0.23
f, 0.23
f, 0.23
f, 0.23
f, 0.23
f, 0.23
f, 0.23
f, 0.23
f, 0.23
f, 0.23
f, 0.23
f, 0.23
f, 0.23
f, 0.23
f, 0.23
f, 0.23
f, 0.23
f, 0.23
f, 0.23
f, 0.23
f, 0.23
f, 0.23
f, 0.23
f, 0.23
f, 0.23
f, 0.23
f, 0.23
f, 0.23
f, 0.23
f, 0.23
f, 0.23
f, 0.23
f, 0.23
f, 0.23
f, 0.23
f, 0.23
f, 0.23
f, 0.23
f, 0.23
f, 0.23
f, 0.23
f, 0.23
f, 0.23
f, 0.23
f, 0.23
f, 0.23
f, 0.23
f, 0.23
f, 0.23
f, 0.23
f, 0.23
f, 0.23
f, 0.23
f, 0.23
f, 0.23
f, 0.23
f, 0.24
f, 0.23
f, 0.24
f, 0.24
f, 0.24
f, 0.24
f, 0.24
f, 0.24
f, 0.24
f, 0.24
f, 0.24
f, 0.24
f, 0.24
f, 0.24
f, 0.24
f, 0.24
f, 0.24
f, 0.24
f, 0.24
f, 0.24
f, 0.24
f, 0.24
f, 0.24
f, 0.24
f, 0.24
f, 0.24
f, 0.24
f, 0.24
f, 0.24
f, 0.24
f, 0.24
f, 0.24
f, 0.24
f, 0.24
f, 0.24
f, 0.24
f, 0.24
f, 0.24
f, 0.24
f, 0.24
f, 0.24
f, 0.24
f, 0.24
f, 0.24
f, 0.24
f, 0.24
f, 0.24
f, 0.24
f, 0.24
f, 0.24
f, 0.24
f, 0.24
f, 0.24
f, 0.24
f, 0.24
f, 0.24
f, 0.24
f, 0.24
f, 0.24
f, 0.24
f, 0.24
f, 0.24
f, 0.24
f, 0.24
f, 0.24
f, 0.24
f, 0.24
f, 0.24
f, 0.24
f, 0.24
f, 0.24
f, 0.24
f, 0.24
f, 0.24
f, 0.24
f, 0.24
f, 0.24
f, 0.24
f, 0.24
f, 0.24
f, 0.24
f, 0.24
f, 0.24
f, 0.24
f, 0.24
f, 0.24
f, 0.24
f, 0.24
f, 0.24
f, 0.24
f, 0.24
f, 0.24
f, 0.24
f, 0.24
f, 0.24
f, 0.24
f, 0.24
f, 0.24
f, 0.24
f, 0.24
f, 0.24
f, 0.24
f, 0.24
f, 0.24
f, 0.24
f, 0.24
f, 0.24
f, 0.24
f, 0.24
f, 0.24
f, 0.24
f, 0.24
f, 0.24
f, 0.24
f, 0.24
f, 0.24
f, 0.24
f, 0.24
f, 0.24
f, 0.24
f, 0.24
f, 0.24
f, 0.24
f, 0.24
f, 0.24
f, 0.24
f, 0.24
f, 0.24
f, 0.24
f, 0.24
f, 0.24
f, 0.24
f, 0.24
f, 0.24
f, 0.24
f, 0.24
f, 0.24
f, 0.24
f, 0.24
f, 0.24
f, 0.24
f, 0.24
f, 0.24
f, 0.24
f, 0.24
f, 0.24
f, 0.24
f, 0.24
f, 0.24
f, 0.24
f, 0.24
f, 0.24
f, 0.24
f, 0.24
f, 0.24
f, 0.24
f, 0.24
f, 0.24
f, 0.24
f, 0.24
f, 0.25
f, 0.25
f, 0.25
f, 0.25
f, 0.25
f, 0.25
f, 0.25
f, 0.25
f, 0.25
f, 0.25
f, 0.25
f, 0.25
f, 0.25
f, 0.25
f, 0.25
f, 0.25
f, 0.25
f, 0.25
f, 0.25
f, 0.25
f, 0.25
f, 0.25
f, 0.25
f, 0.25
f, 0.25
f, 0.25
f, 0.25
f, 0.25
f, 0.25
f, 0.25
f, 0.25
f, 0.25
f, 0.25
f, 0.25
f, 0.25
f, 0.25
f, 0.25
f, 0.25
f, 0.25
f, 0.25
f, 0.25
f, 0.25
f, 0.25
f, 0.25
f, 0.25
f, 0.25
f, 0.25
f, 0.25
f, 0.25
f, 0.25
f, 0.25
f, 0.25
f, 0.25
f, 0.25
f, 0.25
f, 0.25
f, 0.25
f, 0.25
f, 0.25
f, 0.25
f, 0.25
f, 0.25
f, 0.25
f, 0.25
f, 0.25
f, 0.25
f, 0.25
f, 0.25
f, 0.25
f, 0.25
f, 0.25
f, 0.25
f, 0.25
f, 0.25
f, 0.25
f, 0.25
f, 0.25
f, 0.25
f, 0.25
f, 0.25
f, 0.25
f, 0.25
f, 0.25
f, 0.25
f, 0.25
f, 0.25
f, 0.25
f, 0.25
f, 0.25
f, 0.25
f, 0.25
f, 0.25
f, 0.25
f, 0.25
f, 0.25
f, 0.25
f, 0.25
f, 0.25
f, 0.25
f, 0.25
f, 0.25
f, 0.25
f, 0.25
f, 0.25
f, 0.25
f, 0.25
f, 0.25
f, 0.25
f, 0.25
f, 0.25
f, 0.25
f, 0.25
f, 0.25
f, 0.25
f, 0.25
f, 0.25
f, 0.25
f, 0.25
f, 0.25
f, 0.25
f, 0.25
f, 0.25
f, 0.25
f, 0.25
f, 0.25
f, 0.25
f, 0.25
f, 0.25
f, 0.25
f, 0.25
f, 0.25
f, 0.25
f, 0.25
f, 0.25
f, 0.25
f, 0.25
f, 0.25
f, 0.25
f, 0.25
f, 0.25
f, 0.25
f, 0.25
f, 0.25
f, 0.25
f, 0.25
f, 0.25
f, 0.25
f, 0.25
f, 0.25
f, 0.25
f, 0.25
f, 0.25
f, 0.25
f, 0.25
f, 0.25
f, 0.25
f, 0.25
f, 0.25
f, 0.25
f, 0.25
f, 0.25
f, 0.25
f, 0.26
f, 0.26
f, 0.26
f, 0.26
f, 0.26
f, 0.26
f, 0.26
f, 0.26
f, 0.26
f, 0.26
f, 0.26
f, 0.26
f, 0.26
f, 0.26
f, 0.26
f, 0.26
f, 0.26
f, 0.26
f, 0.26
f, 0.26
f, 0.26
f, 0.26
f, 0.26
f, 0.26
f, 0.26
f, 0.26
f, 0.26
f, 0.26
f, 0.26
f, 0.26
f, 0.26
f, 0.26
f, 0.26
f, 0.26
f, 0.26
f, 0.26
f, 0.26
f, 0.26
f, 0.26
f, 0.26
f, 0.26
f, 0.26
f, 0.26
f, 0.26
f, 0.26
f, 0.26
f, 0.26
f, 0.26
f, 0.26
f, 0.26
f, 0.26
f, 0.26
f, 0.26
f, 0.26
f, 0.26
f, 0.26
f, 0.26
f, 0.26
f, 0.26
f, 0.26
f, 0.26
f, 0.26
f, 0.26
f, 0.26
f, 0.26
f, 0.26
f, 0.26
f, 0.26
f, 0.26
f, 0.26
f, 0.26
f, 0.26
f, 0.26
f, 0.26
f, 0.26
f, 0.26
f, 0.26
f, 0.26
f, 0.26
f, 0.26
f, 0.26
f, 0.26
f, 0.26
f, 0.26
f, 0.26
f, 0.26
f, 0.26
f, 0.26
f, 0.26
f, 0.26
f, 0.26
f, 0.26
f, 0.26
f, 0.26
f, 0.26
f, 0.26
f, 0.26
f, 0.26
f, 0.26
f, 0.26
f, 0.26
f, 0.26
f, 0.26
f, 0.26
f, 0.26
f, 0.26
f, 0.26
f, 0.26
f, 0.26
f, 0.26
f, 0.26
f, 0.26
f, 0.26
f, 0.26
f, 0.26
f, 0.26
f, 0.26
f, 0.26
f, 0.26
f, 0.26
f, 0.26
f, 0.26
f, 0.26
f, 0.26
f, 0.26
f, 0.26
f, 0.26
f, 0.26
f, 0.26
f, 0.26
f, 0.26
f, 0.26
f, 0.26
f, 0.26
f, 0.26
f, 0.26
f, 0.26
f, 0.26
f, 0.26
f, 0.26
f, 0.26
f, 0.26
f, 0.26
f, 0.26
f, 0.26
f, 0.26
f, 0.26
f, 0.26
f, 0.26
f, 0.26
f, 0.26
f, 0.26
f, 0.26
f, 0.26
f, 0.26
f, 0.26
f, 0.26
f, 0.26
f, 0.26
f, 0.26
f, 0.26
f, 0.26
f, 0.26
f, 0.26
f, 0.26
f, 0.26
f, 0.26
f, 0.26
f, 0.26
f, 0.26
f, 0.26
f, 0.27
f, 0.27
f, 0.27
f, 0.27
f, 0.27
f, 0.27
f, 0.27
f, 0.27
f, 0.27
f, 0.27
f, 0.27
f, 0.27
f, 0.27
f, 0.27
f, 0.27
f, 0.27
f, 0.27
f, 0.27
f, 0.27
f, 0.27
f, 0.27
f, 0.27
f, 0.27
f, 0.27
f, 0.27
f, 0.27
f, 0.27
f, 0.27
f, 0.27
f, 0.27
f, 0.27
f, 0.27
f, 0.27
f, 0.27
f, 0.27
f, 0.27
f, 0.27
f, 0.27
f, 0.27
f, 0.27
f, 0.27
f, 0.27
f, 0.27
f, 0.27
f, 0.27
f, 0.27
f, 0.27
f, 0.27
f, 0.27
f, 0.27
f, 0.27
f, 0.27
f, 0.27
f, 0.27
f, 0.27
f, 0.27
f, 0.27
f, 0.27
f, 0.27
f, 0.27
f, 0.27
f, 0.27
f, 0.27
f, 0.27
f, 0.27
f, 0.27
f, 0.27
f, 0.27
f, 0.27
f, 0.27
f, 0.27
f, 0.27
f, 0.27
f, 0.27
f, 0.27
f, 0.27
f, 0.27
f, 0.27
f, 0.27
f, 0.27
f, 0.27
f, 0.27
f, 0.27
f, 0.27
f, 0.27
f, 0.27
f, 0.27
f, 0.27
f, 0.27
f, 0.27
f, 0.27
f, 0.27
f, 0.27
f, 0.27
f, 0.27
f, 0.27
f, 0.27
f, 0.27
f, 0.27
f, 0.27
f, 0.27
f, 0.27
f, 0.27
f, 0.27
f, 0.27
f, 0.27
f, 0.27
f, 0.27
f, 0.27
f, 0.27
f, 0.27
f, 0.27
f, 0.27
f, 0.27
f, 0.27
f, 0.27
f, 0.27
f, 0.27
f, 0.27
f, 0.27
f, 0.27
f, 0.27
f, 0.27
f, 0.27
f, 0.27
f, 0.27
f, 0.27
f, 0.27
f, 0.27
f, 0.27
f, 0.27
f, 0.27
f, 0.27
f, 0.27
f, 0.27
f, 0.27
f, 0.27
f, 0.27
f, 0.27
f, 0.27
f, 0.27
f, 0.27
f, 0.27
f, 0.27
f, 0.27
f, 0.27
f, 0.27
f, 0.27
f, 0.27
f, 0.27
f, 0.27
f, 0.27
f, 0.27
f, 0.27
f, 0.27
f, 0.27
f, 0.27
f, 0.27
f, 0.27
f, 0.27
f, 0.27
f, 0.27
f, 0.27
f, 0.27
f, 0.27
f, 0.27
f, 0.27
f, 0.27
f, 0.27
f, 0.27
f, 0.27
f, 0.28
f, 0.28
f, 0.28
f, 0.28
f, 0.28
f, 0.28
f, 0.28
f, 0.28
f, 0.28
f, 0.28
f, 0.28
f, 0.28
f, 0.28
f, 0.28
f, 0.28
f, 0.28
f, 0.28
f, 0.28
f, 0.28
f, 0.28
f, 0.28
f, 0.28
f, 0.28
f, 0.28
f, 0.28
f, 0.28
f, 0.28
f, 0.28
f, 0.28
f, 0.28
f, 0.28
f, 0.28
f, 0.28
f, 0.28
f, 0.28
f, 0.28
f, 0.28
f, 0.28
f, 0.28
f, 0.28
f, 0.28
f, 0.28
f, 0.28
f, 0.28
f, 0.28
f, 0.28
f, 0.28
f, 0.28
f, 0.28
f, 0.28
f, 0.28
f, 0.28
f, 0.28
f, 0.28
f, 0.28
f, 0.28
f, 0.28
f, 0.28
f, 0.28
f, 0.28
f, 0.28
f, 0.28
f, 0.28
f, 0.28
f, 0.28
f, 0.28
f, 0.28
f, 0.28
f, 0.28
f, 0.28
f, 0.28
f, 0.28
f, 0.28
f, 0.28
f, 0.28
f, 0.28
f, 0.28
f, 0.28
f, 0.28
f, 0.28
f, 0.28
f, 0.28
f, 0.28
f, 0.28
f, 0.28
f, 0.28
f, 0.28
f, 0.28
f, 0.28
f, 0.28
f, 0.28
f, 0.28
f, 0.28
f, 0.28
f, 0.28
f, 0.28
f, 0.28
f, 0.28
f, 0.28
f, 0.28
f, 0.28
f, 0.28
f, 0.28
f, 0.28
f, 0.28
f, 0.28
f, 0.28
f, 0.28
f, 0.28
f, 0.28
f, 0.28
f, 0.28
f, 0.28
f, 0.28
f, 0.28
f, 0.28
f, 0.28
f, 0.28
f, 0.28
f, 0.28
f, 0.28
f, 0.28
f, 0.28
f, 0.28
f, 0.28
f, 0.28
f, 0.28
f, 0.28
f, 0.28
f, 0.28
f, 0.28
f, 0.28
f, 0.28
f, 0.28
f, 0.28
f, 0.28
f, 0.28
f, 0.28
f, 0.28
f, 0.28
f, 0.28
f, 0.28
f, 0.28
f, 0.28
f, 0.28
f, 0.28
f, 0.28
f, 0.28
f, 0.28
f, 0.28
f, 0.28
f, 0.28
f, 0.28
f, 0.28
f, 0.28
f, 0.28
f, 0.28
f, 0.28
f, 0.28
f, 0.28
f, 0.28
f, 0.28
f, 0.28
f, 0.28
f, 0.28
f, 0.28
f, 0.28
f, 0.28
f, 0.28
f, 0.28
f, 0.28
f, 0.28
f, 0.28
f, 0.28
f, 0.28
f, 0.28
f, 0.28
f, 0.28
f, 0.28
f, 0.28
f, 0.28
f, 0.28
f, 0.28
f, 0.29
f, 0.29
f, 0.29
f, 0.29
f, 0.29
f, 0.29
f, 0.29
f, 0.29
f, 0.29
f, 0.29
f, 0.29
f, 0.29
f, 0.29
f, 0.29
f, 0.29
f, 0.29
f, 0.29
f, 0.29
f, 0.29
f, 0.29
f, 0.29
f, 0.29
f, 0.29
f, 0.29
f, 0.29
f, 0.29
f, 0.29
f, 0.29
f, 0.29
f, 0.29
f, 0.29
f, 0.29
f, 0.29
f, 0.29
f, 0.29
f, 0.29
f, 0.29
f, 0.29
f, 0.29
f, 0.29
f, 0.29
f, 0.29
f, 0.29
f, 0.29
f, 0.29
f, 0.29
f, 0.29
f, 0.29
f, 0.29
f, 0.29
f, 0.29
f, 0.29
f, 0.29
f, 0.29
f, 0.29
f, 0.29
f, 0.29
f, 0.29
f, 0.29
f, 0.29
f, 0.29
f, 0.29
f, 0.29
f, 0.29
f, 0.29
f, 0.29
f, 0.29
f, 0.29
f, 0.29
f, 0.29
f, 0.29
f, 0.29
f, 0.29
f, 0.29
f, 0.29
f, 0.29
f, 0.29
f, 0.29
f, 0.29
f, 0.29
f, 0.29
f, 0.29
f, 0.29
f, 0.29
f, 0.29
f, 0.29
f, 0.29
f, 0.29
f, 0.29
f, 0.29
f, 0.29
f, 0.29
f, 0.29
f, 0.29
f, 0.29
f, 0.29
f, 0.29
f, 0.29
f, 0.29
f, 0.29
f, 0.29
f, 0.29
f, 0.29
f, 0.29
f, 0.29
f, 0.29
f, 0.29
f, 0.29
f, 0.29
f, 0.29
f, 0.29
f, 0.29
f, 0.29
f, 0.29
f, 0.29
f, 0.29
f, 0.29
f, 0.29
f, 0.29
f, 0.29
f, 0.29
f, 0.29
f, 0.29
f, 0.29
f, 0.29
f, 0.29
f, 0.29
f, 0.29
f, 0.29
f, 0.29
f, 0.29
f, 0.29
f, 0.29
f, 0.29
f, 0.29
f, 0.29
f, 0.29
f, 0.29
f, 0.29
f, 0.29
f, 0.29
f, 0.29
f, 0.29
f, 0.29
f, 0.29
f, 0.29
f, 0.29
f, 0.29
f, 0.29
f, 0.29
f, 0.29
f, 0.29
f, 0.29
f, 0.29
f, 0.29
f, 0.29
f, 0.29
f, 0.29
f, 0.29
f, 0.29
f, 0.29
f, 0.29
f, 0.29
f, 0.29
f, 0.29
f, 0.29
f, 0.29
f, 0.29
f, 0.29
f, 0.29
f, 0.29
f, 0.29
f, 0.29
f, 0.29
f, 0.29
f, 0.29
f, 0.29
f, 0.29
f, 0.29
f, 0.29
f, 0.29
f, 0.29
f, 0.29
f, 0.29
f, 0.29
f, 0.29
f, 0.29
f, 0.29
f, 0.29
f, 0.29
f, 0.29
f, 0.29
f, 0.29
f, 0.29
f, 0.30
f, 0.30
f, 0.30
f, 0.30
f, 0.30
f, 0.30
f, 0.30
f, 0.30
f, 0.30
f, 0.30
f, 0.30
f, 0.30
f, 0.30
f, 0.30
f, 0.30
f, 0.30
f, 0.30
f, 0.30
f, 0.30
f, 0.30
f, 0.30
f, 0.30
f, 0.30
f, 0.30
f, 0.30
f, 0.30
f, 0.30
f, 0.30
f, 0.30
f, 0.30
f, 0.30
f, 0.30
f, 0.30
f, 0.30
f, 0.30
f, 0.30
f, 0.30
f, 0.30
f, 0.30
f, 0.30
f, 0.30
f, 0.30
f, 0.30
f, 0.30
f, 0.30
f, 0.30
f, 0.30
f, 0.30
f, 0.30
f, 0.30
f, 0.30
f, 0.30
f, 0.30
f, 0.30
f, 0.30
f, 0.30
f, 0.30
f, 0.30
f, 0.30
f, 0.30
f, 0.30
f, 0.30
f, 0.30
f, 0.30
f, 0.30
f, 0.30
f, 0.30
f, 0.30
f, 0.30
f, 0.30
f, 0.30
f, 0.30
f, 0.30
f, 0.30
f, 0.30
f, 0.30
f, 0.30
f, 0.30
f, 0.30
f, 0.30
f, 0.30
f, 0.30
f, 0.30
f, 0.30
f, 0.30
f, 0.30
f, 0.30
f, 0.30
f, 0.30
f, 0.30
f, 0.30
f, 0.30
f, 0.30
f, 0.30
f, 0.30
f, 0.30
f, 0.30
f, 0.30
f, 0.30
f, 0.30
f, 0.30
f, 0.30
f, 0.30
f, 0.30
f, 0.30
f, 0.30
f, 0.30
f, 0.30
f, 0.30
f, 0.30
f, 0.30
f, 0.30
f, 0.30
f, 0.30
f, 0.30
f, 0.30
f, 0.30
f, 0.30
f, 0.30
f, 0.30
f, 0.30
f, 0.30
f, 0.30
f, 0.30
f, 0.30
f, 0.30
f, 0.30
f, 0.30
f, 0.30
f, 0.30
f, 0.30
f, 0.30
f, 0.30
f, 0.30
f, 0.30
f, 0.30
f, 0.30
f, 0.30
f, 0.30
f, 0.30
f, 0.30
f, 0.30
f, 0.30
f, 0.30
f, 0.30
f, 0.30
f, 0.30
f, 0.30
f, 0.30
f, 0.30
f, 0.30
f, 0.30
f, 0.30
f, 0.30
f, 0.30
f, 0.30
f, 0.30
f, 0.30
f, 0.30
f, 0.30
f, 0.30
f, 0.30
f, 0.30
f, 0.30
f, 0.30
f, 0.30
f, 0.30
f, 0.30
f, 0.30
f, 0.30
f, 0.30
f, 0.30
f, 0.30
f, 0.30
f, 0.30
f, 0.30
f, 0.30
f, 0.30
f, 0.30
f, 0.30
f, 0.30
f, 0.30
f, 0.30
f, 0.30
f, 0.30
f, 0.30
f, 0.30
f, 0.30
f, 0.30
f, 0.30
f, 0.30
f, 0.30
f, 0.30
f, 0.30
f, 0.30
f, 0.30
f, 0.30
f, 0.30
f, 0.30
f, 0.30
f, 0.30
f, 0.30
f, 0.30
f, 0.30
f, 0.30
f, 0.31
f, 0.31
f, 0.31
f, 0.31
f, 0.31
f, 0.31
f, 0.31
f, 0.31
f, 0.31
f, 0.31
f, 0.31
f, 0.31
f, 0.31
f, 0.31
f, 0.31
f, 0.31
f, 0.31
f, 0.31
f, 0.31
f, 0.31
f, 0.31
f, 0.31
f, 0.31
f, 0.31
f, 0.31
f, 0.31
f, 0.31
f, 0.31
f, 0.31
f, 0.31
f, 0.31
f, 0.31
f, 0.31
f, 0.31
f, 0.31
f, 0.31
f, 0.31
f, 0.31
f, 0.31
f, 0.31
f, 0.31
f, 0.31
f, 0.31
f, 0.31
f, 0.31
f, 0.31
f, 0.31
f, 0.31
f, 0.31
f, 0.31
f, 0.31
f, 0.31
f, 0.31
f, 0.31
f, 0.31
f, 0.31
f, 0.31
f, 0.31
f, 0.31
f, 0.31
f, 0.31
f, 0.31
f, 0.31
f, 0.31
f, 0.31
f, 0.31
f, 0.31
f, 0.31
f, 0.31
f, 0.31
f, 0.31
f, 0.31
f, 0.31
f, 0.31
f, 0.31
f, 0.31
f, 0.31
f, 0.31
f, 0.31
f, 0.31
f, 0.31
f, 0.31
f, 0.31
f, 0.31
f, 0.31
f, 0.31
f, 0.31
f, 0.31
f, 0.31
f, 0.31
f, 0.31
f, 0.31
f, 0.31
f, 0.31
f, 0.31
f, 0.31
f, 0.31
f, 0.31
f, 0.31
f, 0.31
f, 0.31
f, 0.31
f, 0.31
f, 0.31
f, 0.31
f, 0.31
f, 0.31
f, 0.31
f, 0.31
f, 0.31
f, 0.31
f, 0.31
f, 0.31
f, 0.31
f, 0.31
f, 0.31
f, 0.31
f, 0.31
f, 0.31
f, 0.31
f, 0.31
f, 0.31
f, 0.31
f, 0.31
f, 0.31
f, 0.31
f, 0.31
f, 0.31
f, 0.31
f, 0.31
f, 0.31
f, 0.31
f, 0.31
f, 0.31
f, 0.31
f, 0.31
f, 0.31
f, 0.31
f, 0.31
f, 0.31
f, 0.31
f, 0.31
f, 0.31
f, 0.31
f, 0.31
f, 0.31
f, 0.31
f, 0.31
f, 0.31
f, 0.31
f, 0.31
f, 0.31
f, 0.31
f, 0.31
f, 0.31
f, 0.31
f, 0.31
f, 0.31
f, 0.31
f, 0.31
f, 0.31
f, 0.31
f, 0.31
f, 0.31
f, 0.31
f, 0.31
f, 0.31
f, 0.31
f, 0.31
f, 0.31
f, 0.31
f, 0.31
f, 0.31
f, 0.31
f, 0.31
f, 0.31
f, 0.31
f, 0.31
f, 0.31
f, 0.31
f, 0.31
f, 0.31
f, 0.31
f, 0.31
f, 0.31
f, 0.31
f, 0.31
f, 0.31
f, 0.31
f, 0.31
f, 0.31
f, 0.31
f, 0.31
f, 0.31
f, 0.31
f, 0.31
f, 0.31
f, 0.31
f, 0.31
f, 0.31
f, 0.31
f, 0.31
f, 0.31
f, 0.31
f, 0.31
f, 0.31
f, 0.31
f, 0.31
f, 0.31
f, 0.31
f, 0.31
f, 0.31
f, 0.31
f, 0.32
f, 0.32
f, 0.32
f, 0.32
f, 0.32
f, 0.32
f, 0.32
f, 0.32
f, 0.32
f, 0.32
f, 0.32
f, 0.32
f, 0.32
f, 0.32
f, 0.32
f, 0.32
f, 0.32
f, 0.32
f, 0.32
f, 0.32
f, 0.32
f, 0.32
f, 0.32
f, 0.32
f, 0.32
f, 0.32
f, 0.32
f, 0.32
f, 0.32
f, 0.32
f, 0.32
f, 0.32
f, 0.32
f, 0.32
f, 0.32
f, 0.32
f, 0.32
f, 0.32
f, 0.32
f, 0.32
f, 0.32
f, 0.32
f, 0.32
f, 0.32
f, 0.32
f, 0.32
f, 0.32
f, 0.32
f, 0.32
f, 0.32
f, 0.32
f, 0.32
f, 0.32
f, 0.32
f, 0.32
f, 0.32
f, 0.32
f, 0.32
f, 0.32
f, 0.32
f, 0.32
f, 0.32
f, 0.32
f, 0.32
f, 0.32
f, 0.32
f, 0.32
f, 0.32
f, 0.32
f, 0.32
f, 0.32
f, 0.32
f, 0.32
f, 0.32
f, 0.32
f, 0.32
f, 0.32
f, 0.32
f, 0.32
f, 0.32
f, 0.32
f, 0.32
f, 0.32
f, 0.32
f, 0.32
f, 0.32
f, 0.32
f, 0.32
f, 0.32
f, 0.32
f, 0.32
f, 0.32
f, 0.32
f, 0.32
f, 0.32
f, 0.32
f, 0.32
f, 0.32
f, 0.32
f, 0.32
f, 0.32
f, 0.32
f, 0.32
f, 0.32
f, 0.32
f, 0.32
f, 0.32
f, 0.32
f, 0.32
f, 0.32
f, 0.32
f, 0.32
f, 0.32
f, 0.32
f, 0.32
f, 0.32
f, 0.32
f, 0.32
f, 0.32
f, 0.32
f, 0.32
f, 0.32
f, 0.32
f, 0.32
f, 0.32
f, 0.32
f, 0.32
f, 0.32
f, 0.32
f, 0.32
f, 0.32
f, 0.32
f, 0.32
f, 0.32
f, 0.32
f, 0.32
f, 0.32
f, 0.32
f, 0.32
f, 0.32
f, 0.32
f, 0.32
f, 0.32
f, 0.32
f, 0.32
f, 0.32
f, 0.32
f, 0.32
f, 0.32
f, 0.32
f, 0.32
f, 0.32
f, 0.32
f, 0.32
f, 0.32
f, 0.32
f, 0.32
f, 0.32
f, 0.32
f, 0.32
f, 0.32
f, 0.32
f, 0.32
f, 0.32
f, 0.32
f, 0.32
f, 0.32
f, 0.32
f, 0.32
f, 0.32
f, 0.32
f, 0.32
f, 0.32
f, 0.32
f, 0.32
f, 0.32
f, 0.32
f, 0.32
f, 0.32
f, 0.32
f, 0.32
f, 0.32
f, 0.32
f, 0.32
f, 0.32
f, 0.32
f, 0.32
f, 0.32
f, 0.32
f, 0.32
f, 0.32
f, 0.32
f, 0.32
f, 0.32
f, 0.32
f, 0.32
f, 0.32
f, 0.32
f, 0.32
f, 0.32
f, 0.32
f, 0.32
f, 0.32
f, 0.32
f, 0.32
f, 0.32
f, 0.32
f, 0.32
f, 0.32
f, 0.32
f, 0.32
f, 0.32
f, 0.32
f, 0.32
f, 0.32
f, 0.32
f, 0.32
f, 0.32
f, 0.32
f, 0.32
f, 0.32
f, 0.32
f, 0.32
f, 0.32
f, 0.32
f, 0.32
f, 0.33
f, 0.33
f, 0.33
f, 0.33
f, 0.33
f, 0.33
f, 0.33
f, 0.33
f, 0.33
f, 0.33
f, 0.33
f, 0.33
f, 0.33
f, 0.33
f, 0.33
f, 0.33
f, 0.33
f, 0.33
f, 0.33
f, 0.33
f, 0.33
f, 0.33
f, 0.33
f, 0.33
f, 0.33
f, 0.33
f, 0.33
f, 0.33
f, 0.33
f, 0.33
f, 0.33
f, 0.33
f, 0.33
f, 0.33
f, 0.33
f, 0.33
f, 0.33
f, 0.33
f, 0.33
f, 0.33
f, 0.33
f, 0.33
f, 0.33
f, 0.33
f, 0.33
f, 0.33
f, 0.33
f, 0.33
f, 0.33
f, 0.33
f, 0.33
f, 0.33
f, 0.33
f, 0.33
f, 0.33
f, 0.33
f, 0.33
f, 0.33
f, 0.33
f, 0.33
f, 0.33
f, 0.33
f, 0.33
f, 0.33
f, 0.33
f, 0.33
f, 0.33
f, 0.33
f, 0.33
f, 0.33
f, 0.33
f, 0.33
f, 0.33
f, 0.33
f, 0.33
f, 0.33
f, 0.33
f, 0.33
f, 0.33
f, 0.33
f, 0.33
f, 0.33
f, 0.33
f, 0.33
f, 0.33
f, 0.33
f, 0.33
f, 0.33
f, 0.33
f, 0.33
f, 0.33
f, 0.33
f, 0.33
f, 0.33
f, 0.33
f, 0.33
f, 0.33
f, 0.33
f, 0.33
f, 0.33
f, 0.33
f, 0.33
f, 0.33
f, 0.33
f, 0.33
f, 0.33
f, 0.33
f, 0.33
f, 0.33
f, 0.33
f, 0.33
f, 0.33
f, 0.33
f, 0.33
f, 0.33
f, 0.33
f, 0.33
f, 0.33
f, 0.33
f, 0.33
f, 0.33
f, 0.33
f, 0.33
f, 0.33
f, 0.33
f, 0.33
f, 0.33
f, 0.33
f, 0.33
f, 0.33
f, 0.33
f, 0.33
f, 0.33
f, 0.33
f, 0.33
f, 0.33
f, 0.33
f, 0.33
f, 0.33
f, 0.33
f, 0.33
f, 0.33
f, 0.33
f, 0.33
f, 0.33
f, 0.33
f, 0.33
f, 0.33
f, 0.33
f, 0.33
f, 0.33
f, 0.33
f, 0.33
f, 0.33
f, 0.33
f, 0.33
f, 0.33
f, 0.33
f, 0.33
f, 0.33
f, 0.33
f, 0.33
f, 0.33
f, 0.33
f, 0.33
f, 0.33
f, 0.33
f, 0.33
f, 0.33
f, 0.33
f, 0.33
f, 0.33
f, 0.33
f, 0.33
f, 0.33
f, 0.33
f, 0.33
f, 0.33
f, 0.33
f, 0.33
f, 0.33
f, 0.33
f, 0.33
f, 0.33
f, 0.33
f, 0.33
f, 0.33
f, 0.33
f, 0.33
f, 0.33
f, 0.33
f, 0.33
f, 0.33
f, 0.33
f, 0.33
f, 0.33
f, 0.33
f, 0.33
f, 0.33
f, 0.33
f, 0.33
f, 0.33
f, 0.33
f, 0.33
f, 0.33
f, 0.33
f, 0.33
f, 0.33
f, 0.33
f, 0.33
f, 0.33
f, 0.33
f, 0.33
f, 0.33
f, 0.33
f, 0.33
f, 0.33
f, 0.33
f, 0.33
f, 0.33
f, 0.33
f, 0.33
f, 0.33
f, 0.33
f, 0.33
f, 0.33
f, 0.33
f, 0.33
f, 0.33
f, 0.33
f, 0.33
f, 0.33
f, 0.33
f, 0.34
f, 0.34
f, 0.34
f, 0.34
f, 0.34
f, 0.34
f, 0.34
f, 0.34
f, 0.34
f, 0.34
f, 0.34
f, 0.34
f, 0.34
f, 0.34
f, 0.34
f, 0.34
f, 0.34
f, 0.34
f, 0.34
f, 0.34
f, 0.34
f, 0.34
f, 0.34
f, 0.34
f, 0.34
f, 0.34
f, 0.34
f, 0.34
f, 0.34
f, 0.34
f, 0.34
f, 0.34
f, 0.34
f, 0.34
f, 0.34
f, 0.34
f, 0.34
f, 0.34
f, 0.34
f, 0.34
f, 0.34
f, 0.34
f, 0.34
f, 0.34
f, 0.34
f, 0.34
f, 0.34
f, 0.34
f, 0.34
f, 0.34
f, 0.34
f, 0.34
f, 0.34
f, 0.34
f, 0.34
f, 0.34
f, 0.34
f, 0.34
f, 0.34
f, 0.34
f, 0.34
f, 0.34
f, 0.34
f, 0.34
f, 0.34
f, 0.34
f, 0.34
f, 0.34
f, 0.34
f, 0.34
f, 0.34
f, 0.34
f, 0.34
f, 0.34
f, 0.34
f, 0.34
f, 0.34
f, 0.34
f, 0.34
f, 0.34
f, 0.34
f, 0.34
f, 0.34
f, 0.34
f, 0.34
f, 0.34
f, 0.34
f, 0.34
f, 0.34
f, 0.34
f, 0.34
f, 0.34
f, 0.34
f, 0.34
f, 0.34
f, 0.34
f, 0.34
f, 0.34
f, 0.34
f, 0.34
f, 0.34
f, 0.34
f, 0.34
f, 0.34
f, 0.34
f, 0.34
f, 0.34
f, 0.34
f, 0.34
f, 0.34
f, 0.34
f, 0.34
f, 0.34
f, 0.34
f, 0.34
f, 0.34
f, 0.34
f, 0.34
f, 0.34
f, 0.34
f, 0.34
f, 0.34
f, 0.34
f, 0.34
f, 0.34
f, 0.34
f, 0.34
f, 0.34
f, 0.34
f, 0.34
f, 0.34
f, 0.34
f, 0.34
f, 0.34
f, 0.34
f, 0.34
f, 0.34
f, 0.34
f, 0.34
f, 0.34
f, 0.34
f, 0.34
f, 0.34
f, 0.34
f, 0.34
f, 0.34
f, 0.34
f, 0.34
f, 0.34
f, 0.34
f, 0.34
f, 0.34
f, 0.34
f, 0.34
f, 0.34
f, 0.34
f, 0.34
f, 0.34
f, 0.34
f, 0.34
f, 0.34
f, 0.34
f, 0.34
f, 0.34
f, 0.34
f, 0.34
f, 0.34
f, 0.34
f, 0.34
f, 0.34
f, 0.34
f, 0.34
f, 0.34
f, 0.34
f, 0.34
f, 0.34
f, 0.34
f, 0.34
f, 0.34
f, 0.34
f, 0.34
f, 0.34
f, 0.34
f, 0.34
f, 0.34
f, 0.34
f, 0.34
f, 0.34
f, 0.34
f, 0.34
f, 0.34
f, 0.34
f, 0.34
f, 0.34
f, 0.34
f, 0.34
f, 0.34
f, 0.34
f, 0.34
f, 0.34
f, 0.34
f, 0.34
f, 0.34
f, 0.34
f, 0.34
f, 0.34
f, 0.34
f, 0.34
f, 0.34
f, 0.34
f, 0.34
f, 0.34
f, 0.34
f, 0.34
f, 0.34
f, 0.34
f, 0.34
f, 0.34
f, 0.34
f, 0.34
f, 0.34
f, 0.34
f, 0.34
f, 0.34
f, 0.34
f, 0.34
f, 0.34
f, 0.34
f, 0.34
f, 0.34
f, 0.34
f, 0.34
f, 0.34
f, 0.34
f, 0.34
f, 0.34
f, 0.34
f, 0.34
f, 0.34
f, 0.34
f, 0.34
f, 0.34
f, 0.34
f, 0.34
f, 0.34
f, 0.34
f, 0.34
f, 0.34
f, 0.34
f, 0.34
f, 0.34
f, 0.34
f, 0.34
f, 0.34
f, 0.34
f, 0.34
f, 0.34
f, 0.34
f, 0.34
f, 0.34
f, 0.34
f, 0.34
f, 0.34
f, 0.34
f, 0.34
f, 0.34
f, 0.34
f, 0.35
f, 0.35
f, 0.35
f, 0.35
f, 0.35
f, 0.35
f, 0.35
f, 0.35
f, 0.35
f, 0.35
f, 0.35
f, 0.35
f, 0.35
f, 0.35
f, 0.35
f, 0.35
f, 0.35
f, 0.35
f, 0.35
f, 0.35
f, 0.35
f, 0.35
f, 0.35
f, 0.35
f, 0.35
f, 0.35
f, 0.35
f, 0.35
f, 0.35
f, 0.35
f, 0.35
f, 0.35
f, 0.35
f, 0.35
f, 0.35
f, 0.35
f, 0.35
f, 0.35
f, 0.35
f, 0.35
f, 0.35
f, 0.35
f, 0.35
f, 0.35
f, 0.35
f, 0.35
f, 0.35
f, 0.35
f, 0.35
f, 0.35
f, 0.35
f, 0.35
f, 0.35
f, 0.35
f, 0.35
f, 0.35
f, 0.35
f, 0.35
f, 0.35
f, 0.35
f, 0.35
f, 0.35
f, 0.35
f, 0.35
f, 0.35
f, 0.35
f, 0.35
f, 0.35
f, 0.35
f, 0.35
f, 0.35
f, 0.35
f, 0.35
f, 0.35
f, 0.35
f, 0.35
f, 0.35
f, 0.35
f, 0.35
f, 0.35
f, 0.35
f, 0.35
f, 0.35
f, 0.35
f, 0.35
f, 0.35
f, 0.35
f, 0.35
f, 0.35
f, 0.35
f, 0.35
f, 0.35
f, 0.35
f, 0.35
f, 0.35
f, 0.35
f, 0.35
f, 0.35
f, 0.35
f, 0.35
f, 0.35
f, 0.35
f, 0.35
f, 0.35
f, 0.35
f, 0.35
f, 0.35
f, 0.35
f, 0.35
f, 0.35
f, 0.35
f, 0.35
f, 0.35
f, 0.35
f, 0.35
f, 0.35
f, 0.35
f, 0.35
f, 0.35
f, 0.35
f, 0.35
f, 0.35
f, 0.35
f, 0.35
f, 0.35
f, 0.35
f, 0.35
f, 0.35
f, 0.35
f, 0.35
f, 0.35
f, 0.35
f, 0.35
f, 0.35
f, 0.35
f, 0.35
f, 0.35
f, 0.35
f, 0.35
f, 0.35
f, 0.35
f, 0.35
f, 0.35
f, 0.35
f, 0.35
f, 0.35
f, 0.35
f, 0.35
f, 0.35
f, 0.35
f, 0.35
f, 0.35
f, 0.35
f, 0.35
f, 0.35
f, 0.35
f, 0.35
f, 0.35
f, 0.35
f, 0.35
f, 0.35
f, 0.35
f, 0.35
f, 0.35
f, 0.35
f, 0.35
f, 0.35
f, 0.35
f, 0.35
f, 0.35
f, 0.35
f, 0.35
f, 0.35
f, 0.35
f, 0.35
f, 0.35
f, 0.35
f, 0.35
f, 0.35
f, 0.35
f, 0.35
f, 0.35
f, 0.35
f, 0.35
f, 0.35
f, 0.35
f, 0.35
f, 0.35
f, 0.35
f, 0.35
f, 0.35
f, 0.35
f, 0.35
f, 0.35
f, 0.35
f, 0.35
f, 0.35
f, 0.35
f, 0.35
f, 0.35
f, 0.35
f, 0.35
f, 0.35
f, 0.35
f, 0.35
f, 0.35
f, 0.35
f, 0.35
f, 0.35
f, 0.35
f, 0.35
f, 0.35
f, 0.35
f, 0.35
f, 0.35
f, 0.35
f, 0.35
f, 0.35
f, 0.35
f, 0.35
f, 0.35
f, 0.35
f, 0.35
f, 0.35
f, 0.35
f, 0.35
f, 0.35
f, 0.35
f, 0.35
f, 0.35
f, 0.35
f, 0.35
f, 0.35
f, 0.35
f, 0.35
f, 0.35
f, 0.35
f, 0.35
f, 0.35
f, 0.35
f, 0.35
f, 0.35
f, 0.35
f, 0.35
f, 0.35
f, 0.35
f, 0.35
f, 0.35
f, 0.35
f, 0.35
f, 0.35
f, 0.35
f, 0.35
f, 0.35
f, 0.35
f, 0.35
f, 0.35
f, 0.35
f, 0.35
f, 0.35
f, 0.35
f, 0.35
f, 0.35
f, 0.35
f, 0.35
f, 0.35
f, 0.35
f, 0.35
f, 0.35
f, 0.36
f, 0.36
f, 0.36
f, 0.36
f, 0.36
f, 0.36
f, 0.36
f, 0.36
f, 0.36
f, 0.36
f, 0.36
f, 0.36
f, 0.36
f, 0.36
f, 0.36
f, 0.36
f, 0.36
f, 0.36
f, 0.36
f, 0.36
f, 0.36
f, 0.36
f, 0.36
f, 0.36
f, 0.36
f, 0.36
f, 0.36
f, 0.36
f, 0.36
f, 0.36
f, 0.36
f, 0.36
f, 0.36
f, 0.36
f, 0.36
f, 0.36
f, 0.36
f, 0.36
f, 0.36
f, 0.36
f, 0.36
f, 0.36
f, 0.36
f, 0.36
f, 0.36
f, 0.36
f, 0.36
f, 0.36
f, 0.36
f, 0.36
f, 0.36
f, 0.36
f, 0.36
f, 0.36
f, 0.36
f, 0.36
f, 0.36
f, 0.36
f, 0.36
f, 0.36
f, 0.36
f, 0.36
f, 0.36
f, 0.36
f, 0.36
f, 0.36
f, 0.36
f, 0.36
f, 0.36
f, 0.36
f, 0.36
f, 0.36
f, 0.36
f, 0.36
f, 0.36
f, 0.36
f, 0.36
f, 0.36
f, 0.36
f, 0.36
f, 0.36
f, 0.36
f, 0.36
f, 0.36
f, 0.36
f, 0.36
f, 0.36
f, 0.36
f, 0.36
f, 0.36
f, 0.36
f, 0.36
f, 0.36
f, 0.36
f, 0.36
f, 0.36
f, 0.36
f, 0.36
f, 0.36
f, 0.36
f, 0.36
f, 0.36
f, 0.36
f, 0.36
f, 0.36
f, 0.36
f, 0.36
f, 0.36
f, 0.36
f, 0.36
f, 0.36
f, 0.36
f, 0.36
f, 0.36
f, 0.36
f, 0.36
f, 0.36
f, 0.36
f, 0.36
f, 0.36
f, 0.36
f, 0.36
f, 0.36
f, 0.36
f, 0.36
f, 0.36
f, 0.36
f, 0.36
f, 0.36
f, 0.36
f, 0.36
f, 0.36
f, 0.36
f, 0.36
f, 0.36
f, 0.36
f, 0.36
f, 0.36
f, 0.36
f, 0.36
f, 0.36
f, 0.36
f, 0.36
f, 0.36
f, 0.36
f, 0.36
f, 0.36
f, 0.36
f, 0.36
f, 0.36
f, 0.36
f, 0.36
f, 0.36
f, 0.36
f, 0.36
f, 0.36
f, 0.36
f, 0.36
f, 0.36
f, 0.36
f, 0.36
f, 0.36
f, 0.36
f, 0.36
f, 0.36
f, 0.36
f, 0.36
f, 0.36
f, 0.36
f, 0.36
f, 0.36
f, 0.36
f, 0.36
f, 0.36
f, 0.36
f, 0.36
f, 0.36
f, 0.36
f, 0.36
f, 0.36
f, 0.36
f, 0.36
f, 0.36
f, 0.36
f, 0.36
f, 0.36
f, 0.36
f, 0.36
f, 0.36
f, 0.36
f, 0.36
f, 0.36
f, 0.36
f, 0.36
f, 0.36
f, 0.36
f, 0.36
f, 0.36
f, 0.36
f, 0.36
f, 0.36
f, 0.36
f, 0.36
f, 0.36
f, 0.36
f, 0.36
f, 0.36
f, 0.36
f, 0.36
f, 0.36
f, 0.36
f, 0.36
f, 0.36
f, 0.36
f, 0.36
f, 0.36
f, 0.36
f, 0.36
f, 0.36
f, 0.36
f, 0.36
f, 0.36
f, 0.36
f, 0.36
f, 0.36
f, 0.36
f, 0.36
f, 0.36
f, 0.36
f, 0.36
f, 0.36
f, 0.36
f, 0.36
f, 0.36
f, 0.36
f, 0.36
f, 0.36
f, 0.36
f, 0.36
f, 0.36
f, 0.36
f, 0.36
f, 0.36
f, 0.36
f, 0.36
f, 0.36
f, 0.36
f, 0.36
f, 0.36
f, 0.36
f, 0.36
f, 0.36
f, 0.36
f, 0.36
f, 0.36
f, 0.36
f, 0.36
f, 0.36
f, 0.36
f, 0.36
f, 0.36
f, 0.36
f, 0.36
f, 0.36
f, 0.36
f, 0.36
f, 0.36
f, 0.36
f, 0.36
f, 0.36
f, 0.36
f, 0.36
f, 0.36
f, 0.36
f, 0.36
f, 0.36
f, 0.36
f, 0.36
f, 0.36
f, 0.36
f, 0.36
f, 0.36
f, 0.36
f, 0.36
f, 0.36
f, 0.36
f, 0.36
f, 0.36
f, 0.36
f, 0.36
f, 0.37
f, 0.37
f, 0.37
f, 0.37
f, 0.37
f, 0.37
f, 0.37
f, 0.37
f, 0.37
f, 0.37
f, 0.37
f, 0.37
f, 0.37
f, 0.37
f, 0.37
f, 0.37
f, 0.37
f, 0.37
f, 0.37
f, 0.37
f, 0.37
f, 0.37
f, 0.37
f, 0.37
f, 0.37
f, 0.37
f, 0.37
f, 0.37
f, 0.37
f, 0.37
f, 0.37
f, 0.37
f, 0.37
f, 0.37
f, 0.37
f, 0.37
f, 0.37
f, 0.37
f, 0.37
f, 0.37
f, 0.37
f, 0.37
f, 0.37
f, 0.37
f, 0.37
f, 0.37
f, 0.37
f, 0.37
f, 0.37
f, 0.37
f, 0.37
f, 0.37
f, 0.37
f, 0.37
f, 0.37
f, 0.37
f, 0.37
f, 0.37
f, 0.37
f, 0.37
f, 0.37
f, 0.37
f, 0.37
f, 0.37
f, 0.37
f, 0.37
f, 0.37
f, 0.37
f, 0.37
f, 0.37
f, 0.37
f, 0.37
f, 0.37
f, 0.37
f, 0.37
f, 0.37
f, 0.37
f, 0.37
f, 0.37
f, 0.37
f, 0.37
f, 0.37
f, 0.37
f, 0.37
f, 0.37
f, 0.37
f, 0.37
f, 0.37
f, 0.37
f, 0.37
f, 0.37
f, 0.37
f, 0.37
f, 0.37
f, 0.37
f, 0.37
f, 0.37
f, 0.37
f, 0.37
f, 0.37
f, 0.37
f, 0.37
f, 0.37
f, 0.37
f, 0.37
f, 0.37
f, 0.37
f, 0.37
f, 0.37
f, 0.37
f, 0.37
f, 0.37
f, 0.37
f, 0.37
f, 0.37
f, 0.37
f, 0.37
f, 0.37
f, 0.37
f, 0.37
f, 0.37
f, 0.37
f, 0.37
f, 0.37
f, 0.37
f, 0.37
f, 0.37
f, 0.37
f, 0.37
f, 0.37
f, 0.37
f, 0.37
f, 0.37
f, 0.37
f, 0.37
f, 0.37
f, 0.37
f, 0.37
f, 0.37
f, 0.37
f, 0.37
f, 0.37
f, 0.37
f, 0.37
f, 0.37
f, 0.37
f, 0.37
f, 0.37
f, 0.37
f, 0.37
f, 0.37
f, 0.37
f, 0.37
f, 0.37
f, 0.37
f, 0.37
f, 0.37
f, 0.37
f, 0.37
f, 0.37
f, 0.37
f, 0.37
f, 0.37
f, 0.37
f, 0.37
f, 0.37
f, 0.37
f, 0.37
f, 0.37
f, 0.37
f, 0.37
f, 0.37
f, 0.37
f, 0.37
f, 0.37
f, 0.37
f, 0.37
f, 0.37
f, 0.37
f, 0.37
f, 0.37
f, 0.37
f, 0.37
f, 0.37
f, 0.37
f, 0.37
f, 0.37
f, 0.37
f, 0.37
f, 0.37
f, 0.37
f, 0.37
f, 0.37
f, 0.37
f, 0.37
f, 0.37
f, 0.37
f, 0.37
f, 0.37
f, 0.37
f, 0.37
f, 0.37
f, 0.37
f, 0.37
f, 0.37
f, 0.37
f, 0.37
f, 0.37
f, 0.37
f, 0.37
f, 0.37
f, 0.37
f, 0.37
f, 0.37
f, 0.37
f, 0.37
f, 0.37
f, 0.37
f, 0.37
f, 0.37
f, 0.37
f, 0.37
f, 0.37
f, 0.37
f, 0.37
f, 0.37
f, 0.37
f, 0.37
f, 0.37
f, 0.37
f, 0.37
f, 0.37
f, 0.37
f, 0.37
f, 0.37
f, 0.37
f, 0.37
f, 0.37
f, 0.37
f, 0.37
f, 0.37
f, 0.37
f, 0.37
f, 0.37
f, 0.37
f, 0.37
f, 0.37
f, 0.37
f, 0.37
f, 0.37
f, 0.37
f, 0.37
f, 0.37
f, 0.37
f, 0.37
f, 0.37
f, 0.37
f, 0.37
f, 0.37
f, 0.37
f, 0.37
f, 0.37
f, 0.37
f, 0.37
f, 0.37
f, 0.37
f, 0.37
f, 0.37
f, 0.37
f, 0.37
f, 0.37
f, 0.37
f, 0.37
f, 0.37
f, 0.37
f, 0.37
f, 0.37
f, 0.37
f, 0.37
f, 0.37
f, 0.37
f, 0.37
f, 0.37
f, 0.37
f, 0.37
f, 0.37
f, 0.37
f, 0.37
f, 0.37
f, 0.37
f, 0.37
f, 0.37
f, 0.37
f, 0.37
f, 0.38
f, 0.38
f, 0.38
f, 0.38
f, 0.38
f, 0.38
f, 0.38
f, 0.38
f, 0.38
f, 0.38
f, 0.38
f, 0.38
f, 0.38
f, 0.38
f, 0.38
f, 0.38
f, 0.38
f, 0.38
f, 0.38
f, 0.38
f, 0.38
f, 0.38
f, 0.38
f, 0.38
f, 0.38
f, 0.38
f, 0.38
f, 0.38
f, 0.38
f, 0.38
f, 0.38
f, 0.38
f, 0.38
f, 0.38
f, 0.38
f, 0.38
f, 0.38
f, 0.38
f, 0.38
f, 0.38
f, 0.38
f, 0.38
f, 0.38
f, 0.38
f, 0.38
f, 0.38
f, 0.38
f, 0.38
f, 0.38
f, 0.38
f, 0.38
f, 0.38
f, 0.38
f, 0.38
f, 0.38
f, 0.38
f, 0.38
f, 0.38
f, 0.38
f, 0.38
f, 0.38
f, 0.38
f, 0.38
f, 0.38
f, 0.38
f, 0.38
f, 0.38
f, 0.38
f, 0.38
f, 0.38
f, 0.38
f, 0.38
f, 0.38
f, 0.38
f, 0.38
f, 0.38
f, 0.38
f, 0.38
f, 0.38
f, 0.38
f, 0.38
f, 0.38
f, 0.38
f, 0.38
f, 0.38
f, 0.38
f, 0.38
f, 0.38
f, 0.38
f, 0.38
f, 0.38
f, 0.38
f, 0.38
f, 0.38
f, 0.38
f, 0.38
f, 0.38
f, 0.38
f, 0.38
f, 0.38
f, 0.38
f, 0.38
f, 0.38
f, 0.38
f, 0.38
f, 0.38
f, 0.38
f, 0.38
f, 0.38
f, 0.38
f, 0.38
f, 0.38
f, 0.38
f, 0.38
f, 0.38
f, 0.38
f, 0.38
f, 0.38
f, 0.38
f, 0.38
f, 0.38
f, 0.38
f, 0.38
f, 0.38
f, 0.38
f, 0.38
f, 0.38
f, 0.38
f, 0.38
f, 0.38
f, 0.38
f, 0.38
f, 0.38
f, 0.38
f, 0.38
f, 0.38
f, 0.38
f, 0.38
f, 0.38
f, 0.38
f, 0.38
f, 0.38
f, 0.38
f, 0.38
f, 0.38
f, 0.38
f, 0.38
f, 0.38
f, 0.38
f, 0.38
f, 0.38
f, 0.38
f, 0.38
f, 0.38
f, 0.38
f, 0.38
f, 0.38
f, 0.38
f, 0.38
f, 0.38
f, 0.38
f, 0.38
f, 0.38
f, 0.38
f, 0.38
f, 0.38
f, 0.38
f, 0.38
f, 0.38
f, 0.38
f, 0.38
f, 0.38
f, 0.38
f, 0.38
f, 0.38
f, 0.38
f, 0.38
f, 0.38
f, 0.38
f, 0.38
f, 0.38
f, 0.38
f, 0.38
f, 0.38
f, 0.38
f, 0.38
f, 0.38
f, 0.38
f, 0.38
f, 0.38
f, 0.38
f, 0.38
f, 0.38
f, 0.38
f, 0.38
f, 0.38
f, 0.38
f, 0.38
f, 0.38
f, 0.38
f, 0.38
f, 0.38
f, 0.38
f, 0.38
f, 0.38
f, 0.38
f, 0.38
f, 0.38
f, 0.38
f, 0.38
f, 0.38
f, 0.38
f, 0.38
f, 0.38
f, 0.38
f, 0.38
f, 0.38
f, 0.38
f, 0.38
f, 0.38
f, 0.38
f, 0.38
f, 0.38
f, 0.38
f, 0.38
f, 0.38
f, 0.38
f, 0.38
f, 0.38
f, 0.38
f, 0.38
f, 0.38
f, 0.38
f, 0.38
f, 0.38
f, 0.38
f, 0.38
f, 0.38
f, 0.38
f, 0.38
f, 0.38
f, 0.38
f, 0.38
f, 0.38
f, 0.38
f, 0.38
f, 0.38
f, 0.38
f, 0.38
f, 0.38
f, 0.38
f, 0.38
f, 0.38
f, 0.38
f, 0.38
f, 0.38
f, 0.38
f, 0.38
f, 0.38
f, 0.38
f, 0.38
f, 0.38
f, 0.38
f, 0.38
f, 0.38
f, 0.38
f, 0.38
f, 0.38
f, 0.38
f, 0.38
f, 0.38
f, 0.38
f, 0.38
f, 0.38
f, 0.38
f, 0.38
f, 0.38
f, 0.38
f, 0.38
f, 0.38
f, 0.38
f, 0.38
f, 0.38
f, 0.38
f, 0.38
f, 0.38
f, 0.38
f, 0.38
f, 0.38
f, 0.38
f, 0.38
f, 0.38
f, 0.38
f, 0.38
f, 0.38
f, 0.38
f, 0.38
f, 0.38
f, 0.38
f, 0.38
f, 0.38
f, 0.38
f, 0.38
f, 0.38
f, 0.38
f, 0.38
f, 0.38
f, 0.38
f, 0.38
f, 0.38
f, 0.38
f, 0.38
f, 0.38
f, 0.38
f, 0.38
f, 0.38
f, 0.38
f, 0.38
f, 0.38
f, 0.38
f, 0.38
f, 0.38
f, 0.38
f, 0.38
f, 0.38
f, 0.38
f, 0.39
f, 0.39
f, 0.39
f, 0.39
f, 0.39
f, 0.39
f, 0.39
f, 0.39
f, 0.39
f, 0.39
f, 0.39
f, 0.39
f, 0.39
f, 0.39
f, 0.39
f, 0.39
f, 0.39
f, 0.39
f, 0.39
f, 0.39
f, 0.39
f, 0.39
f, 0.39
f, 0.39
f, 0.39
f, 0.39
f, 0.39
f, 0.39
f, 0.39
f, 0.39
f, 0.39
f, 0.39
f, 0.39
f, 0.39
f, 0.39
f, 0.39
f, 0.39
f, 0.39
f, 0.39
f, 0.39
f, 0.39
f, 0.39
f, 0.39
f, 0.39
f, 0.39
f, 0.39
f, 0.39
f, 0.39
f, 0.39
f, 0.39
f, 0.39
f, 0.39
f, 0.39
f, 0.39
f, 0.39
f, 0.39
f, 0.39
f, 0.39
f, 0.39
f, 0.39
f, 0.39
f, 0.39
f, 0.39
f, 0.39
f, 0.39
f, 0.39
f, 0.39
f, 0.39
f, 0.39
f, 0.39
f, 0.39
f, 0.39
f, 0.39
f, 0.39
f, 0.39
f, 0.39
f, 0.39
f, 0.39
f, 0.39
f, 0.39
f, 0.39
f, 0.39
f, 0.39
f, 0.39
f, 0.39
f, 0.39
f, 0.39
f, 0.39
f, 0.39
f, 0.39
f, 0.39
f, 0.39
f, 0.39
f, 0.39
f, 0.39
f, 0.39
f, 0.39
f, 0.39
f, 0.39
f, 0.39
f, 0.39
f, 0.39
f, 0.39
f, 0.39
f, 0.39
f, 0.39
f, 0.39
f, 0.39
f, 0.39
f, 0.39
f, 0.39
f, 0.39
f, 0.39
f, 0.39
f, 0.39
f, 0.39
f, 0.39
f, 0.39
f, 0.39
f, 0.39
f, 0.39
f, 0.39
f, 0.39
f, 0.39
f, 0.39
f, 0.39
f, 0.39
f, 0.39
f, 0.39
f, 0.39
f, 0.39
f, 0.39
f, 0.39
f, 0.39
f, 0.39
f, 0.39
f, 0.39
f, 0.39
f, 0.39
f, 0.39
f, 0.39
f, 0.39
f, 0.39
f, 0.39
f, 0.39
f, 0.39
f, 0.39
f, 0.39
f, 0.39
f, 0.39
f, 0.39
f, 0.39
f, 0.39
f, 0.39
f, 0.39
f, 0.39
f, 0.39
f, 0.39
f, 0.39
f, 0.39
f, 0.39
f, 0.39
f, 0.39
f, 0.39
f, 0.39
f, 0.39
f, 0.39
f, 0.39
f, 0.39
f, 0.39
f, 0.39
f, 0.39
f, 0.39
f, 0.39
f, 0.39
f, 0.39
f, 0.39
f, 0.39
f, 0.39
f, 0.39
f, 0.39
f, 0.39
f, 0.39
f, 0.39
f, 0.39
f, 0.39
f, 0.39
f, 0.39
f, 0.39
f, 0.39
f, 0.39
f, 0.39
f, 0.39
f, 0.39
f, 0.39
f, 0.39
f, 0.39
f, 0.39
f, 0.39
f, 0.39
f, 0.39
f, 0.39
f, 0.39
f, 0.39
f, 0.39
f, 0.39
f, 0.39
f, 0.39
f, 0.39
f, 0.39
f, 0.39
f, 0.39
f, 0.39
f, 0.39
f, 0.39
f, 0.39
f, 0.39
f, 0.39
f, 0.39
f, 0.39
f, 0.39
f, 0.39
f, 0.39
f, 0.39
f, 0.39
f, 0.39
f, 0.39
f, 0.39
f, 0.39
f, 0.39
f, 0.39
f, 0.39
f, 0.39
f, 0.39
f, 0.39
f, 0.39
f, 0.39
f, 0.39
f, 0.39
f, 0.39
f, 0.39
f, 0.39
f, 0.39
f, 0.39
f, 0.39
f, 0.39
f, 0.39
f, 0.39
f, 0.39
f, 0.39
f, 0.39
f, 0.39
f, 0.39
f, 0.39
f, 0.39
f, 0.39
f, 0.39
f, 0.39
f, 0.39
f, 0.39
f, 0.39
f, 0.39
f, 0.39
f, 0.39
f, 0.39
f, 0.39
f, 0.39
f, 0.39
f, 0.39
f, 0.39
f, 0.39
f, 0.39
f, 0.39
f, 0.39
f, 0.39
f, 0.39
f, 0.39
f, 0.39
f, 0.39
f, 0.39
f, 0.39
f, 0.39
f, 0.39
f, 0.39
f, 0.39
f, 0.39
f, 0.39
f, 0.39
f, 0.39
f, 0.39
f, 0.39
f, 0.39
f, 0.39
f, 0.39
f, 0.39
f, 0.39
f, 0.39
f, 0.39
f, 0.39
f, 0.39
f, 0.39
f, 0.39
f, 0.39
f, 0.39
f, 0.39
f, 0.39
f, 0.39
f, 0.39
f, 0.39
f, 0.39
f, 0.39
f, 0.39
f, 0.39
f, 0.39
f, 0.39
f, 0.39
f, 0.39
f, 0.39
f, 0.39
f, 0.39
f, 0.39
f, 0.39
f, 0.39
f, 0.39
f, 0.39
f, 0.39
f, 0.39
f, 0.39
f, 0.39
f, 0.39
f, 0.39
f, 0.39
f, 0.39
f, 0.39
f, 0.39
f, 0.39
f, 0.39
f, 0.39
f, 0.39
f, 0.39
f, 0.39
f, 0.39
f, 0.39
f, 0.39
f, 0.39
f, 0.39
f, 0.40
f, 0.40
f, 0.40
f, 0.40
f, 0.40
f, 0.40
f, 0.40
f, 0.40
f, 0.40
f, 0.40
f, 0.40
f, 0.40
f, 0.40
f, 0.40
f, 0.40
f, 0.40
f, 0.40
f, 0.40
f, 0.40
f, 0.40
f, 0.40
f, 0.40
f, 0.40
f, 0.40
f, 0.40
f, 0.40
f, 0.40
f, 0.40
f, 0.40
f, 0.40
f, 0.40
f, 0.40
f, 0.40
f, 0.40
f, 0.40
f, 0.40
f, 0.40
f, 0.40
f, 0.40
f, 0.40
f, 0.40
f, 0.40
f, 0.40
f, 0.40
f, 0.40
f, 0.40
f, 0.40
f, 0.40
f, 0.40
f, 0.40
f, 0.40
f, 0.40
f, 0.40
f, 0.40
f, 0.40
f, 0.40
f, 0.40
f, 0.40
f, 0.40
f, 0.40
f, 0.40
f, 0.40
f, 0.40
f, 0.40
f, 0.40
f, 0.40
f, 0.40
f, 0.40
f, 0.40
f, 0.40
f, 0.40
f, 0.40
f, 0.40
f, 0.40
f, 0.40
f, 0.40
f, 0.40
f, 0.40
f, 0.40
f, 0.40
f, 0.40
f, 0.40
f, 0.40
f, 0.40
f, 0.40
f, 0.40
f, 0.40
f, 0.40
f, 0.40
f, 0.40
f, 0.40
f, 0.40
f, 0.40
f, 0.40
f, 0.40
f, 0.40
f, 0.40
f, 0.40
f, 0.40
f, 0.40
f, 0.40
f, 0.40
f, 0.40
f, 0.40
f, 0.40
f, 0.40
f, 0.40
f, 0.40
f, 0.40
f, 0.40
f, 0.40
f, 0.40
f, 0.40
f, 0.40
f, 0.40
f, 0.40
f, 0.40
f, 0.40
f, 0.40
f, 0.40
f, 0.40
f, 0.40
f, 0.40
f, 0.40
f, 0.40
f, 0.40
f, 0.40
f, 0.40
f, 0.40
f, 0.40
f, 0.40
f, 0.40
f, 0.40
f, 0.40
f, 0.40
f, 0.40
f, 0.40
f, 0.40
f, 0.40
f, 0.40
f, 0.40
f, 0.40
f, 0.40
f, 0.40
f, 0.40
f, 0.40
f, 0.40
f, 0.40
f, 0.40
f, 0.40
f, 0.40
f, 0.40
f, 0.40
f, 0.40
f, 0.40
f, 0.40
f, 0.40
f, 0.40
f, 0.40
f, 0.40
f, 0.40
f, 0.40
f, 0.40
f, 0.40
f, 0.40
f, 0.40
f, 0.40
f, 0.40
f, 0.40
f, 0.40
f, 0.40
f, 0.40
f, 0.40
f, 0.40
f, 0.40
f, 0.40
f, 0.40
f, 0.40
f, 0.40
f, 0.40
f, 0.40
f, 0.40
f, 0.40
f, 0.40
f, 0.40
f, 0.40
f, 0.40
f, 0.40
f, 0.40
f, 0.40
f, 0.40
f, 0.40
f, 0.40
f, 0.40
f, 0.40
f, 0.40
f, 0.40
f, 0.40
f, 0.40
f, 0.40
f, 0.40
f, 0.40
f, 0.40
f, 0.40
f, 0.40
f, 0.40
f, 0.40
f, 0.40
f, 0.40
f, 0.40
f, 0.40
f, 0.40
f, 0.40
f, 0.40
f, 0.40
f, 0.40
f, 0.40
f, 0.40
f, 0.40
f, 0.40
f, 0.40
f, 0.40
f, 0.40
f, 0.40
f, 0.40
f, 0.40
f, 0.40
f, 0.40
f, 0.40
f, 0.40
f, 0.40
f, 0.40
f, 0.40
f, 0.40
f, 0.40
f, 0.40
f, 0.40
f, 0.40
f, 0.40
f, 0.40
f, 0.40
f, 0.40
f, 0.40
f, 0.40
f, 0.40
f, 0.40
f, 0.40
f, 0.40
f, 0.40
f, 0.40
f, 0.40
f, 0.40
f, 0.40
f, 0.40
f, 0.40
f, 0.40
f, 0.40
f, 0.40
f, 0.40
f, 0.40
f, 0.40
f, 0.40
f, 0.40
f, 0.40
f, 0.40
f, 0.40
f, 0.40
f, 0.40
f, 0.40
f, 0.40
f, 0.40
f, 0.40
f, 0.40
f, 0.40
f, 0.40
f, 0.40
f, 0.40
f, 0.40
f, 0.40
f, 0.40
f, 0.40
f, 0.40
f, 0.40
f, 0.40
f, 0.40
f, 0.40
f, 0.40
f, 0.40
f, 0.40
f, 0.40
f, 0.40
f, 0.40
f, 0.40
f, 0.40
f, 0.40
f, 0.40
f, 0.40
f, 0.40
f, 0.40
f, 0.40
f, 0.40
f, 0.40
f, 0.40
f, 0.40
f, 0.40
f, 0.40
f, 0.40
f, 0.40
f, 0.40
f, 0.40
f, 0.40
f, 0.40
f, 0.40
f, 0.40
f, 0.40
f, 0.40
f, 0.40
f, 0.40
f, 0.40
f, 0.40
f, 0.40
f, 0.40
f, 0.40
f, 0.40
f, 0.40
f, 0.40
f, 0.40
f, 0.40
f, 0.40
f, 0.40
f, 0.40
f, 0.40
f, 0.40
f, 0.40
f, 0.40
f, 0.40
f, 0.40
f, 0.40
f, 0.40
f, 0.40
f, 0.40
f, 0.40
f, 0.40
f, 0.40
f, 0.40
f, 0.40
f, 0.40
f, 0.40
f, 0.40
f, 0.40
f, 0.40
f, 0.40
f, 0.40
f, 0.40
f, 0.40
f, 0.40
f, 0.40
f, 0.40
f, 0.40
f, 0.40
f, 0.40
f, 0.40
f, 0.40
f, 0.40
f, 0.40
f, 0.40
f, 0.40
f, 0.40
f, 0.40
f, 0.40
f, 0.40
f, 0.40
f, 0.40
f, 0.40
f, 0.40
f, 0.40
f, 0.40
f, 0.40
f, 0.40
f, 0.40
f, 0.40
f, 0.40
f, 0.40
f, 0.40
f, 0.40
f, 0.40
f, 0.40
f, 0.40
f, 0.40
f, 0.40
f, 0.40
f, 0.40
f, 0.40
f, 0.40
f, 0.40
f, 0.40
f, 0.41
f, 0.41
f, 0.41
f, 0.41
f, 0.41
f, 0.41
f, 0.41
f, 0.41
f, 0.41
f, 0.41
f, 0.41
f, 0.41
f, 0.41
f, 0.41
f, 0.41
f, 0.41
f, 0.41
f, 0.41
f, 0.41
f, 0.41
f, 0.41
f, 0.41
f, 0.41
f, 0.41
f, 0.41
f, 0.41
f, 0.41
f, 0.41
f, 0.41
f, 0.41
f, 0.41
f, 0.41
f, 0.41
f, 0.41
f, 0.41
f, 0.41
f, 0.41
f, 0.41
f, 0.41
f, 0.41
f, 0.41
f, 0.41
f, 0.41
f, 0.41
f, 0.41
f, 0.41
f, 0.41
f, 0.41
f, 0.41
f, 0.41
f, 0.41
f, 0.41
f, 0.41
f, 0.41
f, 0.41
f, 0.41
f, 0.41
f, 0.41
f, 0.41
f, 0.41
f, 0.41
f, 0.41
f, 0.41
f, 0.41
f, 0.41
f, 0.41
f, 0.41
f, 0.41
f, 0.41
f, 0.41
f, 0.41
f, 0.41
f, 0.41
f, 0.41
f, 0.41
f, 0.41
f, 0.41
f, 0.41
f, 0.41
f, 0.41
f, 0.41
f, 0.41
f, 0.41
f, 0.41
f, 0.41
f, 0.41
f, 0.41
f, 0.41
f, 0.41
f, 0.41
f, 0.41
f, 0.41
f, 0.41
f, 0.41
f, 0.41
f, 0.41
f, 0.41
f, 0.41
f, 0.41
f, 0.41
f, 0.41
f, 0.41
f, 0.41
f, 0.41
f, 0.41
f, 0.41
f, 0.41
f, 0.41
f, 0.41
f, 0.41
f, 0.41
f, 0.41
f, 0.41
f, 0.41
f, 0.41
f, 0.41
f, 0.41
f, 0.41
f, 0.41
f, 0.41
f, 0.41
f, 0.41
f, 0.41
f, 0.41
f, 0.41
f, 0.41
f, 0.41
f, 0.41
f, 0.41
f, 0.41
f, 0.41
f, 0.41
f, 0.41
f, 0.41
f, 0.41
f, 0.41
f, 0.41
f, 0.41
f, 0.41
f, 0.41
f, 0.41
f, 0.41
f, 0.41
f, 0.41
f, 0.41
f, 0.41
f, 0.41
f, 0.41
f, 0.41
f, 0.41
f, 0.41
f, 0.41
f, 0.41
f, 0.41
f, 0.41
f, 0.41
f, 0.41
f, 0.41
f, 0.41
f, 0.41
f, 0.41
f, 0.41
f, 0.41
f, 0.41
f, 0.41
f, 0.41
f, 0.41
f, 0.41
f, 0.41
f, 0.41
f, 0.41
f, 0.41
f, 0.41
f, 0.41
f, 0.41
f, 0.41
f, 0.41
f, 0.41
f, 0.41
f, 0.41
f, 0.41
f, 0.41
f, 0.41
f, 0.41
f, 0.41
f, 0.41
f, 0.41
f, 0.41
f, 0.41
f, 0.41
f, 0.41
f, 0.41
f, 0.41
f, 0.41
f, 0.41
f, 0.41
f, 0.41
f, 0.41
f, 0.41
f, 0.41
f, 0.41
f, 0.41
f, 0.41
f, 0.41
f, 0.41
f, 0.41
f, 0.41
f, 0.41
f, 0.41
f, 0.41
f, 0.41
f, 0.41
f, 0.41
f, 0.41
f, 0.41
f, 0.41
f, 0.41
f, 0.41
f, 0.41
f, 0.41
f, 0.41
f, 0.41
f, 0.41
f, 0.41
f, 0.41
f, 0.41
f, 0.41
f, 0.41
f, 0.41
f, 0.41
f, 0.41
f, 0.41
f, 0.41
f, 0.41
f, 0.41
f, 0.41
f, 0.41
f, 0.41
f, 0.41
f, 0.41
f, 0.41
f, 0.41
f, 0.41
f, 0.41
f, 0.41
f, 0.41
f, 0.41
f, 0.41
f, 0.41
f, 0.41
f, 0.41
f, 0.41
f, 0.41
f, 0.41
f, 0.41
f, 0.41
f, 0.41
f, 0.41
f, 0.41
f, 0.41
f, 0.41
f, 0.41
f, 0.41
f, 0.41
f, 0.41
f, 0.41
f, 0.41
f, 0.41
f, 0.41
f, 0.41
f, 0.41
f, 0.41
f, 0.41
f, 0.41
f, 0.41
f, 0.41
f, 0.41
f, 0.41
f, 0.41
f, 0.41
f, 0.41
f, 0.41
f, 0.41
f, 0.41
f, 0.41
f, 0.41
f, 0.41
f, 0.41
f, 0.41
f, 0.41
f, 0.41
f, 0.41
f, 0.41
f, 0.41
f, 0.41
f, 0.41
f, 0.41
f, 0.41
f, 0.41
f, 0.41
f, 0.41
f, 0.41
f, 0.41
f, 0.41
f, 0.41
f, 0.41
f, 0.41
f, 0.41
f, 0.41
f, 0.41
f, 0.41
f, 0.41
f, 0.41
f, 0.41
f, 0.41
f, 0.41
f, 0.41
f, 0.41
f, 0.41
f, 0.41
f, 0.41
f, 0.41
f, 0.41
f, 0.41
f, 0.41
f, 0.41
f, 0.41
f, 0.41
f, 0.41
f, 0.41
f, 0.41
f, 0.41
f, 0.41
f, 0.41
f, 0.41
f, 0.41
f, 0.41
f, 0.41
f, 0.41
f, 0.41
f, 0.41
f, 0.41
f, 0.41
f, 0.41
f, 0.41
f, 0.41
f, 0.41
f, 0.41
f, 0.41
f, 0.41
f, 0.41
f, 0.41
f, 0.41
f, 0.41
f, 0.41
f, 0.41
f, 0.41
f, 0.41
f, 0.41
f, 0.41
f, 0.41
f, 0.41
f, 0.41
f, 0.41
f, 0.41
f, 0.41
f, 0.41
f, 0.41
f, 0.41
f, 0.41
f, 0.41
f, 0.41
f, 0.41
f, 0.41
f, 0.41
f, 0.41
f, 0.41
f, 0.41
f, 0.41
f, 0.41
f, 0.41
f, 0.41
f, 0.41
f, 0.41
f, 0.41
f, 0.41
f, 0.41
f, 0.41
f, 0.41
f, 0.41
f, 0.41
f, 0.41
f, 0.41
f, 0.41
f, 0.41
f, 0.41
f, 0.41
f, 0.41
f, 0.41
f, 0.41
f, 0.41
f, 0.41
f, 0.41
f, 0.41
f, 0.41
f, 0.41
f, 0.41
f, 0.41
f, 0.41
f, 0.41
f, 0.41
f, 0.41
f, 0.42
f, 0.42
f, 0.42
f, 0.42
f, 0.42
f, 0.42
f, 0.42
f, 0.42
f, 0.42
f, 0.42
f, 0.42
f, 0.42
f, 0.42
f, 0.42
f, 0.42
f, 0.42
f, 0.42
f, 0.42
f, 0.42
f, 0.42
f, 0.42
f, 0.42
f, 0.42
f, 0.42
f, 0.42
f, 0.42
f, 0.42
f, 0.42
f, 0.42
f, 0.42
f, 0.42
f, 0.42
f, 0.42
f, 0.42
f, 0.42
f, 0.42
f, 0.42
f, 0.42
f, 0.42
f, 0.42
f, 0.42
f, 0.42
f, 0.42
f, 0.42
f, 0.42
f, 0.42
f, 0.42
f, 0.42
f, 0.42
f, 0.42
f, 0.42
f, 0.42
f, 0.42
f, 0.42
f, 0.42
f, 0.42
f, 0.42
f, 0.42
f, 0.42
f, 0.42
f, 0.42
f, 0.42
f, 0.42
f, 0.42
f, 0.42
f, 0.42
f, 0.42
f, 0.42
f, 0.42
f, 0.42
f, 0.42
f, 0.42
f, 0.42
f, 0.42
f, 0.42
f, 0.42
f, 0.42
f, 0.42
f, 0.42
f, 0.42
f, 0.42
f, 0.42
f, 0.42
f, 0.42
f, 0.42
f, 0.42
f, 0.42
f, 0.42
f, 0.42
f, 0.42
f, 0.42
f, 0.42
f, 0.42
f, 0.42
f, 0.42
f, 0.42
f, 0.42
f, 0.42
f, 0.42
f, 0.42
f, 0.42
f, 0.42
f, 0.42
f, 0.42
f, 0.42
f, 0.42
f, 0.42
f, 0.42
f, 0.42
f, 0.42
f, 0.42
f, 0.42
f, 0.42
f, 0.42
f, 0.42
f, 0.42
f, 0.42
f, 0.42
f, 0.42
f, 0.42
f, 0.42
f, 0.42
f, 0.42
f, 0.42
f, 0.42
f, 0.42
f, 0.42
f, 0.42
f, 0.42
f, 0.42
f, 0.42
f, 0.42
f, 0.42
f, 0.42
f, 0.42
f, 0.42
f, 0.42
f, 0.42
f, 0.42
f, 0.42
f, 0.42
f, 0.42
f, 0.42
f, 0.42
f, 0.42
f, 0.42
f, 0.42
f, 0.42
f, 0.42
f, 0.42
f, 0.42
f, 0.42
f, 0.42
f, 0.42
f, 0.42
f, 0.42
f, 0.42
f, 0.42
f, 0.42
f, 0.42
f, 0.42
f, 0.42
f, 0.42
f, 0.42
f, 0.42
f, 0.42
f, 0.42
f, 0.42
f, 0.42
f, 0.42
f, 0.42
f, 0.42
f, 0.42
f, 0.42
f, 0.42
f, 0.42
f, 0.42
f, 0.42
f, 0.42
f, 0.42
f, 0.42
f, 0.42
f, 0.42
f, 0.42
f, 0.42
f, 0.42
f, 0.42
f, 0.42
f, 0.42
f, 0.42
f, 0.42
f, 0.42
f, 0.42
f, 0.42
f, 0.42
f, 0.42
f, 0.42
f, 0.42
f, 0.42
f, 0.42
f, 0.42
f, 0.42
f, 0.42
f, 0.42
f, 0.42
f, 0.42
f, 0.42
f, 0.42
f, 0.42
f, 0.42
f, 0.42
f, 0.42
f, 0.42
f, 0.42
f, 0.42
f, 0.42
f, 0.42
f, 0.42
f, 0.42
f, 0.42
f, 0.42
f, 0.42
f, 0.42
f, 0.42
f, 0.42
f, 0.42
f, 0.42
f, 0.42
f, 0.42
f, 0.42
f, 0.42
f, 0.42
f, 0.42
f, 0.42
f, 0.42
f, 0.42
f, 0.42
f, 0.42
f, 0.42
f, 0.42
f, 0.42
f, 0.42
f, 0.42
f, 0.42
f, 0.42
f, 0.42
f, 0.42
f, 0.42
f, 0.42
f, 0.42
f, 0.42
f, 0.42
f, 0.42
f, 0.42
f, 0.42
f, 0.42
f, 0.42
f, 0.42
f, 0.42
f, 0.42
f, 0.42
f, 0.42
f, 0.42
f, 0.42
f, 0.42
f, 0.42
f, 0.42
f, 0.42
f, 0.42
f, 0.42
f, 0.42
f, 0.42
f, 0.42
f, 0.42
f, 0.42
f, 0.42
f, 0.42
f, 0.42
f, 0.42
f, 0.42
f, 0.42
f, 0.42
f, 0.42
f, 0.42
f, 0.42
f, 0.42
f, 0.42
f, 0.42
f, 0.42
f, 0.42
f, 0.42
f, 0.42
f, 0.42
f, 0.42
f, 0.42
f, 0.42
f, 0.42
f, 0.42
f, 0.42
f, 0.42
f, 0.42
f, 0.42
f, 0.42
f, 0.42
f, 0.42
f, 0.42
f, 0.42
f, 0.42
f, 0.42
f, 0.42
f, 0.42
f, 0.42
f, 0.42
f, 0.42
f, 0.42
f, 0.42
f, 0.42
f, 0.42
f, 0.42
f, 0.42
f, 0.42
f, 0.42
f, 0.42
f, 0.42
f, 0.42
f, 0.42
f, 0.42
f, 0.42
f, 0.42
f, 0.42
f, 0.42
f, 0.42
f, 0.42
f, 0.42
f, 0.42
f, 0.42
f, 0.42
f, 0.42
f, 0.42
f, 0.42
f, 0.42
f, 0.42
f, 0.42
f, 0.42
f, 0.42
f, 0.42
f, 0.42
f, 0.42
f, 0.42
f, 0.42
f, 0.42
f, 0.42
f, 0.42
f, 0.42
f, 0.42
f, 0.42
f, 0.42
f, 0.42
f, 0.42
f, 0.42
f, 0.42
f, 0.42
f, 0.42
f, 0.42
f, 0.42
f, 0.42
f, 0.42
f, 0.42
f, 0.42
f, 0.42
f, 0.42
f, 0.42
f, 0.42
f, 0.42
f, 0.42
f, 0.42
f, 0.42
f, 0.42
f, 0.42
f, 0.42
f, 0.42
f, 0.42
f, 0.42
f, 0.42
f, 0.42
f, 0.42
f, 0.42
f, 0.42
f, 0.42
f, 0.42
f, 0.42
f, 0.42
f, 0.42
f, 0.42
f, 0.42
f, 0.42
f, 0.42
f, 0.42
f, 0.42
f, 0.42
f, 0.42
f, 0.42
f, 0.42
f, 0.42
f, 0.42
f, 0.42
f, 0.42
f, 0.42
f, 0.42
f, 0.42
f, 0.42
f, 0.42
f, 0.42
f, 0.42
f, 0.42
f, 0.42
f, 0.42
f, 0.42
f, 0.42
f, 0.42
f, 0.42
f, 0.42
f, 0.42
f, 0.42
f, 0.42
f, 0.42
f, 0.42
f, 0.42
f, 0.42
f, 0.42
f, 0.42
f, 0.42
f, 0.42
f, 0.42
f, 0.42
f, 0.42
f, 0.42
f, 0.42
f, 0.42
f, 0.42
f, 0.42
f, 0.42
f, 0.42
f, 0.42
f, 0.42
f, 0.42
f, 0.42
f, 0.42
f, 0.42
f, 0.42
f, 0.42
f, 0.42
f, 0.42
f, 0.42
f, 0.42
f, 0.42
f, 0.42
f, 0.42
f, 0.42
f, 0.42
f, 0.42
f, 0.42
f, 0.42
f, 0.42
f, 0.42
f, 0.42
f, 0.43
f, 0.43
f, 0.43
f, 0.43
f, 0.43
f, 0.43
f, 0.43
f, 0.43
f, 0.43
f, 0.43
f, 0.43
f, 0.43
f, 0.43
f, 0.43
f, 0.43
f, 0.43
f, 0.43
f, 0.43
f, 0.43
f, 0.43
f, 0.43
f, 0.43
f, 0.43
f, 0.43
f, 0.43
f, 0.43
f, 0.43
f, 0.43
f, 0.43
f, 0.43
f, 0.43
f, 0.43
f, 0.43
f, 0.43
f, 0.43
f, 0.43
f, 0.43
f, 0.43
f, 0.43
f, 0.43
f, 0.43
f, 0.43
f, 0.43
f, 0.43
f, 0.43
f, 0.43
f, 0.43
f, 0.43
f, 0.43
f, 0.43
f, 0.43
f, 0.43
f, 0.43
f, 0.43
f, 0.43
f, 0.43
f, 0.43
f, 0.43
f, 0.43
f, 0.43
f, 0.43
f, 0.43
f, 0.43
f, 0.43
f, 0.43
f, 0.43
f, 0.43
f, 0.43
f, 0.43
f, 0.43
f, 0.43
f, 0.43
f, 0.43
f, 0.43
f, 0.43
f, 0.43
f, 0.43
f, 0.43
f, 0.43
f, 0.43
f, 0.43
f, 0.43
f, 0.43
f, 0.43
f, 0.43
f, 0.43
f, 0.43
f, 0.43
f, 0.43
f, 0.43
f, 0.43
f, 0.43
f, 0.43
f, 0.43
f, 0.43
f, 0.43
f, 0.43
f, 0.43
f, 0.43
f, 0.43
f, 0.43
f, 0.43
f, 0.43
f, 0.43
f, 0.43
f, 0.43
f, 0.43
f, 0.43
f, 0.43
f, 0.43
f, 0.43
f, 0.43
f, 0.43
f, 0.43
f, 0.43
f, 0.43
f, 0.43
f, 0.43
f, 0.43
f, 0.43
f, 0.43
f, 0.43
f, 0.43
f, 0.43
f, 0.43
f, 0.43
f, 0.43
f, 0.43
f, 0.43
f, 0.43
f, 0.43
f, 0.43
f, 0.43
f, 0.43
f, 0.43
f, 0.43
f, 0.43
f, 0.43
f, 0.43
f, 0.43
f, 0.43
f, 0.43
f, 0.43
f, 0.43
f, 0.43
f, 0.43
f, 0.43
f, 0.43
f, 0.43
f, 0.43
f, 0.43
f, 0.43
f, 0.43
f, 0.43
f, 0.43
f, 0.43
f, 0.43
f, 0.43
f, 0.43
f, 0.43
f, 0.43
f, 0.43
f, 0.43
f, 0.43
f, 0.43
f, 0.43
f, 0.43
f, 0.43
f, 0.43
f, 0.43
f, 0.43
f, 0.43
f, 0.43
f, 0.43
f, 0.43
f, 0.43
f, 0.43
f, 0.43
f, 0.43
f, 0.43
f, 0.43
f, 0.43
f, 0.43
f, 0.43
f, 0.43
f, 0.43
f, 0.43
f, 0.43
f, 0.43
f, 0.43
f, 0.43
f, 0.43
f, 0.43
f, 0.43
f, 0.43
f, 0.43
f, 0.43
f, 0.43
f, 0.43
f, 0.43
f, 0.43
f, 0.43
f, 0.43
f, 0.43
f, 0.43
f, 0.43
f, 0.43
f, 0.43
f, 0.43
f, 0.43
f, 0.43