loss, 10.84
loss, 10.16
loss, 9.89
loss, 9.89
loss, 10.10
loss, 9.89
loss, 9.83
loss, 9.83
loss, 9.80
loss, 9.82
loss, 9.83
loss, 9.76
loss, 9.76
loss, 9.75
loss, 9.61
loss, 9.59
loss, 9.60
loss, 9.58
loss, 9.56
loss, 9.57
loss, 9.57
loss, 9.55
loss, 9.54
loss, 9.55
loss, 9.55
loss, 9.52
loss, 9.48
loss, 9.45
loss, 9.44
loss, 9.45
loss, 9.41
loss, 9.40
loss, 9.37
loss, 9.36
loss, 9.37
loss, 9.37
loss, 9.36
loss, 9.34
loss, 9.33
loss, 9.33
loss, 9.34
loss, 9.36
loss, 9.37
loss, 9.38
loss, 9.39
loss, 9.38
loss, 9.39
loss, 9.36
loss, 9.34
loss, 9.33
loss, 9.32
loss, 9.31
loss, 9.27
loss, 9.26
loss, 9.25
loss, 9.25
loss, 9.25
loss, 9.25
loss, 9.23
loss, 9.23
loss, 9.22
loss, 9.23
loss, 9.21
loss, 9.22
loss, 9.21
loss, 9.21
loss, 9.21
loss, 9.18
loss, 9.15
loss, 9.13
loss, 9.11
loss, 9.09
loss, 9.08
loss, 9.06
loss, 9.06
loss, 9.06
loss, 9.06
loss, 9.05
loss, 9.01
loss, 8.99
loss, 8.99
loss, 8.98
loss, 8.98
loss, 8.96
loss, 8.96
loss, 8.95
loss, 8.95
loss, 8.95
loss, 8.95
loss, 8.95
loss, 8.94
loss, 8.94
loss, 8.93
loss, 8.92
loss, 8.91
loss, 8.90
loss, 8.90
loss, 8.89
loss, 8.89
loss, 8.87
loss, 8.87
loss, 8.88
loss, 8.87
loss, 8.86
loss, 8.85
loss, 8.83
loss, 8.83
loss, 8.83
loss, 8.83
loss, 8.82
loss, 8.82
loss, 8.81
loss, 8.83
loss, 8.83
loss, 8.83
loss, 8.81
loss, 8.80
loss, 8.78
loss, 8.76
loss, 8.77
loss, 8.77
loss, 8.76
loss, 8.75
loss, 8.74
loss, 8.74
loss, 8.74
loss, 8.74
loss, 8.73
loss, 8.74
loss, 8.74
loss, 8.73
loss, 8.73
loss, 8.72
loss, 8.73
loss, 8.72
loss, 8.70
loss, 8.70
loss, 8.70
loss, 8.70
loss, 8.69
loss, 8.69
loss, 8.67
loss, 8.66
loss, 8.66
loss, 8.66
loss, 8.66
loss, 8.65
loss, 8.65
loss, 8.65
loss, 8.64
loss, 8.65
loss, 8.65
loss, 8.65
loss, 8.64
loss, 8.65
loss, 8.64
loss, 8.63
loss, 8.63
loss, 8.62
loss, 8.62
loss, 8.61
loss, 8.61
loss, 8.61
loss, 8.60
loss, 8.60
loss, 8.60
loss, 8.60
loss, 8.60
loss, 8.60
loss, 8.60
loss, 8.59
loss, 8.60
loss, 8.61
loss, 8.60
loss, 8.59
loss, 8.58
loss, 8.58
loss, 8.58
loss, 8.58
loss, 8.58
loss, 8.57
loss, 8.57
loss, 8.57
loss, 8.57
loss, 8.57
loss, 8.57
loss, 8.57
loss, 8.56
loss, 8.55
loss, 8.54
loss, 8.54
loss, 8.53
loss, 8.54
loss, 8.54
loss, 8.55
loss, 8.54
loss, 8.54
loss, 8.53
loss, 8.53
loss, 8.52
loss, 8.52
loss, 8.52
loss, 8.51
loss, 8.51
loss, 8.50
loss, 8.50
loss, 8.50
loss, 8.50
loss, 8.51
loss, 8.51
loss, 8.50
loss, 8.49
loss, 8.50
loss, 8.50
loss, 8.50
loss, 8.50
loss, 8.49
loss, 8.50
loss, 8.49
loss, 8.48
loss, 8.48
loss, 8.48
loss, 8.49
loss, 8.48
loss, 8.47
loss, 8.47
loss, 8.47
loss, 8.46
loss, 8.46
loss, 8.45
loss, 8.46
loss, 8.46
loss, 8.45
loss, 8.45
loss, 8.45
loss, 8.45
loss, 8.45
loss, 8.45
loss, 8.45
loss, 8.44
loss, 8.44
loss, 8.44
loss, 8.43
loss, 8.42
loss, 8.43
loss, 8.43
loss, 8.43
loss, 8.42
loss, 8.42
loss, 8.43
loss, 8.43
loss, 8.43
loss, 8.43
loss, 8.43
loss, 8.42
loss, 8.42
loss, 8.42
loss, 8.42
loss, 8.42
loss, 8.42
loss, 8.42
loss, 8.41
loss, 8.42
loss, 8.41
loss, 8.41
loss, 8.41
loss, 8.41
loss, 8.42
loss, 8.41
loss, 8.41
loss, 8.41
loss, 8.41
loss, 8.41
loss, 8.41
loss, 8.41
loss, 8.41
loss, 8.41
loss, 8.41
loss, 8.41
loss, 8.41
loss, 8.41
loss, 8.40
loss, 8.40
loss, 8.39
loss, 8.39
loss, 8.39
loss, 8.40
loss, 8.39
loss, 8.39
loss, 8.38
loss, 8.38
loss, 8.38
loss, 8.38
loss, 8.38
loss, 8.38
loss, 8.37
loss, 8.37
loss, 8.37
loss, 8.36
loss, 8.35
loss, 8.36
loss, 8.36
loss, 8.36
loss, 8.36
loss, 8.36
loss, 8.36
loss, 8.36
loss, 8.36
loss, 8.36
loss, 8.36
loss, 8.36
loss, 8.36
loss, 8.36
loss, 8.35
loss, 8.36
loss, 8.36
loss, 8.35
loss, 8.35
loss, 8.34
loss, 8.34
loss, 8.34
loss, 8.34
loss, 8.33
loss, 8.33
loss, 8.33
loss, 8.33
loss, 8.33
loss, 8.32
loss, 8.32
loss, 8.32
loss, 8.31
loss, 8.31
loss, 8.31
loss, 8.32
loss, 8.31
loss, 8.31
loss, 8.31
loss, 8.30
loss, 8.30
loss, 8.30
loss, 8.30
loss, 8.29
loss, 8.29
loss, 8.29
loss, 8.29
loss, 8.29
loss, 8.29
loss, 8.29
loss, 8.29
loss, 8.29
loss, 8.29
loss, 8.29
loss, 8.29
loss, 8.28
loss, 8.28
loss, 8.28
loss, 8.28
loss, 8.28
loss, 8.28
loss, 8.28
loss, 8.28
loss, 8.27
loss, 8.27
loss, 8.27
loss, 8.27
loss, 8.27
loss, 8.27
loss, 8.27
loss, 8.27
loss, 8.27
loss, 8.27
loss, 8.27
loss, 8.27
loss, 8.26
loss, 8.26
loss, 8.26
loss, 8.26
loss, 8.25
loss, 8.26
loss, 8.26
loss, 8.25
loss, 8.25
loss, 8.25
loss, 8.24
loss, 8.24
loss, 8.24
loss, 8.24
loss, 8.24
loss, 8.24
loss, 8.24
loss, 8.24
loss, 8.24
loss, 8.24
loss, 8.24
loss, 8.24
loss, 8.24
loss, 8.24
loss, 8.24
loss, 8.24
loss, 8.24
loss, 8.24
loss, 8.24
loss, 8.24
loss, 8.24
loss, 8.24
loss, 8.23
loss, 8.23
loss, 8.23
loss, 8.23
loss, 8.23
loss, 8.23
loss, 8.22
loss, 8.22
loss, 8.22
loss, 8.22
loss, 8.22
loss, 8.22
loss, 8.22
loss, 8.22
loss, 8.22
loss, 8.22
loss, 8.22
loss, 8.22
loss, 8.22
loss, 8.22
loss, 8.21
loss, 8.21
loss, 8.21
loss, 8.21
loss, 8.21
loss, 8.21
loss, 8.21
loss, 8.21
loss, 8.21
loss, 8.21
loss, 8.21
loss, 8.21
loss, 8.21
loss, 8.21
loss, 8.21
loss, 8.20
loss, 8.20
loss, 8.21
loss, 8.21
loss, 8.20
loss, 8.20
loss, 8.20
loss, 8.20
loss, 8.19
loss, 8.19
loss, 8.19
loss, 8.19
loss, 8.19
loss, 8.19
loss, 8.19
loss, 8.19
loss, 8.19
loss, 8.19
loss, 8.19
loss, 8.18
loss, 8.18
loss, 8.18
loss, 8.18
loss, 8.18
loss, 8.18
loss, 8.17
loss, 8.17
loss, 8.16
loss, 8.17
loss, 8.16
loss, 8.16
loss, 8.16
loss, 8.16
loss, 8.16
loss, 8.15
loss, 8.15
loss, 8.15
loss, 8.15
loss, 8.15
loss, 8.14
loss, 8.14
loss, 8.14
loss, 8.14
loss, 8.14
loss, 8.14
loss, 8.14
loss, 8.14
loss, 8.14
loss, 8.14
loss, 8.14
loss, 8.14
loss, 8.14
loss, 8.14
loss, 8.13
loss, 8.13
loss, 8.13
loss, 8.13
loss, 8.12
loss, 8.12
loss, 8.12
loss, 8.12
loss, 8.12
loss, 8.11
loss, 8.11
loss, 8.11
loss, 8.11
loss, 8.11
loss, 8.11
loss, 8.11
loss, 8.10
loss, 8.10
loss, 8.10
loss, 8.10
loss, 8.09
loss, 8.09
loss, 8.09
loss, 8.09
loss, 8.08
loss, 8.09
loss, 8.08
loss, 8.08
loss, 8.08
loss, 8.08
loss, 8.07
loss, 8.07
loss, 8.08
loss, 8.08
loss, 8.08
loss, 8.08
loss, 8.08
loss, 8.08
loss, 8.08
loss, 8.08
loss, 8.08
loss, 8.08
loss, 8.08
loss, 8.08
loss, 8.07
loss, 8.07
loss, 8.07
loss, 8.07
loss, 8.07
loss, 8.07
loss, 8.07
loss, 8.07
loss, 8.07
loss, 8.07
loss, 8.07
loss, 8.07
loss, 8.07
loss, 8.07
loss, 8.06
loss, 8.06
loss, 8.06
loss, 8.06
loss, 8.06
loss, 8.05
loss, 8.05
loss, 8.05
loss, 8.04
loss, 8.04
loss, 8.04
loss, 8.04
loss, 8.04
loss, 8.04
loss, 8.03
loss, 8.03
loss, 8.03
loss, 8.03
loss, 8.03
loss, 8.03
loss, 8.03
loss, 8.03
loss, 8.03
loss, 8.03
loss, 8.03
loss, 8.03
loss, 8.03
loss, 8.02
loss, 8.02
loss, 8.02
loss, 8.02
loss, 8.02
loss, 8.02
loss, 8.02
loss, 8.01
loss, 8.01
loss, 8.01
loss, 8.01
loss, 8.01
loss, 8.01
loss, 8.01
loss, 8.02
loss, 8.02
loss, 8.02
loss, 8.02
loss, 8.02
loss, 8.02
loss, 8.02
loss, 8.02
loss, 8.02
loss, 8.02
loss, 8.02
loss, 8.02
loss, 8.02
loss, 8.02
loss, 8.02
loss, 8.01
loss, 8.01
loss, 8.02
loss, 8.01
loss, 8.01
loss, 8.01
loss, 8.01
loss, 8.01
loss, 8.00
loss, 8.00
loss, 8.00
loss, 8.00
loss, 8.00
loss, 7.99
loss, 7.99
loss, 7.99
loss, 7.99
loss, 7.98
loss, 7.98
loss, 7.98
loss, 7.98
loss, 7.98
loss, 7.98
loss, 7.97
loss, 7.97
loss, 7.97
loss, 7.97
loss, 7.97
loss, 7.97
loss, 7.97
loss, 7.96
loss, 7.97
loss, 7.97
loss, 7.97
loss, 7.97
loss, 7.97
loss, 7.97
loss, 7.96
loss, 7.96
loss, 7.96
loss, 7.96
loss, 7.96
loss, 7.96
loss, 7.96
loss, 7.96
loss, 7.96
loss, 7.96
loss, 7.96
loss, 7.96
loss, 7.96
loss, 7.96
loss, 7.96
loss, 7.96
loss, 7.96
loss, 7.95
loss, 7.95
loss, 7.95
loss, 7.95
loss, 7.95
loss, 7.95
loss, 7.95
loss, 7.95
loss, 7.95
loss, 7.95
loss, 7.95
loss, 7.95
loss, 7.95
loss, 7.95
loss, 7.95
loss, 7.95
loss, 7.95
loss, 7.95
loss, 7.95
loss, 7.95
loss, 7.94
loss, 7.94
loss, 7.94
loss, 7.94
loss, 7.94
loss, 7.94
loss, 7.94
loss, 7.95
loss, 7.95
loss, 7.95
loss, 7.95
loss, 7.95
loss, 7.94
loss, 7.94
loss, 7.94
loss, 7.94
loss, 7.94
loss, 7.94
loss, 7.94
loss, 7.94
loss, 7.94
loss, 7.94
loss, 7.94
loss, 7.93
loss, 7.93
loss, 7.93
loss, 7.94
loss, 7.94
loss, 7.94
loss, 7.94
loss, 7.94
loss, 7.93
loss, 7.93
loss, 7.93
loss, 7.93
loss, 7.94
loss, 7.94
loss, 7.94
loss, 7.93
loss, 7.93
loss, 7.94
loss, 7.94
loss, 7.93
loss, 7.93
loss, 7.93
loss, 7.93
loss, 7.93
loss, 7.93
loss, 7.93
loss, 7.94
loss, 7.94
loss, 7.94
loss, 7.93
loss, 7.93
loss, 7.94
loss, 7.93
loss, 7.93
loss, 7.93
loss, 7.93
loss, 7.93
loss, 7.93
loss, 7.93
loss, 7.93
loss, 7.93
loss, 7.93
loss, 7.92
loss, 7.92
loss, 7.92
loss, 7.92
loss, 7.92
loss, 7.92
loss, 7.92
loss, 7.92
loss, 7.92
loss, 7.92
loss, 7.92
loss, 7.92
loss, 7.92
loss, 7.92
loss, 7.92
loss, 7.91
loss, 7.92
loss, 7.92
loss, 7.92
loss, 7.92
loss, 7.92
loss, 7.92
loss, 7.92
loss, 7.92
loss, 7.91
loss, 7.91
loss, 7.91
loss, 7.91
loss, 7.91
loss, 7.91
loss, 7.91
loss, 7.91
loss, 7.91
loss, 7.91
loss, 7.91
loss, 7.91
loss, 7.91
loss, 7.90
loss, 7.90
loss, 7.90
loss, 7.90
loss, 7.90
loss, 7.90
loss, 7.90
loss, 7.90
loss, 7.90
loss, 7.90
loss, 7.90
loss, 7.90
loss, 7.90
loss, 7.90
loss, 7.90
loss, 7.90
loss, 7.90
loss, 7.90
loss, 7.90
loss, 7.90
loss, 7.90
loss, 7.90
loss, 7.90
loss, 7.90
loss, 7.90
loss, 7.90
loss, 7.90
loss, 7.90
loss, 7.90
loss, 7.89
loss, 7.89
loss, 7.89
loss, 7.89
loss, 7.89
loss, 7.89
loss, 7.89
loss, 7.89
loss, 7.89
loss, 7.89
loss, 7.89
loss, 7.88
loss, 7.88
loss, 7.88
loss, 7.88
loss, 7.88
loss, 7.88
loss, 7.88
loss, 7.88
loss, 7.88
loss, 7.88
loss, 7.88
loss, 7.88
loss, 7.88
loss, 7.87
loss, 7.87
loss, 7.87
loss, 7.87
loss, 7.87
loss, 7.87
loss, 7.87
loss, 7.87
loss, 7.87
loss, 7.87
loss, 7.87
loss, 7.87
loss, 7.87
loss, 7.87
loss, 7.87
loss, 7.87
loss, 7.87
loss, 7.87
loss, 7.87
loss, 7.87
loss, 7.87
loss, 7.87
loss, 7.87
loss, 7.86
loss, 7.86
loss, 7.86
loss, 7.86
loss, 7.86
loss, 7.86
loss, 7.86
loss, 7.86
loss, 7.86
loss, 7.86
loss, 7.86
loss, 7.86
loss, 7.86
loss, 7.86
loss, 7.86
loss, 7.85
loss, 7.85
loss, 7.85
loss, 7.85
loss, 7.85
loss, 7.85
loss, 7.85
loss, 7.85
loss, 7.85
loss, 7.85
loss, 7.85
loss, 7.85
loss, 7.85
loss, 7.85
loss, 7.85
loss, 7.85
loss, 7.85
loss, 7.85
loss, 7.85
loss, 7.84
loss, 7.84
loss, 7.84
loss, 7.84
loss, 7.84
loss, 7.84
loss, 7.84
loss, 7.84
loss, 7.84
loss, 7.84
loss, 7.84
loss, 7.84
loss, 7.84
loss, 7.84
loss, 7.84
loss, 7.84
loss, 7.84
loss, 7.83
loss, 7.84
loss, 7.83
loss, 7.83
loss, 7.83
loss, 7.83
loss, 7.83
loss, 7.83
loss, 7.83
loss, 7.82
loss, 7.82
loss, 7.82
loss, 7.82
loss, 7.82
loss, 7.82
loss, 7.82
loss, 7.82
loss, 7.82
loss, 7.82
loss, 7.82
loss, 7.82
loss, 7.82
loss, 7.82
loss, 7.82
loss, 7.82
loss, 7.82
loss, 7.82
loss, 7.82
loss, 7.82
loss, 7.81
loss, 7.81
loss, 7.81
loss, 7.81
loss, 7.81
loss, 7.81
loss, 7.81
loss, 7.81
loss, 7.81
loss, 7.81
loss, 7.81
loss, 7.81
loss, 7.81
loss, 7.80
loss, 7.80
loss, 7.80
loss, 7.80
loss, 7.80
loss, 7.80
loss, 7.80
loss, 7.80
loss, 7.80
loss, 7.80
loss, 7.80
loss, 7.80
loss, 7.80
loss, 7.80
loss, 7.80
loss, 7.80
loss, 7.80
loss, 7.80
loss, 7.80
loss, 7.80
loss, 7.79
loss, 7.79
loss, 7.79
loss, 7.79
loss, 7.79
loss, 7.79
loss, 7.79
loss, 7.79
loss, 7.79
loss, 7.79
loss, 7.79
loss, 7.79
loss, 7.79
loss, 7.79
loss, 7.79
loss, 7.79
loss, 7.79
loss, 7.79
loss, 7.79
loss, 7.79
loss, 7.78
loss, 7.78
loss, 7.78
loss, 7.78
loss, 7.78
loss, 7.78
loss, 7.78
loss, 7.78
loss, 7.78
loss, 7.78
loss, 7.78
loss, 7.78
loss, 7.78
loss, 7.78
loss, 7.78
loss, 7.78
loss, 7.78
loss, 7.78
loss, 7.78
loss, 7.78
loss, 7.78
loss, 7.78
loss, 7.78
loss, 7.78
loss, 7.78
loss, 7.77
loss, 7.77
loss, 7.77
loss, 7.77
loss, 7.77
loss, 7.77
loss, 7.77
loss, 7.77
loss, 7.76
loss, 7.76
loss, 7.76
loss, 7.76
loss, 7.76
loss, 7.76
loss, 7.76
loss, 7.76
loss, 7.76
loss, 7.76
loss, 7.76
loss, 7.76
loss, 7.75
loss, 7.75
loss, 7.75
loss, 7.75
loss, 7.75
loss, 7.75
loss, 7.75
loss, 7.75
loss, 7.75
loss, 7.75
loss, 7.75
loss, 7.75
loss, 7.75
loss, 7.74
loss, 7.74
loss, 7.74
loss, 7.74
loss, 7.74
loss, 7.74
loss, 7.74
loss, 7.74
loss, 7.74
loss, 7.74
loss, 7.74
loss, 7.74
loss, 7.74
loss, 7.73
loss, 7.73
loss, 7.73
loss, 7.73
loss, 7.73
loss, 7.73
loss, 7.73
loss, 7.73
loss, 7.72
loss, 7.72
loss, 7.73
loss, 7.72
loss, 7.72
loss, 7.72
loss, 7.72
loss, 7.72
loss, 7.72
loss, 7.72
loss, 7.72
loss, 7.72
loss, 7.72
loss, 7.72
loss, 7.72
loss, 7.72
loss, 7.72
loss, 7.71
loss, 7.71
loss, 7.71
loss, 7.71
loss, 7.71
loss, 7.71
loss, 7.71
loss, 7.71
loss, 7.71
loss, 7.71
loss, 7.71
loss, 7.71
loss, 7.71
loss, 7.71
loss, 7.71
loss, 7.71
loss, 7.70
loss, 7.70
loss, 7.70
loss, 7.70
loss, 7.70
loss, 7.70
loss, 7.70
loss, 7.70
loss, 7.70
loss, 7.70
loss, 7.70
loss, 7.70
loss, 7.70
loss, 7.70
loss, 7.69
loss, 7.69
loss, 7.69
loss, 7.69
loss, 7.69
loss, 7.69
loss, 7.69
loss, 7.69
loss, 7.69
loss, 7.69
loss, 7.69
loss, 7.69
loss, 7.69
loss, 7.69
loss, 7.69
loss, 7.68
loss, 7.68
loss, 7.68
loss, 7.68
loss, 7.68
loss, 7.68
loss, 7.68
loss, 7.68
loss, 7.68
loss, 7.67
loss, 7.68
loss, 7.67
loss, 7.67
loss, 7.67
loss, 7.67
loss, 7.67
loss, 7.67
loss, 7.67
loss, 7.67
loss, 7.67
loss, 7.67
loss, 7.67
loss, 7.67
loss, 7.67
loss, 7.67
loss, 7.66
loss, 7.66
loss, 7.66
loss, 7.66
loss, 7.66
loss, 7.66
loss, 7.66
loss, 7.66
loss, 7.66
loss, 7.65
loss, 7.65
loss, 7.65
loss, 7.65
loss, 7.65
loss, 7.65
loss, 7.65
loss, 7.65
loss, 7.65
loss, 7.65
loss, 7.65
loss, 7.64
loss, 7.64
loss, 7.64
loss, 7.64
loss, 7.64
loss, 7.64
loss, 7.64
loss, 7.64
loss, 7.64
loss, 7.64
loss, 7.64
loss, 7.64
loss, 7.64
loss, 7.64
loss, 7.64
loss, 7.64
loss, 7.64
loss, 7.64
loss, 7.64
loss, 7.64
loss, 7.64
loss, 7.64
loss, 7.64
loss, 7.63
loss, 7.63
loss, 7.63
loss, 7.63
loss, 7.63
loss, 7.63
loss, 7.63
loss, 7.63
loss, 7.63
loss, 7.63
loss, 7.63
loss, 7.63
loss, 7.63
loss, 7.63
loss, 7.63
loss, 7.62
loss, 7.62
loss, 7.62
loss, 7.62
loss, 7.62
loss, 7.62
loss, 7.62
loss, 7.62
loss, 7.62
loss, 7.62
loss, 7.61
loss, 7.61
loss, 7.61
loss, 7.61
loss, 7.61
loss, 7.61
loss, 7.61
loss, 7.61
loss, 7.61
loss, 7.61
loss, 7.60
loss, 7.61
loss, 7.61
loss, 7.61
loss, 7.60
loss, 7.60
loss, 7.60
loss, 7.60
loss, 7.60
loss, 7.60
loss, 7.60
loss, 7.60
loss, 7.60
loss, 7.60
loss, 7.60
loss, 7.60
loss, 7.60
loss, 7.59
loss, 7.59
loss, 7.59
loss, 7.59
loss, 7.59
loss, 7.59
loss, 7.59
loss, 7.59
loss, 7.59
loss, 7.59
loss, 7.59
loss, 7.59
loss, 7.59
loss, 7.59
loss, 7.59
loss, 7.59
loss, 7.59
loss, 7.59
loss, 7.59
loss, 7.59
loss, 7.59
loss, 7.59
loss, 7.59
loss, 7.58
loss, 7.58
loss, 7.58
loss, 7.58
loss, 7.58
loss, 7.58
loss, 7.58
loss, 7.58
loss, 7.58
loss, 7.58
loss, 7.58
loss, 7.58
loss, 7.58
loss, 7.58
loss, 7.57
loss, 7.57
loss, 7.57
loss, 7.57
loss, 7.57
loss, 7.57
loss, 7.57
loss, 7.57
loss, 7.57
loss, 7.57
loss, 7.57
loss, 7.56
loss, 7.56
loss, 7.56
loss, 7.56
loss, 7.56
loss, 7.56
loss, 7.56
loss, 7.56
loss, 7.56
loss, 7.56
loss, 7.56
loss, 7.56
loss, 7.55
loss, 7.55
loss, 7.55
loss, 7.55
loss, 7.55
loss, 7.55
loss, 7.55
loss, 7.55
loss, 7.55
loss, 7.55
loss, 7.55
loss, 7.55
loss, 7.54
loss, 7.54
loss, 7.54
loss, 7.54
loss, 7.54
loss, 7.54
loss, 7.54
loss, 7.54
loss, 7.54
loss, 7.54
loss, 7.54
loss, 7.54
loss, 7.54
loss, 7.54
loss, 7.54
loss, 7.54
loss, 7.54
loss, 7.53
loss, 7.53
loss, 7.53
loss, 7.53
loss, 7.53
loss, 7.53
loss, 7.53
loss, 7.53
loss, 7.53
loss, 7.53
loss, 7.53
loss, 7.53
loss, 7.53
loss, 7.53
loss, 7.53
loss, 7.53
loss, 7.53
loss, 7.52
loss, 7.52
loss, 7.52
loss, 7.52
loss, 7.52
loss, 7.52
loss, 7.52
loss, 7.52
loss, 7.52
loss, 7.52
loss, 7.51
loss, 7.51
loss, 7.51
loss, 7.51
loss, 7.51
loss, 7.51
loss, 7.51
loss, 7.51
loss, 7.51
loss, 7.51
loss, 7.51
loss, 7.51
loss, 7.51
loss, 7.51
loss, 7.50
loss, 7.50
loss, 7.50
loss, 7.50
loss, 7.50
loss, 7.50
loss, 7.50
loss, 7.50
loss, 7.50
loss, 7.50
loss, 7.50
loss, 7.50
loss, 7.49
loss, 7.49
loss, 7.49
loss, 7.49
loss, 7.49
loss, 7.49
loss, 7.49
loss, 7.49
loss, 7.49
loss, 7.49
loss, 7.49
loss, 7.49
loss, 7.49
loss, 7.49
loss, 7.49
loss, 7.48
loss, 7.48
loss, 7.48
loss, 7.48
loss, 7.48
loss, 7.48
loss, 7.48
loss, 7.48
loss, 7.48
loss, 7.48
loss, 7.48
loss, 7.47
loss, 7.47
loss, 7.47
loss, 7.47
loss, 7.47
loss, 7.47
loss, 7.47
loss, 7.47
loss, 7.47
loss, 7.47
loss, 7.47
loss, 7.47
loss, 7.47
loss, 7.46
loss, 7.46
loss, 7.46
loss, 7.46
loss, 7.46
loss, 7.46
loss, 7.46
loss, 7.46
loss, 7.46
loss, 7.46
loss, 7.46
loss, 7.46
loss, 7.46
loss, 7.46
loss, 7.46
loss, 7.46
loss, 7.46
loss, 7.46
loss, 7.46
loss, 7.46
loss, 7.46
loss, 7.45
loss, 7.45
loss, 7.45
loss, 7.45
loss, 7.45
loss, 7.45
loss, 7.45
loss, 7.45
loss, 7.45
loss, 7.45
loss, 7.45
loss, 7.44
loss, 7.44
loss, 7.44
loss, 7.44
loss, 7.44
loss, 7.44
loss, 7.44
loss, 7.44
loss, 7.44
loss, 7.44
loss, 7.44
loss, 7.44
loss, 7.44
loss, 7.44
loss, 7.44
loss, 7.44
loss, 7.44
loss, 7.44
loss, 7.44
loss, 7.44
loss, 7.43
loss, 7.43
loss, 7.43
loss, 7.43
loss, 7.43
loss, 7.43
loss, 7.43
loss, 7.42
loss, 7.42
loss, 7.42
loss, 7.42
loss, 7.42
loss, 7.42
loss, 7.42
loss, 7.42
loss, 7.42
loss, 7.42
loss, 7.42
loss, 7.42
loss, 7.42
loss, 7.42
loss, 7.42
loss, 7.42
loss, 7.42
loss, 7.42
loss, 7.42
loss, 7.42
loss, 7.42
loss, 7.42
loss, 7.42
loss, 7.41
loss, 7.42
loss, 7.42
loss, 7.42
loss, 7.41
loss, 7.41
loss, 7.41
loss, 7.41
loss, 7.41
loss, 7.41
loss, 7.41
loss, 7.41
loss, 7.41
loss, 7.41
loss, 7.41
loss, 7.41
loss, 7.41
loss, 7.41
loss, 7.41
loss, 7.41
loss, 7.41
loss, 7.41
loss, 7.41
loss, 7.41
loss, 7.41
loss, 7.41
loss, 7.41
loss, 7.40
loss, 7.40
loss, 7.40
loss, 7.40
loss, 7.40
loss, 7.40
loss, 7.40
loss, 7.40
loss, 7.40
loss, 7.40
loss, 7.40
loss, 7.40
loss, 7.40
loss, 7.39
loss, 7.39
loss, 7.39
loss, 7.39
loss, 7.39
loss, 7.39
loss, 7.39
loss, 7.39
loss, 7.39
loss, 7.39
loss, 7.39
loss, 7.39
loss, 7.39
loss, 7.39
loss, 7.39
loss, 7.39
loss, 7.38
loss, 7.38
loss, 7.38
loss, 7.38
loss, 7.38
loss, 7.38
loss, 7.38
loss, 7.38
loss, 7.38
loss, 7.38
loss, 7.38
loss, 7.38
loss, 7.38
loss, 7.38
loss, 7.38
loss, 7.38
loss, 7.37
loss, 7.37
loss, 7.37
loss, 7.37
loss, 7.37
loss, 7.37
loss, 7.37
loss, 7.37
loss, 7.37
loss, 7.37
loss, 7.37
loss, 7.37
loss, 7.37
loss, 7.36
loss, 7.36
loss, 7.37
loss, 7.37
loss, 7.36
loss, 7.37
loss, 7.37
loss, 7.37
loss, 7.37
loss, 7.37
loss, 7.36
loss, 7.36
loss, 7.36
loss, 7.36
loss, 7.36
loss, 7.36
loss, 7.36
loss, 7.36
loss, 7.36
loss, 7.36
loss, 7.36
loss, 7.36
loss, 7.36
loss, 7.36
loss, 7.36
loss, 7.36
loss, 7.36
loss, 7.35
loss, 7.35
loss, 7.36
loss, 7.36
loss, 7.35
loss, 7.35
loss, 7.35
loss, 7.35
loss, 7.35
loss, 7.35
loss, 7.35
loss, 7.35
loss, 7.35
loss, 7.35
loss, 7.35
loss, 7.35
loss, 7.34
loss, 7.34
loss, 7.34
loss, 7.34
loss, 7.34
loss, 7.34
loss, 7.34
loss, 7.34
loss, 7.34
loss, 7.34
loss, 7.34
loss, 7.34
loss, 7.34
loss, 7.34
loss, 7.33
loss, 7.33
loss, 7.33
loss, 7.33
loss, 7.33
loss, 7.33
loss, 7.33
loss, 7.33
loss, 7.33
loss, 7.33
loss, 7.33
loss, 7.33
loss, 7.33
loss, 7.33
loss, 7.33
loss, 7.33
loss, 7.33
loss, 7.33
loss, 7.32
loss, 7.32
loss, 7.32
loss, 7.32
loss, 7.32
loss, 7.32
loss, 7.32
loss, 7.32
loss, 7.32
loss, 7.32
loss, 7.32
loss, 7.32
loss, 7.32
loss, 7.32
loss, 7.32
loss, 7.31
loss, 7.31
loss, 7.32
loss, 7.31
loss, 7.31
loss, 7.31
loss, 7.31
loss, 7.31
loss, 7.31
loss, 7.31
loss, 7.31
loss, 7.31
loss, 7.31
loss, 7.31
loss, 7.31
loss, 7.31
loss, 7.31
loss, 7.31
loss, 7.31
loss, 7.30
loss, 7.30
loss, 7.30
loss, 7.30
loss, 7.30
loss, 7.30
loss, 7.30
loss, 7.30
loss, 7.30
loss, 7.30
loss, 7.30
loss, 7.30
loss, 7.30
loss, 7.30
loss, 7.30
loss, 7.30
loss, 7.30
loss, 7.30
loss, 7.29
loss, 7.29
loss, 7.29
loss, 7.29
loss, 7.29
loss, 7.29
loss, 7.29
loss, 7.29
loss, 7.29
loss, 7.29
loss, 7.29
loss, 7.29
loss, 7.29
loss, 7.28
loss, 7.28
loss, 7.28
loss, 7.28
loss, 7.28
loss, 7.28
loss, 7.28
loss, 7.28
loss, 7.28
loss, 7.28
loss, 7.28
loss, 7.28
loss, 7.28
loss, 7.28
loss, 7.28
loss, 7.28
loss, 7.28
loss, 7.28
loss, 7.28
loss, 7.28
loss, 7.28
loss, 7.28
loss, 7.28
loss, 7.28
loss, 7.27
loss, 7.27
loss, 7.27
loss, 7.27
loss, 7.27
loss, 7.27
loss, 7.27
loss, 7.27
loss, 7.27
loss, 7.27
loss, 7.27
loss, 7.27
loss, 7.27
loss, 7.27
loss, 7.27
loss, 7.27
loss, 7.27
loss, 7.27
loss, 7.27
loss, 7.27
loss, 7.26
loss, 7.26
loss, 7.26
loss, 7.26
loss, 7.26
loss, 7.26
loss, 7.26
loss, 7.26
loss, 7.26
loss, 7.26
loss, 7.26
loss, 7.26
loss, 7.26
loss, 7.26
loss, 7.26
loss, 7.26
loss, 7.26
loss, 7.26
loss, 7.26
loss, 7.26
loss, 7.26
loss, 7.25
loss, 7.26
loss, 7.25
loss, 7.25
loss, 7.25
loss, 7.26
loss, 7.26
loss, 7.26
loss, 7.26
loss, 7.26
loss, 7.26
loss, 7.26
loss, 7.25
loss, 7.25
loss, 7.25
loss, 7.25
loss, 7.25
loss, 7.25
loss, 7.25
loss, 7.25
loss, 7.25
loss, 7.25
loss, 7.25
loss, 7.25
loss, 7.25
loss, 7.25
loss, 7.25
loss, 7.25
loss, 7.25
loss, 7.25
loss, 7.25
loss, 7.24
loss, 7.24
loss, 7.24
loss, 7.24
loss, 7.24
loss, 7.24
loss, 7.24
loss, 7.24
loss, 7.24
loss, 7.24
loss, 7.24
loss, 7.24
loss, 7.24
loss, 7.24
loss, 7.24
loss, 7.24
loss, 7.24
loss, 7.23
loss, 7.23
loss, 7.23
loss, 7.23
loss, 7.23
loss, 7.23
loss, 7.23
loss, 7.23
loss, 7.23
loss, 7.23
loss, 7.23
loss, 7.23
loss, 7.23
loss, 7.23
loss, 7.22
loss, 7.22
loss, 7.22
loss, 7.22
loss, 7.22
loss, 7.22
loss, 7.22
loss, 7.22
loss, 7.22
loss, 7.22
loss, 7.22
loss, 7.22
loss, 7.22
loss, 7.22
loss, 7.22
loss, 7.22
loss, 7.22
loss, 7.22
loss, 7.22
loss, 7.22
loss, 7.22
loss, 7.22
loss, 7.22
loss, 7.21
loss, 7.21
loss, 7.21
loss, 7.21
loss, 7.21
loss, 7.21
loss, 7.21
loss, 7.21
loss, 7.21
loss, 7.21
loss, 7.21
loss, 7.21
loss, 7.21
loss, 7.21
loss, 7.21
loss, 7.21
loss, 7.20
loss, 7.20
loss, 7.20
loss, 7.20
loss, 7.20
loss, 7.20
loss, 7.20
loss, 7.20
loss, 7.20
loss, 7.20
loss, 7.20
loss, 7.20
loss, 7.20
loss, 7.20
loss, 7.20
loss, 7.20
loss, 7.19
loss, 7.19
loss, 7.19
loss, 7.19
loss, 7.19
loss, 7.19
loss, 7.19
loss, 7.19
loss, 7.19
loss, 7.19
loss, 7.19
loss, 7.19
loss, 7.19
loss, 7.19
loss, 7.19
loss, 7.19
loss, 7.19
loss, 7.19
loss, 7.19
loss, 7.19
loss, 7.18
loss, 7.18
loss, 7.18
loss, 7.18
loss, 7.18
loss, 7.18
loss, 7.18
loss, 7.18
loss, 7.18
loss, 7.18
loss, 7.18
loss, 7.18
loss, 7.18
loss, 7.18
loss, 7.18
loss, 7.17
loss, 7.17
loss, 7.17
loss, 7.17
loss, 7.17
loss, 7.17
loss, 7.17
loss, 7.17
loss, 7.17
loss, 7.17
loss, 7.17
loss, 7.17
loss, 7.17
loss, 7.17
loss, 7.17
loss, 7.17
loss, 7.17
loss, 7.17
loss, 7.17
loss, 7.17
loss, 7.17
loss, 7.16
loss, 7.16
loss, 7.16
loss, 7.16
loss, 7.16
loss, 7.16
loss, 7.16
loss, 7.16
loss, 7.16
loss, 7.16
loss, 7.16
loss, 7.16
loss, 7.16
loss, 7.16
loss, 7.16
loss, 7.16
loss, 7.16
loss, 7.16
loss, 7.16
loss, 7.16
loss, 7.15
loss, 7.15
loss, 7.15
loss, 7.15
loss, 7.15
loss, 7.15
loss, 7.15
loss, 7.15
loss, 7.15
loss, 7.15
loss, 7.15
loss, 7.15
loss, 7.15
loss, 7.15
loss, 7.15
loss, 7.15
loss, 7.15
loss, 7.15
loss, 7.15
loss, 7.15
loss, 7.15
loss, 7.14
loss, 7.15
loss, 7.14
loss, 7.14
loss, 7.14
loss, 7.14
loss, 7.14
loss, 7.14
loss, 7.15
loss, 7.15
loss, 7.14
loss, 7.14
loss, 7.14
loss, 7.14
loss, 7.14
loss, 7.14
loss, 7.14
loss, 7.14
loss, 7.14
loss, 7.14
loss, 7.14
loss, 7.14
loss, 7.14
loss, 7.14
loss, 7.13
loss, 7.13
loss, 7.13
loss, 7.13
loss, 7.13
loss, 7.13
loss, 7.13
loss, 7.13
loss, 7.13
loss, 7.13
loss, 7.13
loss, 7.13
loss, 7.13
loss, 7.13
loss, 7.13
loss, 7.13
loss, 7.12
loss, 7.12
loss, 7.12
loss, 7.12
loss, 7.12
loss, 7.12
loss, 7.12
loss, 7.12
loss, 7.12
loss, 7.12
loss, 7.12
loss, 7.12
loss, 7.12
loss, 7.12
loss, 7.12
loss, 7.12
loss, 7.12
loss, 7.12
loss, 7.12
loss, 7.12
loss, 7.12
loss, 7.12
loss, 7.12
loss, 7.12
loss, 7.11
loss, 7.11
loss, 7.11
loss, 7.11
loss, 7.11
loss, 7.11
loss, 7.11
loss, 7.11
loss, 7.11
loss, 7.11
loss, 7.11
loss, 7.11
loss, 7.11
loss, 7.11
loss, 7.11
loss, 7.11
loss, 7.11
loss, 7.10
loss, 7.10
loss, 7.10
loss, 7.10
loss, 7.10
loss, 7.10
loss, 7.10
loss, 7.10
loss, 7.10
loss, 7.10
loss, 7.10
loss, 7.10
loss, 7.10
loss, 7.10
loss, 7.10
loss, 7.10
loss, 7.10
loss, 7.10
loss, 7.10
loss, 7.10
loss, 7.09
loss, 7.09
loss, 7.09
loss, 7.09
loss, 7.09
loss, 7.09
loss, 7.09
loss, 7.09
loss, 7.09
loss, 7.09
loss, 7.09
loss, 7.09
loss, 7.09
loss, 7.09
loss, 7.09
loss, 7.09
loss, 7.09
loss, 7.09
loss, 7.09
loss, 7.08
loss, 7.08
loss, 7.08
loss, 7.08
loss, 7.08
loss, 7.08
loss, 7.08
loss, 7.08
loss, 7.08
loss, 7.08
loss, 7.08
loss, 7.08
loss, 7.08
loss, 7.08
loss, 7.08
loss, 7.08
loss, 7.08
loss, 7.08
loss, 7.08
loss, 7.08
loss, 7.08
loss, 7.08
loss, 7.08
loss, 7.08
loss, 7.08
loss, 7.07
loss, 7.08
loss, 7.07
loss, 7.07
loss, 7.07
loss, 7.07
loss, 7.07
loss, 7.07
loss, 7.07
loss, 7.07
loss, 7.07
loss, 7.07
loss, 7.07
loss, 7.07
loss, 7.07
loss, 7.07
loss, 7.07
loss, 7.07
loss, 7.07
loss, 7.07
loss, 7.07
loss, 7.07
loss, 7.07
loss, 7.07
loss, 7.07
loss, 7.07
loss, 7.07
loss, 7.07
loss, 7.07
loss, 7.07
loss, 7.06
loss, 7.07
loss, 7.06
loss, 7.06
loss, 7.06
loss, 7.06
loss, 7.06
loss, 7.06
loss, 7.06
loss, 7.06
loss, 7.06
loss, 7.06
loss, 7.06
loss, 7.06
loss, 7.06
loss, 7.06
loss, 7.06
loss, 7.06
loss, 7.06
loss, 7.06
loss, 7.06
loss, 7.06
loss, 7.06
loss, 7.06
loss, 7.06
loss, 7.06
loss, 7.06
loss, 7.06
loss, 7.05
loss, 7.05
loss, 7.05
loss, 7.05
loss, 7.05
loss, 7.05
loss, 7.05
loss, 7.05
loss, 7.05
loss, 7.05
loss, 7.05
loss, 7.05
loss, 7.05
loss, 7.05
loss, 7.05
loss, 7.05
loss, 7.05
loss, 7.05
loss, 7.05
loss, 7.05
loss, 7.05
loss, 7.05
loss, 7.04
loss, 7.04
loss, 7.04
loss, 7.04
loss, 7.04
loss, 7.04
loss, 7.04
loss, 7.04
loss, 7.04
loss, 7.04
loss, 7.04
loss, 7.04
loss, 7.04
loss, 7.04
loss, 7.04
loss, 7.04
loss, 7.04
loss, 7.04
loss, 7.04
loss, 7.04
loss, 7.03
loss, 7.04
loss, 7.04
loss, 7.03
loss, 7.03
loss, 7.03
loss, 7.03
loss, 7.03
loss, 7.03
loss, 7.03
loss, 7.03
loss, 7.03
loss, 7.03
loss, 7.03
loss, 7.03
loss, 7.03
loss, 7.03
loss, 7.03
loss, 7.03
loss, 7.03
loss, 7.03
loss, 7.03
loss, 7.03
loss, 7.03
loss, 7.02
loss, 7.03
loss, 7.02
loss, 7.02
loss, 7.02
loss, 7.02
loss, 7.02
loss, 7.02
loss, 7.02
loss, 7.02
loss, 7.02
loss, 7.02
loss, 7.02
loss, 7.02
loss, 7.02
loss, 7.02
loss, 7.02
loss, 7.02
loss, 7.02
loss, 7.02
loss, 7.02
loss, 7.01
loss, 7.01
loss, 7.01
loss, 7.01
loss, 7.01
loss, 7.01
loss, 7.01
loss, 7.01
loss, 7.01
loss, 7.01
loss, 7.01
loss, 7.01
loss, 7.01
loss, 7.01
loss, 7.01
loss, 7.01
loss, 7.01
loss, 7.01
loss, 7.01
loss, 7.01
loss, 7.01
loss, 7.00
loss, 7.00
loss, 7.00
loss, 7.00
loss, 7.00
loss, 7.00
loss, 7.00
loss, 7.00
loss, 7.00
loss, 7.00
loss, 7.00
loss, 7.00
loss, 7.00
loss, 7.00
loss, 7.00
loss, 7.00
loss, 7.00
loss, 7.00
loss, 7.00
loss, 7.00
loss, 7.00
loss, 7.00
loss, 7.00
loss, 7.00
loss, 7.00
loss, 7.00
loss, 6.99
loss, 6.99
loss, 6.99
loss, 6.99
loss, 6.99
loss, 6.99
loss, 6.99
loss, 6.99
loss, 6.99
loss, 6.99
loss, 6.99
loss, 6.99
loss, 6.99
loss, 6.98
loss, 6.98
loss, 6.98
loss, 6.98
loss, 6.98
loss, 6.98
loss, 6.98
loss, 6.98
loss, 6.98
loss, 6.98
loss, 6.98
loss, 6.98
loss, 6.98
loss, 6.98
loss, 6.98
loss, 6.98
loss, 6.98
loss, 6.98
loss, 6.98
loss, 6.98
loss, 6.98
loss, 6.98
loss, 6.98
loss, 6.98
loss, 6.98
loss, 6.98
loss, 6.98
loss, 6.97
loss, 6.97
loss, 6.97
loss, 6.97
loss, 6.97
loss, 6.97
loss, 6.97
loss, 6.97
loss, 6.97
loss, 6.97
loss, 6.97
loss, 6.97
loss, 6.97
loss, 6.97
loss, 6.97
loss, 6.97
loss, 6.97
loss, 6.97
loss, 6.97
loss, 6.97
loss, 6.97
loss, 6.97
loss, 6.97
loss, 6.97
loss, 6.97
loss, 6.97
loss, 6.97
loss, 6.97
loss, 6.97
loss, 6.97
loss, 6.96
loss, 6.96
loss, 6.96
loss, 6.96
loss, 6.96
loss, 6.96
loss, 6.96
loss, 6.96
loss, 6.96
loss, 6.96
loss, 6.96
loss, 6.96
loss, 6.96
loss, 6.96
loss, 6.96
loss, 6.96
loss, 6.96
loss, 6.96
loss, 6.96
loss, 6.96
loss, 6.96
loss, 6.96
loss, 6.95
loss, 6.95
loss, 6.95
loss, 6.95
loss, 6.95
loss, 6.95
loss, 6.95
loss, 6.95
loss, 6.95
loss, 6.95
loss, 6.95
loss, 6.95
loss, 6.95
loss, 6.95
loss, 6.95
loss, 6.95
loss, 6.95
loss, 6.95
loss, 6.95
loss, 6.95
loss, 6.95
loss, 6.95
loss, 6.95
loss, 6.95
loss, 6.95
loss, 6.95
loss, 6.94
loss, 6.94
loss, 6.94
loss, 6.94
loss, 6.94
loss, 6.94
loss, 6.94
loss, 6.94
loss, 6.94
loss, 6.94
loss, 6.94
loss, 6.94
loss, 6.94
loss, 6.94
loss, 6.94
loss, 6.94
loss, 6.93
loss, 6.93
loss, 6.93
loss, 6.93
loss, 6.93
loss, 6.93
loss, 6.93
loss, 6.93
loss, 6.93
loss, 6.93
loss, 6.93
loss, 6.93
loss, 6.93
loss, 6.93
loss, 6.93
loss, 6.93
loss, 6.93
loss, 6.93
loss, 6.93
loss, 6.93
loss, 6.93
loss, 6.93
loss, 6.92
loss, 6.92
loss, 6.92
loss, 6.92
loss, 6.92
loss, 6.92
loss, 6.92
loss, 6.92
loss, 6.92
loss, 6.92
loss, 6.92
loss, 6.92
loss, 6.92
loss, 6.92
loss, 6.92
loss, 6.92
loss, 6.92
loss, 6.91
loss, 6.91
loss, 6.91
loss, 6.91
loss, 6.91
loss, 6.91
loss, 6.91
loss, 6.91
loss, 6.91
loss, 6.91
loss, 6.91
loss, 6.91
loss, 6.91
loss, 6.91
loss, 6.91
loss, 6.91
loss, 6.91
loss, 6.91
loss, 6.91
loss, 6.91
loss, 6.91
loss, 6.91
loss, 6.91
loss, 6.91
loss, 6.91
loss, 6.91
loss, 6.91
loss, 6.91
loss, 6.90
loss, 6.90
loss, 6.90
loss, 6.90
loss, 6.91
loss, 6.90
loss, 6.90
loss, 6.90
loss, 6.90
loss, 6.90
loss, 6.90
loss, 6.90
loss, 6.90
loss, 6.90
loss, 6.90
loss, 6.90
loss, 6.90
loss, 6.90
loss, 6.90
loss, 6.90
loss, 6.90
loss, 6.90
loss, 6.90
loss, 6.90
loss, 6.90
loss, 6.89
loss, 6.89
loss, 6.89
loss, 6.89
loss, 6.89
loss, 6.89
loss, 6.89
loss, 6.89
loss, 6.89
loss, 6.89
loss, 6.89
loss, 6.89
loss, 6.89
loss, 6.89
loss, 6.89
loss, 6.89
loss, 6.89
loss, 6.89
loss, 6.89
loss, 6.89
loss, 6.89
loss, 6.89
loss, 6.89
loss, 6.89
loss, 6.89
loss, 6.89
loss, 6.89
loss, 6.89
loss, 6.89
loss, 6.89
loss, 6.89
loss, 6.88
loss, 6.88
loss, 6.88
loss, 6.88
loss, 6.88
loss, 6.88
loss, 6.88
loss, 6.88
loss, 6.88
loss, 6.88
loss, 6.88
loss, 6.88
loss, 6.88
loss, 6.88
loss, 6.88
loss, 6.88
loss, 6.88
loss, 6.88
loss, 6.88
loss, 6.88
loss, 6.87
loss, 6.87
loss, 6.87
loss, 6.87
loss, 6.87
loss, 6.87
loss, 6.87
loss, 6.87
loss, 6.87
loss, 6.87
loss, 6.87
loss, 6.87
loss, 6.87
loss, 6.87
loss, 6.87
loss, 6.87
loss, 6.87
loss, 6.87
loss, 6.87
loss, 6.87
loss, 6.87
loss, 6.86
loss, 6.86
loss, 6.86
loss, 6.86
loss, 6.86
loss, 6.86
loss, 6.86
loss, 6.86
loss, 6.86
loss, 6.86
loss, 6.86
loss, 6.86
loss, 6.86
loss, 6.86
loss, 6.86
loss, 6.86
loss, 6.86
loss, 6.86
loss, 6.86
loss, 6.86
loss, 6.86
loss, 6.86
loss, 6.86
loss, 6.86
loss, 6.86
loss, 6.86
loss, 6.86
loss, 6.85
loss, 6.85
loss, 6.85
loss, 6.85
loss, 6.85
loss, 6.85
loss, 6.85
loss, 6.85
loss, 6.85
loss, 6.85
loss, 6.85
loss, 6.85
loss, 6.85
loss, 6.85
loss, 6.85
loss, 6.85
loss, 6.85
loss, 6.85
loss, 6.85
loss, 6.85
loss, 6.85
loss, 6.84
loss, 6.84
loss, 6.84
loss, 6.84
loss, 6.84
loss, 6.84
loss, 6.84
loss, 6.84
loss, 6.84
loss, 6.84
loss, 6.84
loss, 6.84
loss, 6.84
loss, 6.84
loss, 6.84
loss, 6.84
loss, 6.84
loss, 6.84
loss, 6.84
loss, 6.84
loss, 6.84
loss, 6.84
loss, 6.84
loss, 6.84
loss, 6.83
loss, 6.83
loss, 6.83
loss, 6.83
loss, 6.83
loss, 6.83
loss, 6.83
loss, 6.83
loss, 6.83
loss, 6.83
loss, 6.83
loss, 6.83
loss, 6.83
loss, 6.83
loss, 6.83
loss, 6.83
loss, 6.83
loss, 6.83
loss, 6.83
loss, 6.83
loss, 6.83
loss, 6.83
loss, 6.83
loss, 6.83
loss, 6.82
loss, 6.82
loss, 6.82
loss, 6.82
loss, 6.82
loss, 6.82
loss, 6.82
loss, 6.82
loss, 6.82
loss, 6.82
loss, 6.82
loss, 6.82
loss, 6.82
loss, 6.82
loss, 6.82
loss, 6.82
loss, 6.82
loss, 6.82
loss, 6.82
loss, 6.82
loss, 6.81
loss, 6.81
loss, 6.81
loss, 6.81
loss, 6.81
loss, 6.81
loss, 6.81
loss, 6.81
loss, 6.81
loss, 6.81
loss, 6.81
loss, 6.81
loss, 6.81
loss, 6.81
loss, 6.81
loss, 6.81
loss, 6.81
loss, 6.81
loss, 6.81
loss, 6.81
loss, 6.81
loss, 6.81
loss, 6.81
loss, 6.81
loss, 6.81
loss, 6.81
loss, 6.81
loss, 6.80
loss, 6.80
loss, 6.80
loss, 6.80
loss, 6.80
loss, 6.80
loss, 6.80
loss, 6.80
loss, 6.80
loss, 6.80
loss, 6.80
loss, 6.80
loss, 6.80
loss, 6.80
loss, 6.80
loss, 6.80
loss, 6.80
loss, 6.80
loss, 6.80
loss, 6.80
loss, 6.80
loss, 6.80
loss, 6.79
loss, 6.79
loss, 6.79
loss, 6.79
loss, 6.79
loss, 6.79
loss, 6.79
loss, 6.79
loss, 6.79
loss, 6.79
loss, 6.79
loss, 6.79
loss, 6.79
loss, 6.79
loss, 6.79
loss, 6.79
loss, 6.79
loss, 6.79
loss, 6.79
loss, 6.79
loss, 6.79
loss, 6.79
loss, 6.79
loss, 6.79
loss, 6.79
loss, 6.79
loss, 6.78
loss, 6.78
loss, 6.78
loss, 6.78
loss, 6.78
loss, 6.78
loss, 6.78
loss, 6.78
loss, 6.78
loss, 6.78
loss, 6.78
loss, 6.78
loss, 6.78
loss, 6.78
loss, 6.78
loss, 6.78
loss, 6.77
loss, 6.77
loss, 6.77
loss, 6.77
loss, 6.77
loss, 6.77
loss, 6.77
loss, 6.77
loss, 6.77
loss, 6.77
loss, 6.77
loss, 6.77
loss, 6.77
loss, 6.77
loss, 6.77
loss, 6.77
loss, 6.77
loss, 6.77
loss, 6.77
loss, 6.77
loss, 6.77
loss, 6.77
loss, 6.76
loss, 6.77
loss, 6.76
loss, 6.76
loss, 6.76
loss, 6.76
loss, 6.76
loss, 6.76
loss, 6.76
loss, 6.76
loss, 6.76
loss, 6.76
loss, 6.76
loss, 6.76
loss, 6.76
loss, 6.76
loss, 6.76
loss, 6.76
loss, 6.76
loss, 6.76
loss, 6.76
loss, 6.76
loss, 6.76
loss, 6.76
loss, 6.76
loss, 6.76
loss, 6.76
loss, 6.76
loss, 6.76
loss, 6.76
loss, 6.75
loss, 6.75
loss, 6.75
loss, 6.75
loss, 6.75
loss, 6.75
loss, 6.75
loss, 6.75
loss, 6.75
loss, 6.75
loss, 6.75
loss, 6.75
loss, 6.75
loss, 6.75
loss, 6.75
loss, 6.75
loss, 6.75
loss, 6.75
loss, 6.75
loss, 6.75
loss, 6.75
loss, 6.75
loss, 6.75
loss, 6.75
loss, 6.75
loss, 6.75
loss, 6.75
loss, 6.75
loss, 6.75
loss, 6.74
loss, 6.74
loss, 6.74
loss, 6.74
loss, 6.74
loss, 6.74
loss, 6.74
loss, 6.74
loss, 6.74
loss, 6.74
loss, 6.74
loss, 6.74
loss, 6.74
loss, 6.74
loss, 6.74
loss, 6.74
loss, 6.74
loss, 6.74
loss, 6.73
loss, 6.73
loss, 6.74
loss, 6.73
loss, 6.73
loss, 6.73
loss, 6.73
loss, 6.73
loss, 6.73
loss, 6.73
loss, 6.73
loss, 6.73
loss, 6.73
loss, 6.73
loss, 6.73
loss, 6.73
loss, 6.73
loss, 6.73
loss, 6.73
loss, 6.73
loss, 6.73
loss, 6.73
loss, 6.72
loss, 6.72
loss, 6.72
loss, 6.72
loss, 6.72
loss, 6.72
loss, 6.72
loss, 6.72
loss, 6.72
loss, 6.72
loss, 6.72
loss, 6.72
loss, 6.72
loss, 6.72
loss, 6.72
loss, 6.72
loss, 6.72
loss, 6.72
loss, 6.72
loss, 6.72
loss, 6.72
loss, 6.71
loss, 6.71
loss, 6.71
loss, 6.71
loss, 6.71
loss, 6.71
loss, 6.71
loss, 6.71
loss, 6.71
loss, 6.71
loss, 6.71
loss, 6.71
loss, 6.71
loss, 6.71
loss, 6.71
loss, 6.71
loss, 6.71
loss, 6.71
loss, 6.71
loss, 6.71
loss, 6.71
loss, 6.71
loss, 6.71
loss, 6.70
loss, 6.70
loss, 6.70
loss, 6.70
loss, 6.70
loss, 6.70
loss, 6.70
loss, 6.70
loss, 6.70
loss, 6.70
loss, 6.70
loss, 6.70
loss, 6.70
loss, 6.70
loss, 6.70
loss, 6.70
loss, 6.70
loss, 6.70
loss, 6.70
loss, 6.70
loss, 6.70
loss, 6.70
loss, 6.70
loss, 6.69
loss, 6.69
loss, 6.69
loss, 6.69
loss, 6.69
loss, 6.69
loss, 6.69
loss, 6.69
loss, 6.69
loss, 6.69
loss, 6.69
loss, 6.69
loss, 6.69
loss, 6.69
loss, 6.69
loss, 6.69
loss, 6.69
loss, 6.69
loss, 6.69
loss, 6.69
loss, 6.69
loss, 6.69
loss, 6.69
loss, 6.69
loss, 6.69
loss, 6.69
loss, 6.69
loss, 6.69
loss, 6.69
loss, 6.68
loss, 6.68
loss, 6.68
loss, 6.68
loss, 6.68
loss, 6.68
loss, 6.68
loss, 6.68
loss, 6.68
loss, 6.68
loss, 6.68
loss, 6.68
loss, 6.68
loss, 6.68
loss, 6.68
loss, 6.68
loss, 6.68
loss, 6.68
loss, 6.68
loss, 6.68
loss, 6.67
loss, 6.67
loss, 6.67
loss, 6.67
loss, 6.67
loss, 6.67
loss, 6.67
loss, 6.67
loss, 6.67
loss, 6.67
loss, 6.67
loss, 6.67
loss, 6.67
loss, 6.67
loss, 6.67
loss, 6.67
loss, 6.67
loss, 6.67
loss, 6.67
loss, 6.67
loss, 6.67
loss, 6.67
loss, 6.67
loss, 6.66
loss, 6.66
loss, 6.66
loss, 6.66
loss, 6.66
loss, 6.66
loss, 6.66
loss, 6.66
loss, 6.66
loss, 6.66
loss, 6.66
loss, 6.66
loss, 6.66
loss, 6.66
loss, 6.66
loss, 6.66
loss, 6.65
loss, 6.65
loss, 6.65
loss, 6.65
loss, 6.65
loss, 6.65
loss, 6.65
loss, 6.65
loss, 6.65
loss, 6.65
loss, 6.65
loss, 6.65
loss, 6.65
loss, 6.65
loss, 6.65
loss, 6.65
loss, 6.65
loss, 6.65
loss, 6.65
loss, 6.65
loss, 6.65
loss, 6.65
loss, 6.65
loss, 6.64
loss, 6.64
loss, 6.64
loss, 6.64
loss, 6.64
loss, 6.64
loss, 6.64
loss, 6.64
loss, 6.64
loss, 6.64
loss, 6.64
loss, 6.64
loss, 6.64
loss, 6.64
loss, 6.64
loss, 6.64
loss, 6.64
loss, 6.64
loss, 6.64
loss, 6.64
loss, 6.63
loss, 6.63
loss, 6.63
loss, 6.63
loss, 6.63
loss, 6.63
loss, 6.63
loss, 6.63
loss, 6.63
loss, 6.63
loss, 6.63
loss, 6.63
loss, 6.63
loss, 6.63
loss, 6.63
loss, 6.63
loss, 6.63
loss, 6.63
loss, 6.63
loss, 6.63
loss, 6.63
loss, 6.63
loss, 6.63
loss, 6.63
loss, 6.63
loss, 6.63
loss, 6.63
loss, 6.63
loss, 6.63
loss, 6.62
loss, 6.62
loss, 6.62
loss, 6.62
loss, 6.62
loss, 6.62
loss, 6.62
loss, 6.62
loss, 6.62
loss, 6.62
loss, 6.62
loss, 6.62
loss, 6.62
loss, 6.62
loss, 6.62
loss, 6.62
loss, 6.62
loss, 6.62
loss, 6.62
loss, 6.62
loss, 6.62
loss, 6.62
loss, 6.62
loss, 6.62
loss, 6.62
loss, 6.62
loss, 6.62
loss, 6.62
loss, 6.62
loss, 6.62
loss, 6.61
loss, 6.61
loss, 6.61
loss, 6.61
loss, 6.61
loss, 6.61
loss, 6.61
loss, 6.61
loss, 6.61
loss, 6.61
loss, 6.61
loss, 6.61
loss, 6.61
loss, 6.61
loss, 6.61
loss, 6.61
loss, 6.61
loss, 6.61
loss, 6.61
loss, 6.61
loss, 6.61
loss, 6.61
loss, 6.61
loss, 6.60
loss, 6.60
loss, 6.60
loss, 6.60
loss, 6.60
loss, 6.60
loss, 6.60
loss, 6.60
loss, 6.60
loss, 6.60
loss, 6.60
loss, 6.60
loss, 6.60
loss, 6.60
loss, 6.60
loss, 6.60
loss, 6.60
loss, 6.60
loss, 6.60
loss, 6.59
loss, 6.59
loss, 6.59
loss, 6.59
loss, 6.59
loss, 6.59
loss, 6.59
loss, 6.59
loss, 6.59
loss, 6.59
loss, 6.59
loss, 6.59
loss, 6.59
loss, 6.59
loss, 6.59
loss, 6.59
loss, 6.59
loss, 6.59
loss, 6.59
loss, 6.59
loss, 6.58
loss, 6.58
loss, 6.58
loss, 6.58
loss, 6.58
loss, 6.58
loss, 6.58
loss, 6.58
loss, 6.58
loss, 6.58
loss, 6.58
loss, 6.58
loss, 6.58
loss, 6.58
loss, 6.58
loss, 6.57
loss, 6.57
loss, 6.57
loss, 6.57
loss, 6.57
loss, 6.57
loss, 6.57
loss, 6.57
loss, 6.57
loss, 6.57
loss, 6.57
loss, 6.57
loss, 6.57
loss, 6.57
loss, 6.57
loss, 6.57
loss, 6.57
loss, 6.57
loss, 6.57
loss, 6.57
loss, 6.57
loss, 6.57
loss, 6.56
loss, 6.56
loss, 6.56
loss, 6.56
loss, 6.56
loss, 6.56
loss, 6.56
loss, 6.56
loss, 6.56
loss, 6.56
loss, 6.56
loss, 6.56
loss, 6.56
loss, 6.56
loss, 6.56
loss, 6.56
loss, 6.56
loss, 6.56
loss, 6.56
loss, 6.56
loss, 6.56
loss, 6.56
loss, 6.55
loss, 6.55
loss, 6.55
loss, 6.55
loss, 6.55
loss, 6.55
loss, 6.55
loss, 6.55
loss, 6.55
loss, 6.55
loss, 6.55
loss, 6.55
loss, 6.55
loss, 6.55
loss, 6.55
loss, 6.55
loss, 6.55
loss, 6.55
loss, 6.55
loss, 6.54
loss, 6.54
loss, 6.54
loss, 6.54
loss, 6.54
loss, 6.54
loss, 6.54
loss, 6.54
loss, 6.54
loss, 6.54
loss, 6.54
loss, 6.54
loss, 6.54
loss, 6.54
loss, 6.54
loss, 6.54
loss, 6.54
loss, 6.54
loss, 6.54
loss, 6.54
loss, 6.54
loss, 6.54
loss, 6.54
loss, 6.53
loss, 6.53
loss, 6.53
loss, 6.53
loss, 6.53
loss, 6.53
loss, 6.53
loss, 6.53
loss, 6.53
loss, 6.53
loss, 6.53
loss, 6.53
loss, 6.53
loss, 6.53
loss, 6.53
loss, 6.53
loss, 6.53
loss, 6.53
loss, 6.53
loss, 6.53
loss, 6.53
loss, 6.53
loss, 6.52
loss, 6.52
loss, 6.52
loss, 6.52
loss, 6.52
loss, 6.52
loss, 6.52
loss, 6.52
loss, 6.52
loss, 6.52
loss, 6.52
loss, 6.52
loss, 6.52
loss, 6.52
loss, 6.52
loss, 6.52
loss, 6.52
loss, 6.52
loss, 6.51
loss, 6.51
loss, 6.51
loss, 6.51
loss, 6.51
loss, 6.51
loss, 6.51
loss, 6.51
loss, 6.51
loss, 6.51
loss, 6.51
loss, 6.51
loss, 6.51
loss, 6.51
loss, 6.51
loss, 6.51
loss, 6.51
loss, 6.51
loss, 6.50
loss, 6.50
loss, 6.50
loss, 6.50
loss, 6.50
loss, 6.50
loss, 6.50
loss, 6.50
loss, 6.50
loss, 6.50
loss, 6.50
loss, 6.50
loss, 6.50
loss, 6.50
loss, 6.50
loss, 6.50
loss, 6.50
loss, 6.50
loss, 6.50
loss, 6.50
loss, 6.49
loss, 6.49
loss, 6.49
loss, 6.49
loss, 6.49
loss, 6.49
loss, 6.49
loss, 6.49
loss, 6.49
loss, 6.49
loss, 6.49
loss, 6.49
loss, 6.49
loss, 6.49
loss, 6.49
loss, 6.49
loss, 6.49
loss, 6.49
loss, 6.49
loss, 6.49
loss, 6.49
loss, 6.48
loss, 6.48
loss, 6.48
loss, 6.48
loss, 6.48
loss, 6.48
loss, 6.48
loss, 6.48
loss, 6.48
loss, 6.48
loss, 6.48
loss, 6.48
loss, 6.48
loss, 6.48
loss, 6.48
loss, 6.48
loss, 6.48
loss, 6.48
loss, 6.48
loss, 6.47
loss, 6.47
loss, 6.47
loss, 6.47
loss, 6.47
loss, 6.47
loss, 6.47
loss, 6.47
loss, 6.47
loss, 6.47
loss, 6.47
loss, 6.47
loss, 6.47
loss, 6.47
loss, 6.47
loss, 6.47
loss, 6.47
loss, 6.47
loss, 6.47
loss, 6.47
loss, 6.47
loss, 6.47
loss, 6.46
loss, 6.46
loss, 6.46
loss, 6.46
loss, 6.46
loss, 6.46
loss, 6.46
loss, 6.46
loss, 6.46
loss, 6.46
loss, 6.46
loss, 6.46
loss, 6.46
loss, 6.46
loss, 6.46
loss, 6.46
loss, 6.46
loss, 6.46
loss, 6.46
loss, 6.46
loss, 6.45
loss, 6.45
loss, 6.45
loss, 6.45
loss, 6.45
loss, 6.45
loss, 6.45
loss, 6.45
loss, 6.45
loss, 6.45
loss, 6.45
loss, 6.45
loss, 6.45
loss, 6.45
loss, 6.45
loss, 6.45
loss, 6.45
loss, 6.45
loss, 6.45
loss, 6.45
loss, 6.45
loss, 6.45
loss, 6.45
loss, 6.44
loss, 6.44
loss, 6.44
loss, 6.44
loss, 6.44
loss, 6.44
loss, 6.44
loss, 6.44
loss, 6.44
loss, 6.44
loss, 6.44
loss, 6.44
loss, 6.44
loss, 6.44
loss, 6.44
loss, 6.44
loss, 6.44
loss, 6.44
loss, 6.44
loss, 6.44
loss, 6.44
loss, 6.44
loss, 6.43
loss, 6.43
loss, 6.43
loss, 6.43
loss, 6.43
loss, 6.43
loss, 6.43
loss, 6.43
loss, 6.43
loss, 6.43
loss, 6.43
loss, 6.43
loss, 6.43
loss, 6.43
loss, 6.43
loss, 6.43
loss, 6.42
loss, 6.42
loss, 6.42
loss, 6.42
loss, 6.42
loss, 6.42
loss, 6.42
loss, 6.42
loss, 6.42
loss, 6.42
loss, 6.42
loss, 6.42
loss, 6.42
loss, 6.42
loss, 6.42
loss, 6.42
loss, 6.42
loss, 6.42
loss, 6.42
loss, 6.42
loss, 6.42
loss, 6.42
loss, 6.42
loss, 6.42
loss, 6.42
loss, 6.42
loss, 6.42
loss, 6.41
loss, 6.41
loss, 6.41
loss, 6.41
loss, 6.41
loss, 6.41
loss, 6.41
loss, 6.41
loss, 6.41
loss, 6.41
loss, 6.41
loss, 6.41
loss, 6.41
loss, 6.41
loss, 6.41
loss, 6.41
loss, 6.41
loss, 6.41
loss, 6.41
loss, 6.40
loss, 6.40
loss, 6.40
loss, 6.40
loss, 6.40
loss, 6.40
loss, 6.40
loss, 6.40
loss, 6.40
loss, 6.40
loss, 6.40
loss, 6.40
loss, 6.40
loss, 6.40
loss, 6.40
loss, 6.40
loss, 6.40
loss, 6.40
loss, 6.40
loss, 6.39
loss, 6.39
loss, 6.39
loss, 6.39
loss, 6.39
loss, 6.39
loss, 6.39
loss, 6.39
loss, 6.39
loss, 6.39
loss, 6.39
loss, 6.39
loss, 6.39
loss, 6.39
loss, 6.39
loss, 6.39
loss, 6.39
loss, 6.38
loss, 6.38
loss, 6.38
loss, 6.38
loss, 6.38
loss, 6.38
loss, 6.38
loss, 6.38
loss, 6.38
loss, 6.38
loss, 6.38
loss, 6.38
loss, 6.38
loss, 6.38
loss, 6.38
loss, 6.38
loss, 6.38
loss, 6.38
loss, 6.38
loss, 6.37
loss, 6.37
loss, 6.37
loss, 6.37
loss, 6.37
loss, 6.37
loss, 6.37
loss, 6.37
loss, 6.37
loss, 6.37
loss, 6.37
loss, 6.37
loss, 6.37
loss, 6.37
loss, 6.37
loss, 6.37
loss, 6.37
loss, 6.37
loss, 6.37
loss, 6.37
loss, 6.37
loss, 6.37
loss, 6.36
loss, 6.36
loss, 6.36
loss, 6.36
loss, 6.36
loss, 6.36
loss, 6.36
loss, 6.36
loss, 6.36
loss, 6.36
loss, 6.36
loss, 6.36
loss, 6.36
loss, 6.36
loss, 6.36
loss, 6.36
loss, 6.36
loss, 6.36
loss, 6.35
loss, 6.35
loss, 6.35
loss, 6.35
loss, 6.35
loss, 6.35
loss, 6.35
loss, 6.35
loss, 6.35
loss, 6.35
loss, 6.35
loss, 6.35
loss, 6.35
loss, 6.35
loss, 6.35
loss, 6.35
loss, 6.35
loss, 6.35
loss, 6.34
loss, 6.34
loss, 6.34
loss, 6.34
loss, 6.34
loss, 6.34
loss, 6.34
loss, 6.34
loss, 6.34
loss, 6.34
loss, 6.34
loss, 6.34
loss, 6.34
loss, 6.34
loss, 6.34
loss, 6.34
loss, 6.34
loss, 6.34
loss, 6.34
loss, 6.34
loss, 6.34
loss, 6.34
loss, 6.34
loss, 6.34
loss, 6.33
loss, 6.33
loss, 6.33
loss, 6.33
loss, 6.33
loss, 6.33
loss, 6.33
loss, 6.33
loss, 6.33
loss, 6.33
loss, 6.33
loss, 6.33
loss, 6.33
loss, 6.33
loss, 6.33
loss, 6.32
loss, 6.32
loss, 6.32
loss, 6.32
loss, 6.32
loss, 6.32
loss, 6.32
loss, 6.32
loss, 6.32
loss, 6.32
loss, 6.32
loss, 6.32
loss, 6.32
loss, 6.32
loss, 6.32
loss, 6.32
loss, 6.32
loss, 6.32
loss, 6.32
loss, 6.32
loss, 6.32
loss, 6.32
loss, 6.31
loss, 6.31
loss, 6.31
loss, 6.31
loss, 6.31
loss, 6.31
loss, 6.31
loss, 6.31
loss, 6.31
loss, 6.31
loss, 6.31
loss, 6.31
loss, 6.31
loss, 6.31
loss, 6.31
loss, 6.31
loss, 6.31
loss, 6.31
loss, 6.31
loss, 6.31
loss, 6.31
loss, 6.30
loss, 6.30
loss, 6.30
loss, 6.30
loss, 6.30
loss, 6.30
loss, 6.30
loss, 6.30
loss, 6.30
loss, 6.30
loss, 6.30
loss, 6.30
loss, 6.30
loss, 6.30
loss, 6.30
loss, 6.30
loss, 6.30
loss, 6.30
loss, 6.30
loss, 6.30
loss, 6.30
loss, 6.29
loss, 6.29
loss, 6.29
loss, 6.29
loss, 6.29
loss, 6.29
loss, 6.29
loss, 6.29
loss, 6.29
loss, 6.29
loss, 6.29
loss, 6.29
loss, 6.29
loss, 6.29
loss, 6.29
loss, 6.29
loss, 6.29
loss, 6.29
loss, 6.29
loss, 6.28
loss, 6.28
loss, 6.28
loss, 6.28
loss, 6.28
loss, 6.28
loss, 6.28
loss, 6.28
loss, 6.28
loss, 6.28
loss, 6.28
loss, 6.28
loss, 6.28
loss, 6.28
loss, 6.28
loss, 6.28
loss, 6.28
loss, 6.28
loss, 6.28
loss, 6.28
loss, 6.28
loss, 6.28
loss, 6.28
loss, 6.27
loss, 6.27
loss, 6.27
loss, 6.27
loss, 6.27
loss, 6.27
loss, 6.27
loss, 6.27
loss, 6.27
loss, 6.27
loss, 6.27
loss, 6.27
loss, 6.27
loss, 6.27
loss, 6.27
loss, 6.27
loss, 6.27
loss, 6.27
loss, 6.27
loss, 6.26
loss, 6.26
loss, 6.26
loss, 6.26
loss, 6.26
loss, 6.26
loss, 6.26
loss, 6.26
loss, 6.26
loss, 6.26
loss, 6.26
loss, 6.26
loss, 6.26
loss, 6.26
loss, 6.26
loss, 6.26
loss, 6.26
loss, 6.26
loss, 6.26
loss, 6.25
loss, 6.25
loss, 6.25
loss, 6.25
loss, 6.25
loss, 6.25
loss, 6.25
loss, 6.25
loss, 6.25
loss, 6.25
loss, 6.25
loss, 6.25
loss, 6.25
loss, 6.25
loss, 6.25
loss, 6.25
loss, 6.25
loss, 6.25
loss, 6.25
loss, 6.24
loss, 6.24
loss, 6.24
loss, 6.24
loss, 6.24
loss, 6.24
loss, 6.24
loss, 6.24
loss, 6.24
loss, 6.24
loss, 6.24
loss, 6.24
loss, 6.24
loss, 6.24
loss, 6.24
loss, 6.24
loss, 6.24
loss, 6.24
loss, 6.24
loss, 6.24
loss, 6.24
loss, 6.23
loss, 6.23
loss, 6.23
loss, 6.23
loss, 6.23
loss, 6.23
loss, 6.23
loss, 6.23
loss, 6.23
loss, 6.23
loss, 6.23
loss, 6.23
loss, 6.23
loss, 6.23
loss, 6.23
loss, 6.23
loss, 6.23
loss, 6.23
loss, 6.23
loss, 6.22
loss, 6.22
loss, 6.22
loss, 6.22
loss, 6.22
loss, 6.22
loss, 6.22
loss, 6.22
loss, 6.22
loss, 6.22
loss, 6.22
loss, 6.22
loss, 6.22
loss, 6.22
loss, 6.22
loss, 6.22
loss, 6.22
loss, 6.22
loss, 6.22
loss, 6.22
loss, 6.22
loss, 6.21
loss, 6.21
loss, 6.21
loss, 6.21
loss, 6.21
loss, 6.21
loss, 6.21
loss, 6.21
loss, 6.21
loss, 6.21
loss, 6.21
loss, 6.21
loss, 6.21
loss, 6.21
loss, 6.21
loss, 6.21
loss, 6.21
loss, 6.21
loss, 6.21
loss, 6.21
loss, 6.21
loss, 6.21
loss, 6.20
loss, 6.20
loss, 6.20
loss, 6.20
loss, 6.20
loss, 6.20
loss, 6.20
loss, 6.20
loss, 6.20
loss, 6.20
loss, 6.20
loss, 6.20
loss, 6.20
loss, 6.20
loss, 6.20
loss, 6.20
loss, 6.20
loss, 6.20
loss, 6.19
loss, 6.19
loss, 6.19
loss, 6.19
loss, 6.19
loss, 6.19
loss, 6.19
loss, 6.19
loss, 6.19
loss, 6.19
loss, 6.19
loss, 6.19
loss, 6.19
loss, 6.19
loss, 6.19
loss, 6.19
loss, 6.19
loss, 6.19
loss, 6.19
loss, 6.19
loss, 6.19
loss, 6.19
loss, 6.19
loss, 6.19
loss, 6.18
loss, 6.18
loss, 6.18
loss, 6.18
loss, 6.18
loss, 6.18
loss, 6.18
loss, 6.18
loss, 6.18
loss, 6.18
loss, 6.18
loss, 6.18
loss, 6.18
loss, 6.18
loss, 6.18
loss, 6.18
loss, 6.18
loss, 6.18
loss, 6.18
loss, 6.17
loss, 6.17
loss, 6.17
loss, 6.17
loss, 6.17
loss, 6.17
loss, 6.17
loss, 6.17
loss, 6.17
loss, 6.17
loss, 6.17
loss, 6.17
loss, 6.17
loss, 6.17
loss, 6.17
loss, 6.17
loss, 6.17
loss, 6.17
loss, 6.16
loss, 6.16
loss, 6.16
loss, 6.16
loss, 6.16
loss, 6.16
loss, 6.16
loss, 6.16
loss, 6.16
loss, 6.16
loss, 6.16
loss, 6.16
loss, 6.16
loss, 6.16
loss, 6.16
loss, 6.16
loss, 6.16
loss, 6.16
loss, 6.16
loss, 6.16
loss, 6.16
loss, 6.16
loss, 6.16
loss, 6.16
loss, 6.16
loss, 6.15
loss, 6.15
loss, 6.15
loss, 6.15
loss, 6.15
loss, 6.15
loss, 6.15
loss, 6.15
loss, 6.15
loss, 6.15
loss, 6.15
loss, 6.15
loss, 6.15
loss, 6.15
loss, 6.15
loss, 6.15
loss, 6.15
loss, 6.15
loss, 6.15
loss, 6.15
loss, 6.15
loss, 6.14
loss, 6.14
loss, 6.14
loss, 6.14
loss, 6.14
loss, 6.14
loss, 6.14
loss, 6.14
loss, 6.14
loss, 6.14
loss, 6.14
loss, 6.14
loss, 6.14
loss, 6.14
loss, 6.14
loss, 6.14
loss, 6.14
loss, 6.14
loss, 6.14
loss, 6.14
loss, 6.14
loss, 6.13
loss, 6.13
loss, 6.13
loss, 6.13
loss, 6.13
loss, 6.13
loss, 6.13
loss, 6.13
loss, 6.13
loss, 6.13
loss, 6.13
loss, 6.13
loss, 6.13
loss, 6.13
loss, 6.13
loss, 6.13
loss, 6.13
loss, 6.13
loss, 6.13
loss, 6.13
loss, 6.13
loss, 6.13
loss, 6.13
loss, 6.13
loss, 6.13
loss, 6.13
loss, 6.12
loss, 6.12
loss, 6.12
loss, 6.12
loss, 6.12
loss, 6.12
loss, 6.12
loss, 6.12
loss, 6.12
loss, 6.12
loss, 6.12
loss, 6.12
loss, 6.12
loss, 6.12
loss, 6.12
loss, 6.12
loss, 6.12
loss, 6.12
loss, 6.12
loss, 6.12
loss, 6.12
loss, 6.12
loss, 6.12
loss, 6.12
loss, 6.11
loss, 6.11
loss, 6.11
loss, 6.11
loss, 6.11
loss, 6.11
loss, 6.11
loss, 6.11
loss, 6.11
loss, 6.11
loss, 6.11
loss, 6.11
loss, 6.11
loss, 6.11
loss, 6.11
loss, 6.11
loss, 6.11
loss, 6.11
loss, 6.11
loss, 6.11
loss, 6.11
loss, 6.11
loss, 6.11
loss, 6.11
loss, 6.10
loss, 6.10
loss, 6.10
loss, 6.10
loss, 6.10
loss, 6.10
loss, 6.10
loss, 6.10
loss, 6.10
loss, 6.10
loss, 6.10
loss, 6.10
loss, 6.10
loss, 6.10
loss, 6.10
loss, 6.10
loss, 6.10
loss, 6.10
loss, 6.10
loss, 6.10
loss, 6.10
loss, 6.10
loss, 6.10
loss, 6.10
loss, 6.09
loss, 6.09
loss, 6.09
loss, 6.09
loss, 6.09
loss, 6.09
loss, 6.09
loss, 6.09
loss, 6.09
loss, 6.09
loss, 6.09
loss, 6.09
loss, 6.09
loss, 6.09
loss, 6.09
loss, 6.09
loss, 6.09
loss, 6.09
loss, 6.09
loss, 6.09
loss, 6.09
loss, 6.09
loss, 6.09
loss, 6.09
loss, 6.08
loss, 6.08
loss, 6.08
loss, 6.08
loss, 6.08
loss, 6.08
loss, 6.08
loss, 6.08
loss, 6.08
loss, 6.08
loss, 6.08
loss, 6.08
loss, 6.08
loss, 6.08
loss, 6.08
loss, 6.08
loss, 6.08
loss, 6.08
loss, 6.08
loss, 6.08
loss, 6.08
loss, 6.08
loss, 6.08
loss, 6.07
loss, 6.07
loss, 6.07
loss, 6.07
loss, 6.07
loss, 6.07
loss, 6.07
loss, 6.07
loss, 6.07
loss, 6.07
loss, 6.07
loss, 6.07
loss, 6.07
loss, 6.07
loss, 6.07
loss, 6.07
loss, 6.07
loss, 6.07
loss, 6.07
loss, 6.07
loss, 6.07
loss, 6.07
loss, 6.06
loss, 6.06
loss, 6.06
loss, 6.06
loss, 6.06
loss, 6.06
loss, 6.06
loss, 6.06
loss, 6.06
loss, 6.06
loss, 6.06
loss, 6.06
loss, 6.06
loss, 6.06
loss, 6.06
loss, 6.06
loss, 6.06
loss, 6.06
loss, 6.06
loss, 6.06
loss, 6.06
loss, 6.06
loss, 6.06
loss, 6.05
loss, 6.05
loss, 6.05
loss, 6.05
loss, 6.05
loss, 6.05
loss, 6.05
loss, 6.05
loss, 6.05
loss, 6.05
loss, 6.05
loss, 6.05
loss, 6.05
loss, 6.05
loss, 6.05
loss, 6.05
loss, 6.05
loss, 6.05
loss, 6.05
loss, 6.05
loss, 6.04
loss, 6.04
loss, 6.04
loss, 6.04
loss, 6.04
loss, 6.04
loss, 6.04
loss, 6.04
loss, 6.04
loss, 6.04
loss, 6.04
loss, 6.04
loss, 6.04
loss, 6.04
loss, 6.04
loss, 6.04
loss, 6.04
loss, 6.04
loss, 6.04
loss, 6.04
loss, 6.04
loss, 6.04
loss, 6.04
loss, 6.04
loss, 6.04
loss, 6.04
loss, 6.03
loss, 6.04
loss, 6.03
loss, 6.03
loss, 6.03
loss, 6.03
loss, 6.03
loss, 6.03
loss, 6.03
loss, 6.03
loss, 6.03
loss, 6.03
loss, 6.03
loss, 6.03
loss, 6.03
loss, 6.03
loss, 6.03
loss, 6.03
loss, 6.03
loss, 6.03
loss, 6.03
loss, 6.02
loss, 6.02
loss, 6.02
loss, 6.02
loss, 6.02
loss, 6.02
loss, 6.02
loss, 6.02
loss, 6.02
loss, 6.02
loss, 6.02
loss, 6.02
loss, 6.02
loss, 6.02
loss, 6.02
loss, 6.02
loss, 6.02
loss, 6.02
loss, 6.02
loss, 6.02
loss, 6.02
loss, 6.02
loss, 6.02
loss, 6.02
loss, 6.01
loss, 6.01
loss, 6.01
loss, 6.01
loss, 6.01
loss, 6.01
loss, 6.01
loss, 6.01
loss, 6.01
loss, 6.01
loss, 6.01
loss, 6.01
loss, 6.01
loss, 6.01
loss, 6.01
loss, 6.01
loss, 6.01
loss, 6.01
loss, 6.01
loss, 6.01
loss, 6.01
loss, 6.01
loss, 6.01
loss, 6.01
loss, 6.01
loss, 6.01
loss, 6.00
loss, 6.00
loss, 6.00
loss, 6.00
loss, 6.00
loss, 6.00
loss, 6.00
loss, 6.00
loss, 6.00
loss, 6.00
loss, 6.00
loss, 6.00
loss, 6.00
loss, 6.00
loss, 6.00
loss, 6.00
loss, 6.00
loss, 6.00
loss, 6.00
loss, 6.00
loss, 5.99
loss, 5.99
loss, 5.99
loss, 5.99
loss, 5.99
loss, 5.99
loss, 5.99
loss, 5.99
loss, 5.99
loss, 5.99
loss, 5.99
loss, 5.99
loss, 5.99
loss, 5.99
loss, 5.99
loss, 5.99
loss, 5.99
loss, 5.99
loss, 5.99
loss, 5.99
loss, 5.99
loss, 5.99
loss, 5.99
loss, 5.98
loss, 5.98
loss, 5.98
loss, 5.98
loss, 5.98
loss, 5.98
loss, 5.98
loss, 5.98
loss, 5.98
loss, 5.98
loss, 5.98
loss, 5.98
loss, 5.98
loss, 5.98
loss, 5.98
loss, 5.98
loss, 5.98
loss, 5.98
loss, 5.98
loss, 5.98
loss, 5.98
loss, 5.98
loss, 5.98
loss, 5.98
loss, 5.98
loss, 5.97
loss, 5.97
loss, 5.97
loss, 5.97
loss, 5.97
loss, 5.97
loss, 5.97
loss, 5.97
loss, 5.97
loss, 5.97
loss, 5.97
loss, 5.97
loss, 5.97
loss, 5.97
loss, 5.97
loss, 5.97
loss, 5.97
loss, 5.97
loss, 5.97
loss, 5.97
loss, 5.97
loss, 5.97
loss, 5.97
loss, 5.97
loss, 5.97
loss, 5.97
loss, 5.97
loss, 5.97
loss, 5.97
loss, 5.97
loss, 5.97
loss, 5.97
loss, 5.97
loss, 5.97
loss, 5.96
loss, 5.96
loss, 5.96
loss, 5.96
loss, 5.96
loss, 5.96
loss, 5.96
loss, 5.96
loss, 5.96
loss, 5.96
loss, 5.96
loss, 5.96
loss, 5.96
loss, 5.96
loss, 5.96
loss, 5.96
loss, 5.96
loss, 5.96
loss, 5.96
loss, 5.96
loss, 5.96
loss, 5.96
loss, 5.96
loss, 5.96
loss, 5.95
loss, 5.95
loss, 5.95
loss, 5.95
loss, 5.95
loss, 5.95
loss, 5.95
loss, 5.95
loss, 5.95
loss, 5.95
loss, 5.95
loss, 5.95
loss, 5.95
loss, 5.95
loss, 5.95
loss, 5.95
loss, 5.95
loss, 5.95
loss, 5.95
loss, 5.95
loss, 5.95
loss, 5.95
loss, 5.95
loss, 5.95
loss, 5.95
loss, 5.95
loss, 5.95
loss, 5.94
loss, 5.94
loss, 5.94
loss, 5.94
loss, 5.94
loss, 5.94
loss, 5.94
loss, 5.94
loss, 5.94
loss, 5.94
loss, 5.94
loss, 5.94
loss, 5.94
loss, 5.94
loss, 5.94
loss, 5.94
loss, 5.94
loss, 5.94
loss, 5.94
loss, 5.93
loss, 5.93
loss, 5.93
loss, 5.93
loss, 5.93
loss, 5.93
loss, 5.93
loss, 5.93
loss, 5.93
loss, 5.93
loss, 5.93
loss, 5.93
loss, 5.93
loss, 5.93
loss, 5.93
loss, 5.93
loss, 5.93
loss, 5.93
loss, 5.93
loss, 5.93
loss, 5.93
loss, 5.93
loss, 5.93
loss, 5.93
loss, 5.93
loss, 5.93
loss, 5.93
loss, 5.92
loss, 5.92
loss, 5.92
loss, 5.92
loss, 5.92
loss, 5.92
loss, 5.92
loss, 5.92
loss, 5.92
loss, 5.92
loss, 5.92
loss, 5.92
loss, 5.92
loss, 5.92
loss, 5.92
loss, 5.92
loss, 5.92
loss, 5.92
loss, 5.92
loss, 5.92
loss, 5.92
loss, 5.92
loss, 5.92
loss, 5.92
loss, 5.92
loss, 5.92
loss, 5.92
loss, 5.92
loss, 5.91
loss, 5.91
loss, 5.91
loss, 5.91
loss, 5.91
loss, 5.91
loss, 5.91
loss, 5.91
loss, 5.91
loss, 5.91
loss, 5.91
loss, 5.91
loss, 5.91
loss, 5.91
loss, 5.91
loss, 5.91
loss, 5.91
loss, 5.91
loss, 5.91
loss, 5.91
loss, 5.91
loss, 5.91
loss, 5.91
loss, 5.91
loss, 5.91
loss, 5.90
loss, 5.90
loss, 5.90
loss, 5.90
loss, 5.90
loss, 5.90
loss, 5.90
loss, 5.90
loss, 5.90
loss, 5.90
loss, 5.90
loss, 5.90
loss, 5.90
loss, 5.90
loss, 5.90
loss, 5.90
loss, 5.90
loss, 5.90
loss, 5.90
loss, 5.90
loss, 5.90
loss, 5.90
loss, 5.90
loss, 5.89
loss, 5.89
loss, 5.89
loss, 5.89
loss, 5.89
loss, 5.89
loss, 5.89
loss, 5.89
loss, 5.89
loss, 5.89
loss, 5.89
loss, 5.89
loss, 5.89
loss, 5.89
loss, 5.89
loss, 5.89
loss, 5.89
loss, 5.89
loss, 5.89
loss, 5.89
loss, 5.89
loss, 5.89
loss, 5.89
loss, 5.89
loss, 5.89
loss, 5.89
loss, 5.88
loss, 5.88
loss, 5.88
loss, 5.88
loss, 5.88
loss, 5.88
loss, 5.88
loss, 5.88
loss, 5.88
loss, 5.88
loss, 5.88
loss, 5.88
loss, 5.88
loss, 5.88
loss, 5.88
loss, 5.88
loss, 5.88
loss, 5.88
loss, 5.88
loss, 5.88
loss, 5.88
loss, 5.88
loss, 5.88
loss, 5.88
loss, 5.88
loss, 5.88
loss, 5.87
loss, 5.87
loss, 5.87
loss, 5.87
loss, 5.87
loss, 5.87
loss, 5.87
loss, 5.87
loss, 5.87
loss, 5.87
loss, 5.87
loss, 5.87
loss, 5.87
loss, 5.87
loss, 5.87
loss, 5.87
loss, 5.87
loss, 5.87
loss, 5.87
loss, 5.87
loss, 5.87
loss, 5.87
loss, 5.87
loss, 5.87
loss, 5.87
loss, 5.87
loss, 5.87
loss, 5.87
loss, 5.86
loss, 5.86
loss, 5.86
loss, 5.86
loss, 5.86
loss, 5.86
loss, 5.86
loss, 5.86
loss, 5.86
loss, 5.86
loss, 5.86
loss, 5.86
loss, 5.86
loss, 5.86
loss, 5.86
loss, 5.86
loss, 5.86
loss, 5.86
loss, 5.86
loss, 5.86
loss, 5.86
loss, 5.86
loss, 5.85
loss, 5.85
loss, 5.85
loss, 5.85
loss, 5.85
loss, 5.85
loss, 5.85
loss, 5.85
loss, 5.85
loss, 5.85
loss, 5.85
loss, 5.85
loss, 5.85
loss, 5.85
loss, 5.85
loss, 5.85
loss, 5.85
loss, 5.85
loss, 5.85
loss, 5.85
loss, 5.85
loss, 5.85
loss, 5.85
loss, 5.84
loss, 5.84
loss, 5.84
loss, 5.84
loss, 5.84
loss, 5.84
loss, 5.84
loss, 5.84
loss, 5.84
loss, 5.84
loss, 5.84
loss, 5.84
loss, 5.84
loss, 5.84
loss, 5.84
loss, 5.84
loss, 5.84
loss, 5.84
loss, 5.84
loss, 5.84
loss, 5.84
loss, 5.84
loss, 5.84
loss, 5.84
loss, 5.83
loss, 5.84
loss, 5.83
loss, 5.83
loss, 5.83
loss, 5.83
loss, 5.83
loss, 5.83
loss, 5.83
loss, 5.83
loss, 5.83
loss, 5.83
loss, 5.83
loss, 5.83
loss, 5.83
loss, 5.83
loss, 5.83
loss, 5.83
loss, 5.83
loss, 5.83
loss, 5.83
loss, 5.83
loss, 5.83
loss, 5.83
loss, 5.83
loss, 5.83
loss, 5.83
loss, 5.83
loss, 5.83
loss, 5.83
loss, 5.82
loss, 5.82
loss, 5.82
loss, 5.82
loss, 5.82
loss, 5.82
loss, 5.82
loss, 5.82
loss, 5.82
loss, 5.82
loss, 5.82
loss, 5.82
loss, 5.82
loss, 5.82
loss, 5.82
loss, 5.82
loss, 5.82
loss, 5.82
loss, 5.82
loss, 5.82
loss, 5.82
loss, 5.82
loss, 5.82
loss, 5.82
loss, 5.82
loss, 5.82
loss, 5.82
loss, 5.82
loss, 5.82
loss, 5.82
loss, 5.82
loss, 5.82
loss, 5.81
loss, 5.81
loss, 5.81
loss, 5.81
loss, 5.81
loss, 5.81
loss, 5.81
loss, 5.81
loss, 5.81
loss, 5.81
loss, 5.81
loss, 5.81
loss, 5.81
loss, 5.81
loss, 5.81
loss, 5.81
loss, 5.81
loss, 5.81
loss, 5.81
loss, 5.81
loss, 5.81
loss, 5.81
loss, 5.81
loss, 5.81
loss, 5.81
loss, 5.81
loss, 5.81
loss, 5.81
loss, 5.81
loss, 5.81
loss, 5.80
loss, 5.80
loss, 5.80
loss, 5.80
loss, 5.80
loss, 5.80
loss, 5.80
loss, 5.80
loss, 5.80
loss, 5.80
loss, 5.80
loss, 5.80
loss, 5.80
loss, 5.80
loss, 5.80
loss, 5.80
loss, 5.80
loss, 5.80
loss, 5.80
loss, 5.80
loss, 5.80
loss, 5.80
loss, 5.80
loss, 5.80
loss, 5.80
loss, 5.80
loss, 5.80
loss, 5.80
loss, 5.80
loss, 5.80
loss, 5.79
loss, 5.79
loss, 5.79
loss, 5.79
loss, 5.79
loss, 5.79
loss, 5.79
loss, 5.79
loss, 5.79
loss, 5.79
loss, 5.79
loss, 5.79
loss, 5.79
loss, 5.79
loss, 5.79
loss, 5.79
loss, 5.79
loss, 5.79
loss, 5.79
loss, 5.79
loss, 5.79
loss, 5.79
loss, 5.79
loss, 5.79
loss, 5.79
loss, 5.79
loss, 5.79
loss, 5.79
loss, 5.79
loss, 5.78
loss, 5.78
loss, 5.78
loss, 5.78
loss, 5.78
loss, 5.78
loss, 5.78
loss, 5.78
loss, 5.78
loss, 5.78
loss, 5.78
loss, 5.78
loss, 5.78
loss, 5.78
loss, 5.78
loss, 5.78
loss, 5.78
loss, 5.78
loss, 5.78
loss, 5.78
loss, 5.78
loss, 5.78
loss, 5.78
loss, 5.78
loss, 5.78
loss, 5.78
loss, 5.78
loss, 5.77
loss, 5.77
loss, 5.77
loss, 5.77
loss, 5.77
loss, 5.77
loss, 5.77
loss, 5.77
loss, 5.77
loss, 5.77
loss, 5.77
loss, 5.77
loss, 5.77
loss, 5.77
loss, 5.77
loss, 5.77
loss, 5.77
loss, 5.77
loss, 5.77
loss, 5.77
loss, 5.77
loss, 5.77
loss, 5.77
loss, 5.77
loss, 5.77
loss, 5.77
loss, 5.77
loss, 5.77
loss, 5.76
loss, 5.76
loss, 5.76
loss, 5.76
loss, 5.76
loss, 5.76
loss, 5.76
loss, 5.76
loss, 5.76
loss, 5.76
loss, 5.76
loss, 5.76
loss, 5.76
loss, 5.76
loss, 5.76
loss, 5.76
loss, 5.76
loss, 5.76
loss, 5.76
loss, 5.76
loss, 5.76
loss, 5.76
loss, 5.76
loss, 5.76
loss, 5.76
loss, 5.76
loss, 5.75
loss, 5.75
loss, 5.75
loss, 5.75
loss, 5.75
loss, 5.75
loss, 5.75
loss, 5.75
loss, 5.75
loss, 5.75
loss, 5.75
loss, 5.75
loss, 5.75
loss, 5.75
loss, 5.75
loss, 5.75
loss, 5.75
loss, 5.75
loss, 5.75
loss, 5.75
loss, 5.75
loss, 5.75
loss, 5.74
loss, 5.74
loss, 5.74
loss, 5.74
loss, 5.74
loss, 5.74
loss, 5.74
loss, 5.74
loss, 5.74
loss, 5.74
loss, 5.74
loss, 5.74
loss, 5.74
loss, 5.74
loss, 5.74
loss, 5.74
loss, 5.74
loss, 5.74
loss, 5.74
loss, 5.74
loss, 5.74
loss, 5.74
loss, 5.74
loss, 5.74
loss, 5.74
loss, 5.74
loss, 5.74
loss, 5.74
loss, 5.73
loss, 5.73
loss, 5.73
loss, 5.73
loss, 5.73
loss, 5.73
loss, 5.73
loss, 5.73
loss, 5.73
loss, 5.73
loss, 5.73
loss, 5.73
loss, 5.73
loss, 5.73
loss, 5.73
loss, 5.73
loss, 5.73
loss, 5.73
loss, 5.73
loss, 5.73
loss, 5.73
loss, 5.73
loss, 5.73
loss, 5.73
loss, 5.73
loss, 5.73
loss, 5.73
loss, 5.72
loss, 5.72
loss, 5.72
loss, 5.72
loss, 5.72
loss, 5.72
loss, 5.72
loss, 5.72
loss, 5.72
loss, 5.72
loss, 5.72
loss, 5.72
loss, 5.72
loss, 5.72
loss, 5.72
loss, 5.72
loss, 5.72
loss, 5.72
loss, 5.72
loss, 5.72
loss, 5.72
loss, 5.72
loss, 5.72
loss, 5.72
loss, 5.72
loss, 5.72
loss, 5.72
loss, 5.71
loss, 5.71
loss, 5.71
loss, 5.71
loss, 5.71
loss, 5.71
loss, 5.71
loss, 5.71
loss, 5.71
loss, 5.71
loss, 5.71
loss, 5.71
loss, 5.71
loss, 5.71
loss, 5.71
loss, 5.71
loss, 5.71
loss, 5.71
loss, 5.71
loss, 5.71
loss, 5.71
loss, 5.71
loss, 5.71
loss, 5.71
loss, 5.71
loss, 5.71
loss, 5.71
loss, 5.71
loss, 5.71
loss, 5.71
loss, 5.71
loss, 5.71
loss, 5.70
loss, 5.70
loss, 5.70
loss, 5.70
loss, 5.70
loss, 5.70
loss, 5.70
loss, 5.70
loss, 5.70
loss, 5.70
loss, 5.70
loss, 5.70
loss, 5.70
loss, 5.70
loss, 5.70
loss, 5.70
loss, 5.70
loss, 5.70
loss, 5.70
loss, 5.70
loss, 5.70
loss, 5.70
loss, 5.70
loss, 5.70
loss, 5.70
loss, 5.70
loss, 5.70
loss, 5.70
loss, 5.70
loss, 5.69
loss, 5.69
loss, 5.69
loss, 5.69
loss, 5.69
loss, 5.69
loss, 5.69
loss, 5.69
loss, 5.69
loss, 5.69
loss, 5.69
loss, 5.69
loss, 5.69
loss, 5.69
loss, 5.69
loss, 5.69
loss, 5.69
loss, 5.69
loss, 5.69
loss, 5.69
loss, 5.69
loss, 5.69
loss, 5.69
loss, 5.69
loss, 5.69
loss, 5.69
loss, 5.69
loss, 5.69
loss, 5.69
loss, 5.68
loss, 5.68
loss, 5.68
loss, 5.68
loss, 5.68
loss, 5.68
loss, 5.68
loss, 5.68
loss, 5.68
loss, 5.68
loss, 5.68
loss, 5.68
loss, 5.68
loss, 5.68
loss, 5.68
loss, 5.68
loss, 5.68
loss, 5.68
loss, 5.68
loss, 5.68
loss, 5.68
loss, 5.68
loss, 5.68
loss, 5.68
loss, 5.68
loss, 5.68
loss, 5.68
loss, 5.68
loss, 5.68
loss, 5.68
loss, 5.68
loss, 5.67
loss, 5.67
loss, 5.67
loss, 5.67
loss, 5.67
loss, 5.67
loss, 5.67
loss, 5.67
loss, 5.67
loss, 5.67
loss, 5.67
loss, 5.67
loss, 5.67
loss, 5.67
loss, 5.67
loss, 5.67
loss, 5.67
loss, 5.67
loss, 5.67
loss, 5.67
loss, 5.67
loss, 5.67
loss, 5.67
loss, 5.67
loss, 5.67
loss, 5.67
loss, 5.67
loss, 5.67
loss, 5.67
loss, 5.67
loss, 5.67
loss, 5.67
loss, 5.67
loss, 5.67
loss, 5.66
loss, 5.66
loss, 5.66
loss, 5.66
loss, 5.66
loss, 5.66
loss, 5.66
loss, 5.66
loss, 5.66
loss, 5.66
loss, 5.66
loss, 5.66
loss, 5.66
loss, 5.66
loss, 5.66
loss, 5.66
loss, 5.66
loss, 5.66
loss, 5.66
loss, 5.66
loss, 5.66
loss, 5.66
loss, 5.66
loss, 5.66
loss, 5.66
loss, 5.66
loss, 5.66
loss, 5.66
loss, 5.66
loss, 5.65
loss, 5.65
loss, 5.65
loss, 5.65
loss, 5.65
loss, 5.65
loss, 5.65
loss, 5.65
loss, 5.65
loss, 5.65
loss, 5.65
loss, 5.65
loss, 5.65
loss, 5.65
loss, 5.65
loss, 5.65
loss, 5.65
loss, 5.65
loss, 5.65
loss, 5.65
loss, 5.65
loss, 5.65
loss, 5.65
loss, 5.65
loss, 5.65
loss, 5.65
loss, 5.65
loss, 5.65
loss, 5.65
loss, 5.65
loss, 5.65
loss, 5.65
loss, 5.64
loss, 5.64
loss, 5.64
loss, 5.64
loss, 5.64
loss, 5.64
loss, 5.64
loss, 5.64
loss, 5.64
loss, 5.64
loss, 5.64
loss, 5.64
loss, 5.64
loss, 5.64
loss, 5.64
loss, 5.64
loss, 5.64
loss, 5.64
loss, 5.64
loss, 5.64
loss, 5.64
loss, 5.64
loss, 5.64
loss, 5.64
loss, 5.64
loss, 5.64
loss, 5.64
loss, 5.64
loss, 5.64
loss, 5.63
loss, 5.63
loss, 5.63
loss, 5.63
loss, 5.63
loss, 5.63
loss, 5.63
loss, 5.63
loss, 5.63
loss, 5.63
loss, 5.63
loss, 5.63
loss, 5.63
loss, 5.63
loss, 5.63
loss, 5.63
loss, 5.63
loss, 5.63
loss, 5.63
loss, 5.63
loss, 5.63
loss, 5.63
loss, 5.63
loss, 5.63
loss, 5.63
loss, 5.63
loss, 5.63
loss, 5.63
loss, 5.63
loss, 5.63
loss, 5.62
loss, 5.62
loss, 5.62
loss, 5.62
loss, 5.62
loss, 5.62
loss, 5.62
loss, 5.62
loss, 5.62
loss, 5.62
loss, 5.62
loss, 5.62
loss, 5.62
loss, 5.62
loss, 5.62
loss, 5.62
loss, 5.62
loss, 5.62
loss, 5.62
loss, 5.62
loss, 5.62
loss, 5.62
loss, 5.62
loss, 5.62
loss, 5.62
loss, 5.62
loss, 5.62
loss, 5.62
loss, 5.62
loss, 5.62
loss, 5.62
loss, 5.62
loss, 5.62
loss, 5.62
loss, 5.61
loss, 5.61
loss, 5.61
loss, 5.61
loss, 5.61
loss, 5.61
loss, 5.61
loss, 5.61
loss, 5.61
loss, 5.61
loss, 5.61
loss, 5.61
loss, 5.61
loss, 5.61
loss, 5.61
loss, 5.61
loss, 5.61
loss, 5.61
loss, 5.61
loss, 5.61
loss, 5.61
loss, 5.61
loss, 5.61
loss, 5.61
loss, 5.61
loss, 5.61
loss, 5.61
loss, 5.61
loss, 5.61
loss, 5.61
loss, 5.61
loss, 5.61
loss, 5.61
loss, 5.61
loss, 5.61
loss, 5.61
loss, 5.61
loss, 5.61
loss, 5.61
loss, 5.60
loss, 5.60
loss, 5.60
loss, 5.60
loss, 5.60
loss, 5.60
loss, 5.60
loss, 5.60
loss, 5.60
loss, 5.60
loss, 5.60
loss, 5.60
loss, 5.60
loss, 5.60
loss, 5.60
loss, 5.60
loss, 5.60
loss, 5.60
loss, 5.60
loss, 5.60
loss, 5.60
loss, 5.60
loss, 5.60
loss, 5.60
loss, 5.60
loss, 5.60
loss, 5.60
loss, 5.60
loss, 5.60
loss, 5.60
loss, 5.60
loss, 5.60
loss, 5.59
loss, 5.59
loss, 5.59
loss, 5.59
loss, 5.59
loss, 5.59
loss, 5.59
loss, 5.59
loss, 5.59
loss, 5.59
loss, 5.59
loss, 5.59
loss, 5.59
loss, 5.59
loss, 5.59
loss, 5.59
loss, 5.59
loss, 5.59
loss, 5.59
loss, 5.59
loss, 5.59
loss, 5.59
loss, 5.59
loss, 5.59
loss, 5.59
loss, 5.59
loss, 5.59
loss, 5.59
loss, 5.59
loss, 5.59
loss, 5.59
loss, 5.59
loss, 5.59
loss, 5.59
loss, 5.59
loss, 5.59
loss, 5.59
loss, 5.59
loss, 5.59
loss, 5.58
loss, 5.58
loss, 5.58
loss, 5.58
loss, 5.58
loss, 5.58
loss, 5.58
loss, 5.58
loss, 5.58
loss, 5.58
loss, 5.58
loss, 5.58
loss, 5.58
loss, 5.58
loss, 5.58
loss, 5.58
loss, 5.58
loss, 5.58
loss, 5.58
loss, 5.58
loss, 5.58
loss, 5.58
loss, 5.58
loss, 5.58
loss, 5.58
loss, 5.58
loss, 5.58
loss, 5.58
loss, 5.58
loss, 5.57
loss, 5.58
loss, 5.57
loss, 5.57
loss, 5.57
loss, 5.57
loss, 5.57
loss, 5.57
loss, 5.57
loss, 5.57
loss, 5.57
loss, 5.57
loss, 5.57
loss, 5.57
loss, 5.57
loss, 5.57
loss, 5.57
loss, 5.57
loss, 5.57
loss, 5.57
loss, 5.57
loss, 5.57
loss, 5.57
loss, 5.57
loss, 5.57
loss, 5.57
loss, 5.57
loss, 5.57
loss, 5.57
loss, 5.57
loss, 5.57
loss, 5.56
loss, 5.56
loss, 5.56
loss, 5.56
loss, 5.56
loss, 5.56
loss, 5.56
loss, 5.56
loss, 5.56
loss, 5.56
loss, 5.56
loss, 5.56
loss, 5.56
loss, 5.56
loss, 5.56
loss, 5.56
loss, 5.56
loss, 5.56
loss, 5.56
loss, 5.56
loss, 5.56
loss, 5.56
loss, 5.56
loss, 5.56
loss, 5.56
loss, 5.56
loss, 5.56
loss, 5.56
loss, 5.56
loss, 5.56
loss, 5.56
loss, 5.56
loss, 5.56
loss, 5.56
loss, 5.55
loss, 5.55
loss, 5.55
loss, 5.55
loss, 5.55
loss, 5.55
loss, 5.55
loss, 5.55
loss, 5.55
loss, 5.55
loss, 5.55
loss, 5.55
loss, 5.55
loss, 5.55
loss, 5.55
loss, 5.55
loss, 5.55
loss, 5.55
loss, 5.55
loss, 5.55
loss, 5.55
loss, 5.55
loss, 5.55
loss, 5.55
loss, 5.55
loss, 5.55
loss, 5.55
loss, 5.55
loss, 5.55
loss, 5.55
loss, 5.55
loss, 5.55
loss, 5.55
loss, 5.55
loss, 5.54
loss, 5.54
loss, 5.54
loss, 5.54
loss, 5.54
loss, 5.54
loss, 5.54
loss, 5.54
loss, 5.54
loss, 5.54
loss, 5.54
loss, 5.54
loss, 5.54
loss, 5.54
loss, 5.54
loss, 5.54
loss, 5.54
loss, 5.54
loss, 5.54
loss, 5.54
loss, 5.54
loss, 5.54
loss, 5.54
loss, 5.54
loss, 5.54
loss, 5.54
loss, 5.54
loss, 5.54
loss, 5.54
loss, 5.54
loss, 5.54
loss, 5.54
loss, 5.54
loss, 5.54
loss, 5.54
loss, 5.54
loss, 5.54
loss, 5.54
loss, 5.54
loss, 5.54
loss, 5.54
loss, 5.53
loss, 5.53
loss, 5.53
loss, 5.53
loss, 5.53
loss, 5.53
loss, 5.53
loss, 5.53
loss, 5.53
loss, 5.53
loss, 5.53
loss, 5.53
loss, 5.53
loss, 5.53
loss, 5.53
loss, 5.53
loss, 5.53
loss, 5.53
loss, 5.53
loss, 5.53
loss, 5.53
loss, 5.53
loss, 5.53
loss, 5.53
loss, 5.53
loss, 5.53
loss, 5.53
loss, 5.53
loss, 5.53
loss, 5.53
loss, 5.53
loss, 5.53
loss, 5.53
loss, 5.53
loss, 5.52
loss, 5.52
loss, 5.52
loss, 5.52
loss, 5.52
loss, 5.52
loss, 5.52
loss, 5.52
loss, 5.52
loss, 5.52
loss, 5.52
loss, 5.52
loss, 5.52
loss, 5.52
loss, 5.52
loss, 5.52
loss, 5.52
loss, 5.52
loss, 5.52
loss, 5.52
loss, 5.52
loss, 5.52
loss, 5.52
loss, 5.52
loss, 5.52
loss, 5.52
loss, 5.52
loss, 5.52
loss, 5.52
loss, 5.52
loss, 5.52
loss, 5.52
loss, 5.52
loss, 5.52
loss, 5.52
loss, 5.51
loss, 5.51
loss, 5.51
loss, 5.51
loss, 5.51
loss, 5.51
loss, 5.51
loss, 5.51
loss, 5.51
loss, 5.51
loss, 5.51
loss, 5.51
loss, 5.51
loss, 5.51
loss, 5.51
loss, 5.51
loss, 5.51
loss, 5.51
loss, 5.51
loss, 5.51
loss, 5.51
loss, 5.51
loss, 5.51
loss, 5.51
loss, 5.51
loss, 5.51
loss, 5.51
loss, 5.51
loss, 5.51
loss, 5.51
loss, 5.51
loss, 5.50
loss, 5.50
loss, 5.50
loss, 5.50
loss, 5.50
loss, 5.50
loss, 5.50
loss, 5.50
loss, 5.50
loss, 5.50
loss, 5.50
loss, 5.50
loss, 5.50
loss, 5.50
loss, 5.50
loss, 5.50
loss, 5.50
loss, 5.50
loss, 5.50
loss, 5.50
loss, 5.50
loss, 5.50
loss, 5.50
loss, 5.50
loss, 5.50
loss, 5.50
loss, 5.50
loss, 5.50
loss, 5.50
loss, 5.50
loss, 5.50
loss, 5.50
loss, 5.50
loss, 5.49
loss, 5.49
loss, 5.49
loss, 5.49
loss, 5.49
loss, 5.49
loss, 5.49
loss, 5.49
loss, 5.49
loss, 5.49
loss, 5.49
loss, 5.49
loss, 5.49
loss, 5.49
loss, 5.49
loss, 5.49
loss, 5.49
loss, 5.49
loss, 5.49
loss, 5.49
loss, 5.49
loss, 5.49
loss, 5.49
loss, 5.49
loss, 5.49
loss, 5.49
loss, 5.49
loss, 5.49
loss, 5.49
loss, 5.49
loss, 5.49
loss, 5.49
loss, 5.49
loss, 5.48
loss, 5.48
loss, 5.48
loss, 5.48
loss, 5.48
loss, 5.48
loss, 5.48
loss, 5.48
loss, 5.48
loss, 5.48
loss, 5.48
loss, 5.48
loss, 5.48
loss, 5.48
loss, 5.48
loss, 5.48
loss, 5.48
loss, 5.48
loss, 5.48
loss, 5.48
loss, 5.48
loss, 5.48
loss, 5.48
loss, 5.48
loss, 5.48
loss, 5.48
loss, 5.48
loss, 5.48
loss, 5.48
loss, 5.48
loss, 5.48
loss, 5.47
loss, 5.47
loss, 5.47
loss, 5.47
loss, 5.47
loss, 5.47
loss, 5.47
loss, 5.47
loss, 5.47
loss, 5.47
loss, 5.47
loss, 5.47
loss, 5.47
loss, 5.47
loss, 5.47
loss, 5.47
loss, 5.47
loss, 5.47
loss, 5.47
loss, 5.47
loss, 5.47
loss, 5.47
loss, 5.47
loss, 5.47
loss, 5.47
loss, 5.47
loss, 5.47
loss, 5.47
loss, 5.47
loss, 5.47
loss, 5.47
loss, 5.47
loss, 5.47
loss, 5.47
loss, 5.47
loss, 5.47
loss, 5.47
loss, 5.47
loss, 5.47
loss, 5.46
loss, 5.46
loss, 5.46
loss, 5.46
loss, 5.46
loss, 5.46
loss, 5.46
loss, 5.46
loss, 5.46
loss, 5.46
loss, 5.46
loss, 5.46
loss, 5.46
loss, 5.46
loss, 5.46
loss, 5.46
loss, 5.46
loss, 5.46
loss, 5.46
loss, 5.46
loss, 5.46
loss, 5.46
loss, 5.46
loss, 5.46
loss, 5.46
loss, 5.46
loss, 5.46
loss, 5.46
loss, 5.46
loss, 5.46
loss, 5.46
loss, 5.46
loss, 5.46
loss, 5.46
loss, 5.46
loss, 5.46
loss, 5.46
loss, 5.46
loss, 5.46
loss, 5.46
loss, 5.46
loss, 5.45
loss, 5.45
loss, 5.45
loss, 5.45
loss, 5.45
loss, 5.45
loss, 5.45
loss, 5.45
loss, 5.45
loss, 5.45
loss, 5.45
loss, 5.45
loss, 5.45
loss, 5.45
loss, 5.45
loss, 5.45
loss, 5.45
loss, 5.45
loss, 5.45
loss, 5.45
loss, 5.45
loss, 5.45
loss, 5.45
loss, 5.45
loss, 5.45
loss, 5.45
loss, 5.45
loss, 5.45
loss, 5.45
loss, 5.45
loss, 5.45
loss, 5.45
loss, 5.45
loss, 5.45
loss, 5.45
loss, 5.45
loss, 5.45
loss, 5.44
loss, 5.44
loss, 5.44
loss, 5.44
loss, 5.44
loss, 5.44
loss, 5.44
loss, 5.44
loss, 5.44
loss, 5.44
loss, 5.44
loss, 5.44
loss, 5.44
loss, 5.44
loss, 5.44
loss, 5.44
loss, 5.44
loss, 5.44
loss, 5.44
loss, 5.44
loss, 5.44
loss, 5.44
loss, 5.44
loss, 5.44
loss, 5.44
loss, 5.44
loss, 5.44
loss, 5.44
loss, 5.44
loss, 5.44
loss, 5.44
loss, 5.44
loss, 5.44
loss, 5.44
loss, 5.44
loss, 5.43
loss, 5.43
loss, 5.43
loss, 5.43
loss, 5.43
loss, 5.43
loss, 5.43
loss, 5.43
loss, 5.43
loss, 5.43
loss, 5.43
loss, 5.43
loss, 5.43
loss, 5.43
loss, 5.43
loss, 5.43
loss, 5.43
loss, 5.43
loss, 5.43
loss, 5.43
loss, 5.43
loss, 5.43
loss, 5.43
loss, 5.43
loss, 5.43
loss, 5.43
loss, 5.43
loss, 5.43
loss, 5.43
loss, 5.43
loss, 5.43
loss, 5.43
loss, 5.43
loss, 5.43
loss, 5.43
loss, 5.43
loss, 5.43
loss, 5.43
loss, 5.43
loss, 5.43
loss, 5.43
loss, 5.43
loss, 5.42
loss, 5.42
loss, 5.42
loss, 5.42
loss, 5.42
loss, 5.42
loss, 5.42
loss, 5.42
loss, 5.42
loss, 5.42
loss, 5.42
loss, 5.42
loss, 5.42
loss, 5.42
loss, 5.42
loss, 5.42
loss, 5.42
loss, 5.42
loss, 5.42
loss, 5.42
loss, 5.42
loss, 5.42
loss, 5.42
loss, 5.42
loss, 5.42
loss, 5.42
loss, 5.42
loss, 5.42
loss, 5.42
loss, 5.42
loss, 5.42
loss, 5.42
loss, 5.42
loss, 5.42
loss, 5.42
loss, 5.42
loss, 5.42
loss, 5.42
loss, 5.42
loss, 5.42
loss, 5.42
loss, 5.42
loss, 5.42
loss, 5.41
loss, 5.41
loss, 5.41
loss, 5.41
loss, 5.41
loss, 5.41
loss, 5.41
loss, 5.41
loss, 5.41
loss, 5.41
loss, 5.41
loss, 5.41
loss, 5.41
loss, 5.41
loss, 5.41
loss, 5.41
loss, 5.41
loss, 5.41
loss, 5.41
loss, 5.41
loss, 5.41
loss, 5.41
loss, 5.41
loss, 5.41
loss, 5.41
loss, 5.41
loss, 5.41
loss, 5.41
loss, 5.41
loss, 5.41
loss, 5.41
loss, 5.41
loss, 5.41
loss, 5.40
loss, 5.41
loss, 5.40
loss, 5.40
loss, 5.40
loss, 5.40
loss, 5.40
loss, 5.40
loss, 5.40
loss, 5.40
loss, 5.40
loss, 5.40
loss, 5.40
loss, 5.40
loss, 5.40
loss, 5.40
loss, 5.40
loss, 5.40
loss, 5.40
loss, 5.40
loss, 5.40
loss, 5.40
loss, 5.40
loss, 5.40
loss, 5.40
loss, 5.40
loss, 5.40
loss, 5.40
loss, 5.40
loss, 5.40
loss, 5.40
loss, 5.40
loss, 5.40
loss, 5.40
loss, 5.40
loss, 5.40
loss, 5.40
loss, 5.40
loss, 5.40
loss, 5.40
loss, 5.40
loss, 5.40
loss, 5.40
loss, 5.40
loss, 5.40
loss, 5.40
loss, 5.39
loss, 5.39
loss, 5.39
loss, 5.39
loss, 5.39
loss, 5.39
loss, 5.39
loss, 5.39
loss, 5.39
loss, 5.39
loss, 5.39
loss, 5.39
loss, 5.39
loss, 5.39
loss, 5.39
loss, 5.39
loss, 5.39
loss, 5.39
loss, 5.39
loss, 5.39
loss, 5.39
loss, 5.39
loss, 5.39
loss, 5.39
loss, 5.39
loss, 5.39
loss, 5.39
loss, 5.39
loss, 5.39
loss, 5.39
loss, 5.38
loss, 5.38
loss, 5.38
loss, 5.38
loss, 5.38
loss, 5.38
loss, 5.38
loss, 5.38
loss, 5.38
loss, 5.38
loss, 5.38
loss, 5.38
loss, 5.38
loss, 5.38
loss, 5.38
loss, 5.38
loss, 5.38
loss, 5.38
loss, 5.38
loss, 5.38
loss, 5.38
loss, 5.38
loss, 5.38
loss, 5.38
loss, 5.38
loss, 5.38
loss, 5.38
loss, 5.38
loss, 5.38
loss, 5.38
loss, 5.38
loss, 5.38
loss, 5.38
loss, 5.38
loss, 5.38
loss, 5.38
loss, 5.38
loss, 5.38
loss, 5.38
loss, 5.38
loss, 5.37
loss, 5.37
loss, 5.37
loss, 5.37
loss, 5.37
loss, 5.37
loss, 5.37
loss, 5.37
loss, 5.37
loss, 5.37
loss, 5.37
loss, 5.37
loss, 5.37
loss, 5.37
loss, 5.37
loss, 5.37
loss, 5.37
loss, 5.37
loss, 5.37
loss, 5.37
loss, 5.37
loss, 5.37
loss, 5.37
loss, 5.37
loss, 5.37
loss, 5.37
loss, 5.37
loss, 5.37
loss, 5.37
loss, 5.37
loss, 5.37
loss, 5.37
loss, 5.37
loss, 5.37
loss, 5.37
loss, 5.37
loss, 5.37
loss, 5.36
loss, 5.36
loss, 5.36
loss, 5.36
loss, 5.36
loss, 5.36
loss, 5.36
loss, 5.36
loss, 5.36
loss, 5.36
loss, 5.36
loss, 5.36
loss, 5.36
loss, 5.36
loss, 5.36
loss, 5.36
loss, 5.36
loss, 5.36
loss, 5.36
loss, 5.36
loss, 5.36
loss, 5.36
loss, 5.36
loss, 5.36
loss, 5.36
loss, 5.36
loss, 5.36
loss, 5.36
loss, 5.36
loss, 5.36
loss, 5.36
loss, 5.36
loss, 5.36
loss, 5.36
loss, 5.36
loss, 5.36
loss, 5.36
loss, 5.35
loss, 5.35
loss, 5.35
loss, 5.35
loss, 5.35
loss, 5.35
loss, 5.35
loss, 5.35
loss, 5.35
loss, 5.35
loss, 5.35
loss, 5.35
loss, 5.35
loss, 5.35
loss, 5.35
loss, 5.35
loss, 5.35
loss, 5.35
loss, 5.35
loss, 5.35
loss, 5.35
loss, 5.35
loss, 5.35
loss, 5.35
loss, 5.35
loss, 5.35
loss, 5.35
loss, 5.35
loss, 5.35
loss, 5.35
loss, 5.35
loss, 5.35
loss, 5.35
loss, 5.35
loss, 5.34
loss, 5.34
loss, 5.34
loss, 5.34
loss, 5.34
loss, 5.34
loss, 5.34
loss, 5.34
loss, 5.34
loss, 5.34
loss, 5.34
loss, 5.34
loss, 5.34
loss, 5.34
loss, 5.34
loss, 5.34
loss, 5.34
loss, 5.34
loss, 5.34
loss, 5.34
loss, 5.34
loss, 5.34
loss, 5.34
loss, 5.34
loss, 5.34
loss, 5.34
loss, 5.34
loss, 5.34
loss, 5.34
loss, 5.34
loss, 5.34
loss, 5.34
loss, 5.34
loss, 5.34
loss, 5.34
loss, 5.34
loss, 5.34
loss, 5.33
loss, 5.33
loss, 5.33
loss, 5.33
loss, 5.33
loss, 5.33
loss, 5.33
loss, 5.33
loss, 5.33
loss, 5.33
loss, 5.33
loss, 5.33
loss, 5.33
loss, 5.33
loss, 5.33
loss, 5.33
loss, 5.33
loss, 5.33
loss, 5.33
loss, 5.33
loss, 5.33
loss, 5.33
loss, 5.33
loss, 5.33
loss, 5.33
loss, 5.33
loss, 5.33
loss, 5.33
loss, 5.33
loss, 5.33
loss, 5.33
loss, 5.33
loss, 5.33
loss, 5.33
loss, 5.33
loss, 5.33
loss, 5.33
loss, 5.33
loss, 5.33
loss, 5.33
loss, 5.33
loss, 5.33
loss, 5.33
loss, 5.33
loss, 5.33
loss, 5.33
loss, 5.32
loss, 5.32
loss, 5.32
loss, 5.32
loss, 5.32
loss, 5.32
loss, 5.32
loss, 5.32
loss, 5.32
loss, 5.32
loss, 5.32
loss, 5.32
loss, 5.32
loss, 5.32
loss, 5.32
loss, 5.32
loss, 5.32
loss, 5.32
loss, 5.32
loss, 5.32
loss, 5.32
loss, 5.32
loss, 5.32
loss, 5.32
loss, 5.32
loss, 5.32
loss, 5.32
loss, 5.32
loss, 5.32
loss, 5.32
loss, 5.32
loss, 5.32
loss, 5.32
loss, 5.32
loss, 5.32
loss, 5.32
loss, 5.32
loss, 5.32
loss, 5.32
loss, 5.32
loss, 5.32
loss, 5.32
loss, 5.31
loss, 5.31
loss, 5.31
loss, 5.31
loss, 5.31
loss, 5.31
loss, 5.31
loss, 5.31
loss, 5.31
loss, 5.31
loss, 5.31
loss, 5.31
loss, 5.31
loss, 5.31
loss, 5.31
loss, 5.31
loss, 5.31
loss, 5.31
loss, 5.31
loss, 5.31
loss, 5.31
loss, 5.31
loss, 5.31
loss, 5.31
loss, 5.31
loss, 5.31
loss, 5.31
loss, 5.31
loss, 5.31
loss, 5.31
loss, 5.31
loss, 5.31
loss, 5.31
loss, 5.31
loss, 5.30
loss, 5.30
loss, 5.30
loss, 5.30
loss, 5.30
loss, 5.30
loss, 5.30
loss, 5.30
loss, 5.30
loss, 5.30
loss, 5.30
loss, 5.30
loss, 5.30
loss, 5.30
loss, 5.30
loss, 5.30
loss, 5.30
loss, 5.30
loss, 5.30
loss, 5.30
loss, 5.30
loss, 5.30
loss, 5.30
loss, 5.30
loss, 5.30
loss, 5.30
loss, 5.30
loss, 5.30
loss, 5.30
loss, 5.30
loss, 5.30
loss, 5.30
loss, 5.30
loss, 5.30
loss, 5.30
loss, 5.30
loss, 5.30
loss, 5.30
loss, 5.30
loss, 5.30
loss, 5.30
loss, 5.30
loss, 5.30
loss, 5.30
loss, 5.29
loss, 5.29
loss, 5.29
loss, 5.29
loss, 5.29
loss, 5.29
loss, 5.29
loss, 5.29
loss, 5.29
loss, 5.29
loss, 5.29
loss, 5.29
loss, 5.29
loss, 5.29
loss, 5.29
loss, 5.29
loss, 5.29
loss, 5.29
loss, 5.29
loss, 5.29
loss, 5.29
loss, 5.29
loss, 5.29
loss, 5.29
loss, 5.29
loss, 5.29
loss, 5.29
loss, 5.29
loss, 5.29
loss, 5.29
loss, 5.29
loss, 5.29
loss, 5.29
loss, 5.29
loss, 5.29
loss, 5.29
loss, 5.29
loss, 5.29
loss, 5.29
loss, 5.29
loss, 5.29
loss, 5.29
loss, 5.28
loss, 5.28
loss, 5.28
loss, 5.28
loss, 5.28
loss, 5.28
loss, 5.28
loss, 5.28
loss, 5.28
loss, 5.28
loss, 5.28
loss, 5.28
loss, 5.28
loss, 5.28
loss, 5.28
loss, 5.28
loss, 5.28
loss, 5.28
loss, 5.28
loss, 5.28
loss, 5.28
loss, 5.28
loss, 5.28
loss, 5.28
loss, 5.28
loss, 5.28
loss, 5.28
loss, 5.28
loss, 5.28
loss, 5.28
loss, 5.28
loss, 5.28
loss, 5.28
loss, 5.28
loss, 5.28
loss, 5.28
loss, 5.28
loss, 5.28
loss, 5.28
loss, 5.27
loss, 5.27
loss, 5.27
loss, 5.27
loss, 5.27
loss, 5.27
loss, 5.27
loss, 5.27
loss, 5.27
loss, 5.27
loss, 5.27
loss, 5.27
loss, 5.27
loss, 5.27
loss, 5.27
loss, 5.27
loss, 5.27
loss, 5.27
loss, 5.27
loss, 5.27
loss, 5.27
loss, 5.27
loss, 5.27
loss, 5.27
loss, 5.27
loss, 5.27
loss, 5.27
loss, 5.27
loss, 5.27
loss, 5.27
loss, 5.27
loss, 5.27
loss, 5.27
loss, 5.27
loss, 5.27
loss, 5.27
loss, 5.27
loss, 5.27
loss, 5.27
loss, 5.27
loss, 5.27
loss, 5.27
loss, 5.26
loss, 5.26
loss, 5.26
loss, 5.26
loss, 5.26
loss, 5.26
loss, 5.26
loss, 5.26
loss, 5.26
loss, 5.26
loss, 5.26
loss, 5.26
loss, 5.26
loss, 5.26
loss, 5.26
loss, 5.26
loss, 5.26
loss, 5.26
loss, 5.26
loss, 5.26
loss, 5.26
loss, 5.26
loss, 5.26
loss, 5.26
loss, 5.26
loss, 5.26
loss, 5.26
loss, 5.26
loss, 5.26
loss, 5.26
loss, 5.26
loss, 5.26
loss, 5.26
loss, 5.26
loss, 5.26
loss, 5.26
loss, 5.26
loss, 5.26
loss, 5.26
loss, 5.26
loss, 5.25
loss, 5.25
loss, 5.25
loss, 5.25
loss, 5.25
loss, 5.25
loss, 5.25
loss, 5.25
loss, 5.25
loss, 5.25
loss, 5.25
loss, 5.25
loss, 5.25
loss, 5.25
loss, 5.25
loss, 5.25
loss, 5.25
loss, 5.25
loss, 5.25
loss, 5.25
loss, 5.25
loss, 5.25
loss, 5.25
loss, 5.25
loss, 5.25
loss, 5.25
loss, 5.25
loss, 5.25
loss, 5.25
loss, 5.25
loss, 5.25
loss, 5.25
loss, 5.25
loss, 5.25
loss, 5.25
loss, 5.25
loss, 5.25
loss, 5.25
loss, 5.25
loss, 5.25
loss, 5.25
loss, 5.25
loss, 5.25
loss, 5.25
loss, 5.24
loss, 5.24
loss, 5.24
loss, 5.24
loss, 5.24
loss, 5.24
loss, 5.24
loss, 5.24
loss, 5.24
loss, 5.24
loss, 5.24
loss, 5.24
loss, 5.24
loss, 5.24
loss, 5.24
loss, 5.24
loss, 5.24
loss, 5.24
loss, 5.24
loss, 5.24
loss, 5.24
loss, 5.24
loss, 5.24
loss, 5.24
loss, 5.24
loss, 5.24
loss, 5.24
loss, 5.24
loss, 5.24
loss, 5.24
loss, 5.24
loss, 5.24
loss, 5.24
loss, 5.24
loss, 5.24
loss, 5.24
loss, 5.24
loss, 5.24
loss, 5.24
loss, 5.24
loss, 5.24
loss, 5.24
loss, 5.24
loss, 5.24
loss, 5.23
loss, 5.23
loss, 5.23
loss, 5.23
loss, 5.23
loss, 5.23
loss, 5.23
loss, 5.23
loss, 5.23
loss, 5.23
loss, 5.23
loss, 5.23
loss, 5.23
loss, 5.23
loss, 5.23
loss, 5.23
loss, 5.23
loss, 5.23
loss, 5.23
loss, 5.23
loss, 5.23
loss, 5.23
loss, 5.23
loss, 5.23
loss, 5.23
loss, 5.23
loss, 5.23
loss, 5.23
loss, 5.23
loss, 5.23
loss, 5.23
loss, 5.23
loss, 5.23
loss, 5.23
loss, 5.23
loss, 5.23
loss, 5.23
loss, 5.23
loss, 5.22
loss, 5.22
loss, 5.22
loss, 5.22
loss, 5.22
loss, 5.22
loss, 5.22
loss, 5.22
loss, 5.22
loss, 5.22
loss, 5.22
loss, 5.22
loss, 5.22
loss, 5.22
loss, 5.22
loss, 5.22
loss, 5.22
loss, 5.22
loss, 5.22
loss, 5.22
loss, 5.22
loss, 5.22
loss, 5.22
loss, 5.22
loss, 5.22
loss, 5.22
loss, 5.22
loss, 5.22
loss, 5.22
loss, 5.22
loss, 5.22
loss, 5.22
loss, 5.22
loss, 5.22
loss, 5.22
loss, 5.22
loss, 5.22
loss, 5.22
loss, 5.22
loss, 5.22
loss, 5.22
loss, 5.22
loss, 5.22
loss, 5.22
loss, 5.21
loss, 5.21
loss, 5.21
loss, 5.21
loss, 5.21
loss, 5.21
loss, 5.21
loss, 5.21
loss, 5.21
loss, 5.21
loss, 5.21
loss, 5.21
loss, 5.21
loss, 5.21
loss, 5.21
loss, 5.21
loss, 5.21
loss, 5.21
loss, 5.21
loss, 5.21
loss, 5.21
loss, 5.21
loss, 5.21
loss, 5.21
loss, 5.21
loss, 5.21
loss, 5.21
loss, 5.21
loss, 5.21
loss, 5.21
loss, 5.21
loss, 5.21
loss, 5.21
loss, 5.21
loss, 5.21
loss, 5.21
loss, 5.21
loss, 5.21
loss, 5.21
loss, 5.20
loss, 5.20
loss, 5.20
loss, 5.20
loss, 5.20
loss, 5.20
loss, 5.20
loss, 5.20
loss, 5.20
loss, 5.20
loss, 5.20
loss, 5.20
loss, 5.20
loss, 5.20
loss, 5.20
loss, 5.20
loss, 5.20
loss, 5.20
loss, 5.20
loss, 5.20
loss, 5.20
loss, 5.20
loss, 5.20
loss, 5.20
loss, 5.20
loss, 5.20
loss, 5.20
loss, 5.20
loss, 5.20
loss, 5.20
loss, 5.20
loss, 5.20
loss, 5.20
loss, 5.20
loss, 5.20
loss, 5.20
loss, 5.20
loss, 5.20
loss, 5.20
loss, 5.20
loss, 5.20
loss, 5.20
loss, 5.19
loss, 5.19
loss, 5.19
loss, 5.19
loss, 5.19
loss, 5.19
loss, 5.19
loss, 5.19
loss, 5.19
loss, 5.19
loss, 5.19
loss, 5.19
loss, 5.19
loss, 5.19
loss, 5.19
loss, 5.19
loss, 5.19
loss, 5.19
loss, 5.19
loss, 5.19
loss, 5.19
loss, 5.19
loss, 5.19
loss, 5.19
loss, 5.19
loss, 5.19
loss, 5.19
loss, 5.19
loss, 5.19
loss, 5.19
loss, 5.19
loss, 5.19
loss, 5.19
loss, 5.19
loss, 5.19
loss, 5.19
loss, 5.19
loss, 5.19
loss, 5.19
loss, 5.19
loss, 5.19
loss, 5.19
loss, 5.18
loss, 5.18
loss, 5.18
loss, 5.18
loss, 5.18
loss, 5.18
loss, 5.18
loss, 5.18
loss, 5.18
loss, 5.18
loss, 5.18
loss, 5.18
loss, 5.18
loss, 5.18
loss, 5.18
loss, 5.18
loss, 5.18
loss, 5.18
loss, 5.18
loss, 5.18
loss, 5.18
loss, 5.18
loss, 5.18
loss, 5.18
loss, 5.18
loss, 5.18
loss, 5.18
loss, 5.18
loss, 5.18
loss, 5.18
loss, 5.18
loss, 5.18
loss, 5.18
loss, 5.18
loss, 5.18
loss, 5.18
loss, 5.18
loss, 5.18
loss, 5.18
loss, 5.18
loss, 5.18
loss, 5.18
loss, 5.18
loss, 5.18
loss, 5.18
loss, 5.18
loss, 5.18
loss, 5.18
loss, 5.18
loss, 5.18
loss, 5.18
loss, 5.17
loss, 5.17
loss, 5.17
loss, 5.17
loss, 5.17
loss, 5.17
loss, 5.17
loss, 5.17
loss, 5.17
loss, 5.17
loss, 5.17
loss, 5.17
loss, 5.17
loss, 5.17
loss, 5.17
loss, 5.17
loss, 5.17
loss, 5.17
loss, 5.17
loss, 5.17
loss, 5.17
loss, 5.17
loss, 5.17
loss, 5.17
loss, 5.17
loss, 5.17
loss, 5.17
loss, 5.17
loss, 5.17
loss, 5.17
loss, 5.17
loss, 5.17
loss, 5.17
loss, 5.17
loss, 5.17
loss, 5.17
loss, 5.17
loss, 5.17
loss, 5.17
loss, 5.17
loss, 5.17
loss, 5.17
loss, 5.16
loss, 5.16
loss, 5.16
loss, 5.16
loss, 5.16
loss, 5.16
loss, 5.16
loss, 5.16
loss, 5.16
loss, 5.16
loss, 5.16
loss, 5.16
loss, 5.16
loss, 5.16
loss, 5.16
loss, 5.16
loss, 5.16
loss, 5.16
loss, 5.16
loss, 5.16
loss, 5.16
loss, 5.16
loss, 5.16
loss, 5.16
loss, 5.16
loss, 5.16
loss, 5.16
loss, 5.16
loss, 5.16
loss, 5.16
loss, 5.16
loss, 5.16
loss, 5.16
loss, 5.16
loss, 5.16
loss, 5.16
loss, 5.16
loss, 5.16
loss, 5.16
loss, 5.16
loss, 5.16
loss, 5.16
loss, 5.16
loss, 5.16
loss, 5.16
loss, 5.16
loss, 5.16
loss, 5.16
loss, 5.15
loss, 5.15
loss, 5.15
loss, 5.15
loss, 5.15
loss, 5.15
loss, 5.15
loss, 5.15
loss, 5.15
loss, 5.15
loss, 5.15
loss, 5.15
loss, 5.15
loss, 5.15
loss, 5.15
loss, 5.15
loss, 5.15
loss, 5.15
loss, 5.15
loss, 5.15
loss, 5.15
loss, 5.15
loss, 5.15
loss, 5.15
loss, 5.15
loss, 5.15
loss, 5.15
loss, 5.15
loss, 5.15
loss, 5.15
loss, 5.15
loss, 5.15
loss, 5.15
loss, 5.15
loss, 5.15
loss, 5.15
loss, 5.15
loss, 5.15
loss, 5.15
loss, 5.15
loss, 5.15
loss, 5.15
loss, 5.15
loss, 5.15
loss, 5.15
loss, 5.15
loss, 5.15
loss, 5.15
loss, 5.15
loss, 5.15
loss, 5.15
loss, 5.15
loss, 5.15
loss, 5.15
loss, 5.15
loss, 5.15
loss, 5.15
loss, 5.14
loss, 5.14
loss, 5.14
loss, 5.14
loss, 5.14
loss, 5.14
loss, 5.14
loss, 5.14
loss, 5.14
loss, 5.14
loss, 5.14
loss, 5.14
loss, 5.14
loss, 5.14
loss, 5.14
loss, 5.14
loss, 5.14
loss, 5.14
loss, 5.14
loss, 5.14
loss, 5.14
loss, 5.14
loss, 5.14
loss, 5.14
loss, 5.14
loss, 5.14
loss, 5.14
loss, 5.14
loss, 5.14
loss, 5.14
loss, 5.14
loss, 5.14
loss, 5.14
loss, 5.14
loss, 5.14
loss, 5.14
loss, 5.14
loss, 5.14
loss, 5.14
loss, 5.14
loss, 5.14
loss, 5.14
loss, 5.14
loss, 5.14
loss, 5.14
loss, 5.14
loss, 5.14
loss, 5.14
loss, 5.14
loss, 5.14
loss, 5.14
loss, 5.14
loss, 5.13
loss, 5.13
loss, 5.13
loss, 5.13
loss, 5.13
loss, 5.13
loss, 5.13
loss, 5.13
loss, 5.13
loss, 5.13
loss, 5.13
loss, 5.13
loss, 5.13
loss, 5.13
loss, 5.13
loss, 5.13
loss, 5.13
loss, 5.13
loss, 5.13
loss, 5.13
loss, 5.13
loss, 5.13
loss, 5.13
loss, 5.13
loss, 5.13
loss, 5.13
loss, 5.13
loss, 5.13
loss, 5.13
loss, 5.13
loss, 5.13
loss, 5.13
loss, 5.13
loss, 5.13
loss, 5.13
loss, 5.13
loss, 5.13
loss, 5.13
loss, 5.13
loss, 5.13
loss, 5.13
loss, 5.13
loss, 5.13
loss, 5.13
loss, 5.13
loss, 5.13
loss, 5.13
loss, 5.13
loss, 5.13
loss, 5.13
loss, 5.13
loss, 5.13
loss, 5.13
loss, 5.13
loss, 5.13
loss, 5.13
loss, 5.13
loss, 5.13
loss, 5.13
loss, 5.13
loss, 5.12
loss, 5.12
loss, 5.12
loss, 5.12
loss, 5.12
loss, 5.12
loss, 5.12
loss, 5.12
loss, 5.12
loss, 5.12
loss, 5.12
loss, 5.12
loss, 5.12
loss, 5.12
loss, 5.12
loss, 5.12
loss, 5.12
loss, 5.12
loss, 5.12
loss, 5.12
loss, 5.12
loss, 5.12
loss, 5.12
loss, 5.12
loss, 5.12
loss, 5.12
loss, 5.12
loss, 5.12
loss, 5.12
loss, 5.12
loss, 5.12
loss, 5.12
loss, 5.12
loss, 5.12
loss, 5.12
loss, 5.12
loss, 5.12
loss, 5.12
loss, 5.12
loss, 5.12
loss, 5.12
loss, 5.12
loss, 5.11
loss, 5.11
loss, 5.11
loss, 5.11
loss, 5.11
loss, 5.11
loss, 5.11
loss, 5.11
loss, 5.11
loss, 5.11
loss, 5.11
loss, 5.11
loss, 5.11
loss, 5.11
loss, 5.11
loss, 5.11
loss, 5.11
loss, 5.11
loss, 5.11
loss, 5.11
loss, 5.11
loss, 5.11
loss, 5.11
loss, 5.11
loss, 5.11
loss, 5.11
loss, 5.11
loss, 5.11
loss, 5.11
loss, 5.11
loss, 5.11
loss, 5.11
loss, 5.11
loss, 5.11
loss, 5.11
loss, 5.11
loss, 5.11
loss, 5.11
loss, 5.11
loss, 5.11
loss, 5.11
loss, 5.11
loss, 5.11
loss, 5.11
loss, 5.11
loss, 5.11
loss, 5.11
loss, 5.11
loss, 5.10
loss, 5.10
loss, 5.10
loss, 5.10
loss, 5.10
loss, 5.10
loss, 5.10
loss, 5.10
loss, 5.10
loss, 5.10
loss, 5.10
loss, 5.10
loss, 5.10
loss, 5.10
loss, 5.10
loss, 5.10
loss, 5.10
loss, 5.10
loss, 5.10
loss, 5.10
loss, 5.10
loss, 5.10
loss, 5.10
loss, 5.10
loss, 5.10
loss, 5.10
loss, 5.10
loss, 5.10
loss, 5.10
loss, 5.10
loss, 5.10
loss, 5.10
loss, 5.10
loss, 5.10
loss, 5.10
loss, 5.10
loss, 5.10
loss, 5.10
loss, 5.10
loss, 5.10
loss, 5.10
loss, 5.10
loss, 5.10
loss, 5.10
loss, 5.10
loss, 5.10
loss, 5.10
loss, 5.10
loss, 5.10
loss, 5.10
loss, 5.10
loss, 5.10
loss, 5.10
loss, 5.09
loss, 5.09
loss, 5.09
loss, 5.09
loss, 5.09
loss, 5.09
loss, 5.09
loss, 5.09
loss, 5.09
loss, 5.09
loss, 5.09
loss, 5.09
loss, 5.09
loss, 5.09
loss, 5.09
loss, 5.09
loss, 5.09
loss, 5.09
loss, 5.09
loss, 5.09
loss, 5.09
loss, 5.09
loss, 5.09
loss, 5.09
loss, 5.09
loss, 5.09
loss, 5.09
loss, 5.09
loss, 5.09
loss, 5.09
loss, 5.09
loss, 5.09
loss, 5.09
loss, 5.09
loss, 5.09
loss, 5.09
loss, 5.09
loss, 5.09
loss, 5.09
loss, 5.09
loss, 5.09
loss, 5.09
loss, 5.09
loss, 5.09
loss, 5.09
loss, 5.09
loss, 5.09
loss, 5.09
loss, 5.09
loss, 5.09
loss, 5.09
loss, 5.09
loss, 5.09
loss, 5.09
loss, 5.08
loss, 5.08
loss, 5.08
loss, 5.08
loss, 5.08
loss, 5.08
loss, 5.08
loss, 5.08
loss, 5.08
loss, 5.08
loss, 5.08
loss, 5.08
loss, 5.08
loss, 5.08
loss, 5.08
loss, 5.08
loss, 5.08
loss, 5.08
loss, 5.08
loss, 5.08
loss, 5.08
loss, 5.08
loss, 5.08
loss, 5.08
loss, 5.08
loss, 5.08
loss, 5.08
loss, 5.08
loss, 5.08
loss, 5.08
loss, 5.08
loss, 5.08
loss, 5.08
loss, 5.08
loss, 5.08
loss, 5.08
loss, 5.08
loss, 5.08
loss, 5.08
loss, 5.08
loss, 5.08
loss, 5.08
loss, 5.08
loss, 5.08
loss, 5.08
loss, 5.08
loss, 5.08
loss, 5.08
loss, 5.08
loss, 5.08
loss, 5.08
loss, 5.08
loss, 5.08
loss, 5.08
loss, 5.08
loss, 5.08
loss, 5.08
loss, 5.08
loss, 5.07
loss, 5.07
loss, 5.07
loss, 5.07
loss, 5.07
loss, 5.07
loss, 5.07
loss, 5.07
loss, 5.07
loss, 5.07
loss, 5.07
loss, 5.07
loss, 5.07
loss, 5.07
loss, 5.07
loss, 5.07
loss, 5.07
loss, 5.07
loss, 5.07
loss, 5.07
loss, 5.07
loss, 5.07
loss, 5.07
loss, 5.07
loss, 5.07
loss, 5.07
loss, 5.07
loss, 5.07
loss, 5.07
loss, 5.07
loss, 5.07
loss, 5.07
loss, 5.07
loss, 5.07
loss, 5.07
loss, 5.07
loss, 5.07
loss, 5.07
loss, 5.07
loss, 5.07
loss, 5.07
loss, 5.07
loss, 5.07
loss, 5.07
loss, 5.07
loss, 5.07
loss, 5.07
loss, 5.07
loss, 5.07
loss, 5.07
loss, 5.07
loss, 5.07
loss, 5.06
loss, 5.06
loss, 5.06
loss, 5.06
loss, 5.06
loss, 5.06
loss, 5.06
loss, 5.06
loss, 5.06
loss, 5.06
loss, 5.06
loss, 5.06
loss, 5.06
loss, 5.06
loss, 5.06
loss, 5.06
loss, 5.06
loss, 5.06
loss, 5.06
loss, 5.06
loss, 5.06
loss, 5.06
loss, 5.06
loss, 5.06
loss, 5.06
loss, 5.06
loss, 5.06
loss, 5.06
loss, 5.06
loss, 5.06
loss, 5.06
loss, 5.06
loss, 5.06
loss, 5.06
loss, 5.06
loss, 5.06
loss, 5.06
loss, 5.06
loss, 5.06
loss, 5.06
loss, 5.06
loss, 5.06
loss, 5.06
loss, 5.06
loss, 5.06
loss, 5.06
loss, 5.06
loss, 5.06
loss, 5.06
loss, 5.06
loss, 5.06
loss, 5.06
loss, 5.06
loss, 5.06
loss, 5.06
loss, 5.05
loss, 5.05
loss, 5.05
loss, 5.05
loss, 5.05
loss, 5.05
loss, 5.05
loss, 5.05
loss, 5.05
loss, 5.05
loss, 5.05
loss, 5.05
loss, 5.05
loss, 5.05
loss, 5.05
loss, 5.05
loss, 5.05
loss, 5.05
loss, 5.05
loss, 5.05
loss, 5.05
loss, 5.05
loss, 5.05
loss, 5.05
loss, 5.05
loss, 5.05
loss, 5.05
loss, 5.05
loss, 5.05
loss, 5.05
loss, 5.05
loss, 5.05
loss, 5.05
loss, 5.05
loss, 5.05
loss, 5.05
loss, 5.05
loss, 5.05
loss, 5.05
loss, 5.05
loss, 5.04
loss, 5.04
loss, 5.04
loss, 5.04
loss, 5.04
loss, 5.04
loss, 5.04
loss, 5.04
loss, 5.04
loss, 5.04
loss, 5.04
loss, 5.04
loss, 5.04
loss, 5.04
loss, 5.04
loss, 5.04
loss, 5.04
loss, 5.04
loss, 5.04
loss, 5.04
loss, 5.04
loss, 5.04
loss, 5.04
loss, 5.04
loss, 5.04
loss, 5.04
loss, 5.04
loss, 5.04
loss, 5.04
loss, 5.04
loss, 5.04
loss, 5.04
loss, 5.04
loss, 5.04
loss, 5.04
loss, 5.04
loss, 5.04
loss, 5.04
loss, 5.04
loss, 5.04
loss, 5.04
loss, 5.04
loss, 5.04
loss, 5.04
loss, 5.04
loss, 5.04
loss, 5.04
loss, 5.04
loss, 5.04
loss, 5.04
loss, 5.04
loss, 5.04
loss, 5.04
loss, 5.04
loss, 5.04
loss, 5.04
loss, 5.04
loss, 5.03
loss, 5.03
loss, 5.03
loss, 5.03
loss, 5.03
loss, 5.03
loss, 5.03
loss, 5.03
loss, 5.03
loss, 5.03
loss, 5.03
loss, 5.03
loss, 5.03
loss, 5.03
loss, 5.03
loss, 5.03
loss, 5.03
loss, 5.03
loss, 5.03
loss, 5.03
loss, 5.03
loss, 5.03
loss, 5.03
loss, 5.03
loss, 5.03
loss, 5.03
loss, 5.03
loss, 5.03
loss, 5.03
loss, 5.03
loss, 5.03
loss, 5.03
loss, 5.03
loss, 5.03
loss, 5.03
loss, 5.03
loss, 5.03
loss, 5.03
loss, 5.03
loss, 5.03
loss, 5.03
loss, 5.03
loss, 5.03
loss, 5.03
loss, 5.03
loss, 5.03
loss, 5.03
loss, 5.03
loss, 5.03
loss, 5.03
loss, 5.03
loss, 5.03
loss, 5.03
loss, 5.02
loss, 5.02
loss, 5.02
loss, 5.02
loss, 5.02
loss, 5.02
loss, 5.02
loss, 5.02
loss, 5.02
loss, 5.02
loss, 5.02
loss, 5.02
loss, 5.02
loss, 5.02
loss, 5.02
loss, 5.02
loss, 5.02
loss, 5.02
loss, 5.02
loss, 5.02
loss, 5.02
loss, 5.02
loss, 5.02
loss, 5.02
loss, 5.02
loss, 5.02
loss, 5.02
loss, 5.02
loss, 5.02
loss, 5.02
loss, 5.02
loss, 5.02
loss, 5.02
loss, 5.02
loss, 5.02
loss, 5.02
loss, 5.02
loss, 5.02
loss, 5.02
loss, 5.02
loss, 5.02
loss, 5.02
loss, 5.02
loss, 5.02
loss, 5.02
loss, 5.02
loss, 5.02
loss, 5.02
loss, 5.02
loss, 5.02
loss, 5.02
loss, 5.02
loss, 5.02
loss, 5.02
loss, 5.02
loss, 5.01
loss, 5.01
loss, 5.01
loss, 5.01
loss, 5.01
loss, 5.01
loss, 5.01
loss, 5.01
loss, 5.01
loss, 5.01
loss, 5.01
loss, 5.01
loss, 5.01
loss, 5.01
loss, 5.01
loss, 5.01
loss, 5.01
loss, 5.01
loss, 5.01
loss, 5.01
loss, 5.01
loss, 5.01
loss, 5.01
loss, 5.01
loss, 5.01
loss, 5.01
loss, 5.01
loss, 5.01
loss, 5.01
loss, 5.01
loss, 5.01
loss, 5.01
loss, 5.01
loss, 5.01
loss, 5.01
loss, 5.01
loss, 5.01
loss, 5.01
loss, 5.01
loss, 5.01
loss, 5.01
loss, 5.01
loss, 5.01
loss, 5.01
loss, 5.01
loss, 5.01
loss, 5.01
loss, 5.01
loss, 5.01
loss, 5.01
loss, 5.01
loss, 5.01
loss, 5.01
loss, 5.01
loss, 5.01
loss, 5.01
loss, 5.01
loss, 5.01
loss, 5.00
loss, 5.00
loss, 5.00
loss, 5.00
loss, 5.00
loss, 5.00
loss, 5.00
loss, 5.00
loss, 5.00
loss, 5.00
loss, 5.00
loss, 5.00
loss, 5.00
loss, 5.00
loss, 5.00
loss, 5.00
loss, 5.00
loss, 5.00
loss, 5.00
loss, 5.00
loss, 5.00
loss, 5.00
loss, 5.00
loss, 5.00
loss, 5.00
loss, 5.00
loss, 5.00
loss, 5.00
loss, 5.00
loss, 5.00
loss, 5.00
loss, 5.00
loss, 5.00
loss, 5.00
loss, 5.00
loss, 5.00
loss, 5.00
loss, 5.00
loss, 5.00
loss, 5.00
loss, 5.00
loss, 5.00
loss, 5.00
loss, 5.00
loss, 5.00
loss, 5.00
loss, 5.00
loss, 5.00
loss, 5.00
loss, 5.00
loss, 4.99
loss, 4.99
loss, 4.99
loss, 4.99
loss, 4.99
loss, 4.99
loss, 4.99
loss, 4.99
loss, 4.99
loss, 4.99
loss, 4.99
loss, 4.99
loss, 4.99
loss, 4.99
loss, 4.99
loss, 4.99
loss, 4.99
loss, 4.99
loss, 4.99
loss, 4.99
loss, 4.99
loss, 4.99
loss, 4.99
loss, 4.99
loss, 4.99
loss, 4.99
loss, 4.99
loss, 4.99
loss, 4.99
loss, 4.99
loss, 4.99
loss, 4.99
loss, 4.99
loss, 4.99
loss, 4.99
loss, 4.99
loss, 4.99
loss, 4.99
loss, 4.99
loss, 4.99
loss, 4.99
loss, 4.99
loss, 4.99
loss, 4.99
loss, 4.99
loss, 4.99
loss, 4.99
loss, 4.99
loss, 4.99
loss, 4.99
loss, 4.99
loss, 4.99
loss, 4.99
loss, 4.99
loss, 4.99
loss, 4.99
loss, 4.99
loss, 4.99
loss, 4.99
loss, 4.99
loss, 4.99
loss, 4.99
loss, 4.99
loss, 4.99
loss, 4.98
loss, 4.98
loss, 4.98
loss, 4.98
loss, 4.98
loss, 4.98
loss, 4.98
loss, 4.98
loss, 4.98
loss, 4.98
loss, 4.98
loss, 4.98
loss, 4.98
loss, 4.98
loss, 4.98
loss, 4.98
loss, 4.98
loss, 4.98
loss, 4.98
loss, 4.98
loss, 4.98
loss, 4.98
loss, 4.98
loss, 4.98
loss, 4.98
loss, 4.98
loss, 4.98
loss, 4.98
loss, 4.98
loss, 4.98
loss, 4.98
loss, 4.98
loss, 4.98
loss, 4.98
loss, 4.98
loss, 4.98
loss, 4.98
loss, 4.98
loss, 4.98
loss, 4.98
loss, 4.98
loss, 4.98
loss, 4.98
loss, 4.98
loss, 4.98
loss, 4.98
loss, 4.98
loss, 4.98
loss, 4.98
loss, 4.98
loss, 4.98
loss, 4.98
loss, 4.98
loss, 4.98
loss, 4.98
loss, 4.98
loss, 4.98
loss, 4.98
loss, 4.98
loss, 4.98
loss, 4.98
loss, 4.98
loss, 4.98
loss, 4.97
loss, 4.97
loss, 4.97
loss, 4.97
loss, 4.97
loss, 4.97
loss, 4.97
loss, 4.97
loss, 4.97
loss, 4.97
loss, 4.97
loss, 4.97
loss, 4.97
loss, 4.97
loss, 4.97
loss, 4.97
loss, 4.97
loss, 4.97
loss, 4.97
loss, 4.97
loss, 4.97
loss, 4.97
loss, 4.97
loss, 4.97
loss, 4.97
loss, 4.97
loss, 4.97
loss, 4.97
loss, 4.97
loss, 4.97
loss, 4.97
loss, 4.97
loss, 4.97
loss, 4.97
loss, 4.97
loss, 4.97
loss, 4.97
loss, 4.97
loss, 4.97
loss, 4.97
loss, 4.97
loss, 4.97
loss, 4.97
loss, 4.97
loss, 4.97
loss, 4.97
loss, 4.97
loss, 4.97
loss, 4.97
loss, 4.97
loss, 4.97
loss, 4.97
loss, 4.97
loss, 4.97
loss, 4.97
loss, 4.97
loss, 4.97
loss, 4.96
loss, 4.96
loss, 4.96
loss, 4.96
loss, 4.96
loss, 4.96
loss, 4.96
loss, 4.96
loss, 4.96
loss, 4.96
loss, 4.96
loss, 4.96
loss, 4.96
loss, 4.96
loss, 4.96
loss, 4.96
loss, 4.96
loss, 4.96
loss, 4.96
loss, 4.96
loss, 4.96
loss, 4.96
loss, 4.96
loss, 4.96
loss, 4.96
loss, 4.96
loss, 4.96
loss, 4.96
loss, 4.96
loss, 4.96
loss, 4.96
loss, 4.96
loss, 4.96
loss, 4.96
loss, 4.96
loss, 4.96
loss, 4.96
loss, 4.96
loss, 4.96
loss, 4.96
loss, 4.96
loss, 4.96
loss, 4.96
loss, 4.96
loss, 4.96
loss, 4.96
loss, 4.96
loss, 4.96
loss, 4.96
loss, 4.96
loss, 4.96
loss, 4.96
loss, 4.96
loss, 4.96
loss, 4.96
loss, 4.96
loss, 4.96
loss, 4.96
loss, 4.96
loss, 4.96
loss, 4.96
loss, 4.96
loss, 4.95
loss, 4.95
loss, 4.95
loss, 4.95
loss, 4.95
loss, 4.95
loss, 4.95
loss, 4.95
loss, 4.95
loss, 4.95
loss, 4.95
loss, 4.95
loss, 4.95
loss, 4.95
loss, 4.95
loss, 4.95
loss, 4.95
loss, 4.95
loss, 4.95
loss, 4.95
loss, 4.95
loss, 4.95
loss, 4.95
loss, 4.95
loss, 4.95
loss, 4.95
loss, 4.95
loss, 4.95
loss, 4.95
loss, 4.95
loss, 4.95
loss, 4.95
loss, 4.95
loss, 4.95
loss, 4.95
loss, 4.95
loss, 4.95
loss, 4.95
loss, 4.95
loss, 4.95
loss, 4.95
loss, 4.95
loss, 4.95
loss, 4.95
loss, 4.95
loss, 4.95
loss, 4.95
loss, 4.95
loss, 4.95
loss, 4.95
loss, 4.95
loss, 4.95
loss, 4.95
loss, 4.95
loss, 4.95
loss, 4.95
loss, 4.95
loss, 4.95
loss, 4.95
loss, 4.95
loss, 4.95
loss, 4.95
loss, 4.94
loss, 4.94
loss, 4.94
loss, 4.94
loss, 4.94
loss, 4.94
loss, 4.94
loss, 4.94
loss, 4.94
loss, 4.94
loss, 4.94
loss, 4.94
loss, 4.94
loss, 4.94
loss, 4.94
loss, 4.94
loss, 4.94
loss, 4.94
loss, 4.94
loss, 4.94
loss, 4.94
loss, 4.94
loss, 4.94
loss, 4.94
loss, 4.94
loss, 4.94
loss, 4.94
loss, 4.94
loss, 4.94
loss, 4.94
loss, 4.94
loss, 4.94
loss, 4.94
loss, 4.94
loss, 4.94
loss, 4.94
loss, 4.94
loss, 4.94
loss, 4.94
loss, 4.94
loss, 4.94
loss, 4.94
loss, 4.94
loss, 4.94
loss, 4.94
loss, 4.94
loss, 4.94
loss, 4.94
loss, 4.94
loss, 4.94
loss, 4.94
loss, 4.94
loss, 4.94
loss, 4.94
loss, 4.93
loss, 4.93
loss, 4.93
loss, 4.93
loss, 4.93
loss, 4.93
loss, 4.93
loss, 4.93
loss, 4.93
loss, 4.93
loss, 4.93
loss, 4.93
loss, 4.93
loss, 4.93
loss, 4.93
loss, 4.93
loss, 4.93
loss, 4.93
loss, 4.93
loss, 4.93
loss, 4.93
loss, 4.93
loss, 4.93
loss, 4.93
loss, 4.93
loss, 4.93
loss, 4.93
loss, 4.93
loss, 4.93
loss, 4.93
loss, 4.93
loss, 4.93
loss, 4.93
loss, 4.93
loss, 4.93
loss, 4.93
loss, 4.93
loss, 4.93
loss, 4.93
loss, 4.93
loss, 4.93
loss, 4.93
loss, 4.93
loss, 4.93
loss, 4.93
loss, 4.93
loss, 4.93
loss, 4.93
loss, 4.93
loss, 4.93
loss, 4.93
loss, 4.93
loss, 4.93
loss, 4.93
loss, 4.93
loss, 4.93
loss, 4.93
loss, 4.93
loss, 4.93
loss, 4.93
loss, 4.93
loss, 4.93
loss, 4.93
loss, 4.93
loss, 4.93
loss, 4.93
loss, 4.93
loss, 4.93
loss, 4.92
loss, 4.92
loss, 4.92
loss, 4.92
loss, 4.92
loss, 4.92
loss, 4.92
loss, 4.92
loss, 4.92
loss, 4.92
loss, 4.92
loss, 4.92
loss, 4.92
loss, 4.92
loss, 4.92
loss, 4.92
loss, 4.92
loss, 4.92
loss, 4.92
loss, 4.92
loss, 4.92
loss, 4.92
loss, 4.92
loss, 4.92
loss, 4.92
loss, 4.92
loss, 4.92
loss, 4.92
loss, 4.92
loss, 4.92
loss, 4.92
loss, 4.92
loss, 4.92
loss, 4.92
loss, 4.92
loss, 4.92
loss, 4.92
loss, 4.92
loss, 4.92
loss, 4.92
loss, 4.92
loss, 4.92
loss, 4.92
loss, 4.92
loss, 4.92
loss, 4.92
loss, 4.92
loss, 4.92
loss, 4.92
loss, 4.92
loss, 4.92
loss, 4.92
loss, 4.92
loss, 4.92
loss, 4.92
loss, 4.92
loss, 4.92
loss, 4.92
loss, 4.92
loss, 4.92
loss, 4.91
loss, 4.91
loss, 4.91
loss, 4.91
loss, 4.91
loss, 4.91
loss, 4.91
loss, 4.91
loss, 4.91
loss, 4.91
loss, 4.91
loss, 4.91
loss, 4.91
loss, 4.91
loss, 4.91
loss, 4.91
loss, 4.91
loss, 4.91
loss, 4.91
loss, 4.91
loss, 4.91
loss, 4.91
loss, 4.91
loss, 4.91
loss, 4.91
loss, 4.91
loss, 4.91
loss, 4.91
loss, 4.91
loss, 4.91
loss, 4.91
loss, 4.91
loss, 4.91
loss, 4.91
loss, 4.91
loss, 4.91
loss, 4.91
loss, 4.91
loss, 4.91
loss, 4.91
loss, 4.91
loss, 4.91
loss, 4.91
loss, 4.91
loss, 4.91
loss, 4.91
loss, 4.91
loss, 4.91
loss, 4.91
loss, 4.91
loss, 4.91
loss, 4.91
loss, 4.91
loss, 4.91
loss, 4.91
loss, 4.91
loss, 4.91
loss, 4.91
loss, 4.91
loss, 4.91
loss, 4.91
loss, 4.91
loss, 4.91
loss, 4.91
loss, 4.91
loss, 4.91
loss, 3.00
loss, 2.29
loss, 2.95
loss, 2.88